scope,course_code,title,cus,program_count,colleges,programs
AP,AFT2,Accreditation Audit,4,1,School of Business,"Master of Business Administration, Healthcare Administration"
AP,AIT2,Organic Chemistry,2,1,School of Education,Master of Arts Science Education (Secondary Chemistry)
AP,AMT2,Service Line Development,4,1,School of Business,"Master of Business Administration, Healthcare Administration"
AP,AOA2,Number Sense and Functions,4,1,School of Education,"Master of Arts, Mathematics Education (K-6)"
AP,ASA1,Assessment Theory and Practice,3,2,School of Education,"Master of Arts, English Language Learning; Endorsement Preparation Program, English Language Learning"
AP,AUA2,"Graphing, Proportional Reasoning and Equations/Inequalities",4,1,School of Education,"Master of Arts, Mathematics Education (K-6)"
AP,AVA2,Geometry and Statistics,4,1,School of Education,"Master of Arts, Mathematics Education (K-6)"
AP,BVT2,Physical Chemistry,2,1,School of Education,Master of Arts Science Education (Secondary Chemistry)
AP,BWT2,Inorganic Chemistry,2,1,School of Education,Master of Arts Science Education (Secondary Chemistry)
AP,BYT2,Physics: Mechanics,2,1,School of Education,Master of Arts Science Education (Secondary Physics)
AP,BZT2,Physics: Waves and Optics,2,1,School of Education,Master of Arts Science Education (Secondary Physics)
AP,C100,Introduction to Humanities,3,1,School of Business,"Bachelor of Science, Information Technology Management"
AP,C121,Survey of United States History,3,1,School of Business,"Bachelor of Science, Information Technology Management"
AP,C165,Integrated Physical Sciences,3,25,School of Business; Leavitt School of Health; School of Technology; School of Education,"Bachelor of Science, Accounting; Bachelor of Science, Human Resource Management; Bachelor of Science, Information Technology Management; Bachelor of Science, Business Management; Bachelor of Science, Marketing; Bachelor of Science, Communications; Bachelor of Science, Finance; Bachelor of Science, Healthcare Administration; Bachelor of Science, Project Management; Bachelor of Science, Supply Chain and Operations Management; Bachelor of Science, User Experience Design; Bachelor of Science, Nursing - Prelicensure (Pre-Nursing); Bachelor of Science, Health Science; Bachelor of Science, Cloud and Network Engineering; Bachelor of Science, Cloud and Network Engineering - Amazon Web Services; Bachelor of Science, Cloud and Network Engineering - Cisco; Bachelor of Science, Cloud and Network Engineering - Microsoft Azure; Bachelor of Arts, Elementary Education; Bachelor of Arts, Special Education and Elementary Education (Dual Licensure); Bachelor of Arts, Special Education, Mild to Moderate; Bachelor of Science, Mathematics Education (Secondary); Bachelor of Arts, Educational Studies in Elementary Education; Bachelor of Arts, Educational Studies in Special and Elementary Education; Bachelor of Arts, Educational Studies in Mild to Moderate Exceptionalities Special Education; Bachelor of Arts, Educational Studies in Secondary Mathematics Education"
AP,C168,Critical Thinking and Logic,3,1,School of Business,"Bachelor of Science, Information Technology Management"
AP,C172,Network and Security - Foundations,3,1,School of Business,"Bachelor of Science, Information Technology Management"
AP,C175,Data Management - Foundations,3,1,School of Business,"Bachelor of Science, Information Technology Management"
AP,C179,Business of IT - Applications,4,1,School of Business,"Bachelor of Science, Information Technology Management"
AP,C180,Introduction to Psychology,3,10,Leavitt School of Health,"Bachelor of Science, Nursing - Prelicensure (Pre-Nursing); Bachelor of Science, Nursing; Bachelor of Science, Health Information Management; Bachelor of Science, Health and Human Services; Bachelor of Science, Health Science; Bachelor of Science in Psychology; Bachelor of Science, Public Health; Master of Science, Nursing - Education (RN to MSN); Master of Science, Nursing - Leadership and Management (RN to MSN); Master of Science, Nursing - Nursing Informatics (RN to MSN)"
AP,C190,Introduction to Biology,3,10,Leavitt School of Health; School of Education,"Bachelor of Science, Health Information Management; Bachelor of Science, Health and Human Services; Bachelor of Science in Psychology; Bachelor of Science, Public Health; Bachelor of Arts, Elementary Education; Bachelor of Arts, Special Education and Elementary Education (Dual Licensure); Bachelor of Arts, Special Education, Mild to Moderate; Bachelor of Arts, Educational Studies in Elementary Education; Bachelor of Arts, Educational Studies in Special and Elementary Education; Bachelor of Arts, Educational Studies in Mild to Moderate Exceptionalities Special Education"
AP,C200,Managing Organizations and Leading People,3,7,School of Business,"Master of Business Administration; MBA, IT Management; Master of Business Administration, Healthcare Administration; Master of Science, Management and Leadership; Master of Science in Marketing, Digital Marketing Specialization; Master of Science in Marketing, Marketing Analytics Specialization; Master of Science, Human Resource Management"
AP,C201,Business Acumen,3,1,School of Business,"Master of Science, Management and Leadership"
AP,C202,Managing Human Capital,3,3,School of Business,"Master of Business Administration; MBA, IT Management; Master of Science, Management and Leadership"
AP,C203,Becoming an Effective Leader,3,1,School of Business,"Master of Science, Management and Leadership"
AP,C204,Management Communication,3,7,School of Business,"Master of Business Administration; Master of Science, Management and Leadership; Master of Science in Accounting, Auditing Specialization; Master of Science in Accounting, Financial Reporting Specialization; Master of Science in Accounting, Management Accounting Specialization; Master of Science in Accounting, Taxation Specialization; Master of Science, Human Resource Management"
AP,C205,Leading Teams,3,1,School of Business,"Master of Science, Management and Leadership"
AP,C206,Ethical Leadership,3,4,School of Business,"Master of Business Administration; MBA, IT Management; Master of Business Administration, Healthcare Administration; Master of Science, Management and Leadership"
AP,C207,Data-Driven Decision Making,3,4,School of Business,"Master of Business Administration; MBA, IT Management; Master of Business Administration, Healthcare Administration; Master of Science, Human Resource Management"
AP,C208,Change Management and Innovation,3,2,School of Business,"Master of Science, Management and Leadership; Master of Science, Human Resource Management"
AP,C209,Strategic Management,3,1,School of Business,"Master of Science, Management and Leadership"
AP,C210,Management and Leadership Capstone,4,1,School of Business,"Master of Science, Management and Leadership"
AP,C211,Global Economics for Managers,3,3,School of Business,"Master of Business Administration; MBA, IT Management; Master of Business Administration, Healthcare Administration"
AP,C212,Marketing,3,3,School of Business,"Master of Business Administration; MBA, IT Management; Master of Business Administration, Healthcare Administration"
AP,C213,Accounting for Decision Makers,3,3,School of Business,"Master of Business Administration; MBA, IT Management; Master of Business Administration, Healthcare Administration"
AP,C214,Financial Management,3,3,School of Business,"Master of Business Administration; MBA, IT Management; Master of Business Administration, Healthcare Administration"
AP,C215,Operations Management,3,2,School of Business,"Master of Business Administration; Master of Business Administration, Healthcare Administration"
AP,C216,MBA Capstone,4,1,School of Business,Master of Business Administration
AP,C218,"MBA, Information Technology Management Capstone",4,1,School of Business,"MBA, IT Management"
AP,C219,"MBA, Healthcare Management Capstone",4,1,School of Business,"Master of Business Administration, Healthcare Administration"
AP,C224,Research Foundations,2,3,School of Education,"Master of Arts, English Language Learning; Master of Arts, Mathematics Education (K-6); Master of Arts in Mathematics Education (Middle Grades)"
AP,C225,Research Questions and Literature Review,2,3,School of Education,"Master of Arts, English Language Learning; Master of Arts, Mathematics Education (K-6); Master of Arts in Mathematics Education (Middle Grades)"
AP,C226,Research Design and Analysis,2,1,School of Education,"Master of Arts, Mathematics Education (K-6)"
AP,C227,Research Proposals,2,1,School of Education,"Master of Arts, Mathematics Education (K-6)"
AP,C232,Introduction to Human Resource Management,3,1,School of Business,"Bachelor of Science, Information Technology Management"
AP,C233,Employment Law,3,1,School of Business,"Bachelor of Science, Information Technology Management"
AP,C234,Workforce Planning: Recruitment and Selection,3,1,School of Business,"Bachelor of Science, Information Technology Management"
AP,C236,Compensation and Benefits,3,1,School of Business,"Bachelor of Science, Information Technology Management"
AP,C237,Taxation I,3,1,School of Business,"Bachelor of Science, Accounting"
AP,C266,The Ocean Systems,3,1,School of Education,Master of Arts Science Education (Secondary Earth Science)
AP,C267,Climate Change,3,1,School of Education,Master of Arts Science Education (Secondary Chemistry)
AP,C273,Introduction to Sociology,3,19,School of Business; Leavitt School of Health,"Bachelor of Science, Accounting; Bachelor of Science, Human Resource Management; Bachelor of Science, Information Technology Management; Bachelor of Science, Business Management; Bachelor of Science, Marketing; Bachelor of Science, Communications; Bachelor of Science, Finance; Bachelor of Science, Healthcare Administration; Bachelor of Science, Project Management; Bachelor of Science, Supply Chain and Operations Management; Bachelor of Science, User Experience Design; Bachelor of Science, Nursing - Prelicensure (Pre-Nursing); Bachelor of Science, Nursing; Bachelor of Science, Health Science; Bachelor of Science in Psychology; Bachelor of Science, Public Health; Master of Science, Nursing - Education (RN to MSN); Master of Science, Nursing - Leadership and Management (RN to MSN); Master of Science, Nursing - Nursing Informatics (RN to MSN)"
AP,C278,College Algebra,4,6,School of Education,"Bachelor of Science, Mathematics Education (Secondary); Bachelor of Science, Science Education (Secondary Chemistry); Bachelor of Science, Science Education (Secondary Physics); Bachelor of Arts, Educational Studies in Secondary Mathematics Education; Bachelor of Arts, Educational Studies in Secondary Chemistry Science Education; Bachelor of Arts, Educational Studies in Secondary Physics Science Education"
AP,C360,Teacher Work Sample in English Language Learning,1,1,School of Education,"Master of Arts, English Language Learning"
AP,C363,Calculus I,2,1,School of Education,Master of Arts in Mathematics Education (Secondary)
AP,C389,"Science, Technology, and Society",2,5,School of Education,Master of Arts Science Education (Middle Grades); Master of Arts Science Education (Secondary Biological Science); Master of Arts Science Education (Secondary Chemistry); Master of Arts Science Education (Secondary Earth Science); Master of Arts Science Education (Secondary Physics)
AP,C455,English Composition I,3,1,School of Business,"Bachelor of Science, Information Technology Management"
AP,C456,English Composition II,3,1,School of Business,"Bachelor of Science, Information Technology Management"
AP,C458,"Health, Fitness and Wellness",4,28,School of Business; Leavitt School of Health; School of Technology,"Bachelor of Science, Accounting; Bachelor of Science, Human Resource Management; Bachelor of Science, Business Management; Bachelor of Science, Marketing; Bachelor of Science, Communications; Bachelor of Science, Finance; Bachelor of Science, Healthcare Administration; Bachelor of Science, Project Management; Bachelor of Science, Supply Chain and Operations Management; Bachelor of Science, User Experience Design; Bachelor of Science, Health and Human Services; Bachelor of Science, Health Science; Bachelor of Science in Psychology; Bachelor of Science, Public Health; Bachelor of Science, AI Engineering; Bachelor of Science, Cloud and Network Engineering; Bachelor of Science, Cloud and Network Engineering - Amazon Web Services; Bachelor of Science, Cloud and Network Engineering - Cisco; Bachelor of Science, Cloud and Network Engineering - Microsoft Azure; Bachelor of Science, Computer Science; Bachelor of Science, Computer Science (BSCS to MSCS); Bachelor of Science, Cybersecurity and Information Assurance; Bachelor of Science, Data Analytics; Bachelor of Science, Information Technology; Bachelor of Science, Information Technology (BSIT to MSIT); Bachelor of Science, Software Engineering [BSSWE]; Bachelor of Science, Software Engineering [BSSWE_C]; Bachelor of Science, Software Engineering (BSSWE to MSSWE)"
AP,C464,Introduction to Communication,3,1,School of Business,"Bachelor of Science, Information Technology Management"
AP,C483,Principles of Management,4,11,School of Business,"Bachelor of Science, Accounting; Bachelor of Science, Human Resource Management; Bachelor of Science, Information Technology Management; Bachelor of Science, Business Management; Bachelor of Science, Marketing; Bachelor of Science, Communications; Bachelor of Science, Finance; Bachelor of Science, Healthcare Administration; Bachelor of Science, Project Management; Bachelor of Science, Supply Chain and Operations Management; Bachelor of Science, User Experience Design"
AP,C494,Advanced Standing for RN License,50,4,Leavitt School of Health,"Bachelor of Science, Nursing; Master of Science, Nursing - Education (RN to MSN); Master of Science, Nursing - Leadership and Management (RN to MSN); Master of Science, Nursing - Nursing Informatics (RN to MSN)"
AP,C612,Mathematics: Content Knowledge,1,1,School of Education,Master of Arts in Mathematics Education (Secondary)
AP,C613,Middle School Mathematics: Content Knowledge,1,1,School of Education,Master of Arts in Mathematics Education (Middle Grades)
AP,C614,Biology: Content Knowledge,1,1,School of Education,Master of Arts Science Education (Secondary Biological Science)
AP,C615,Physics: Content Knowledge,1,1,School of Education,Master of Arts Science Education (Secondary Physics)
AP,C616,Middle School Science: Content Knowledge,1,1,School of Education,Master of Arts Science Education (Middle Grades)
AP,C617,Chemistry: Content Knowledge,1,1,School of Education,Master of Arts Science Education (Secondary Chemistry)
AP,C618,Earth Science: Content Knowledge,1,1,School of Education,Master of Arts Science Education (Secondary Earth Science)
AP,C625,Biochemistry,2,1,School of Education,Master of Arts Science Education (Secondary Chemistry)
AP,C635,"MA, Mathematics Education (K-6) Capstone",6,1,School of Education,"Master of Arts, Mathematics Education (K-6)"
AP,C647,Trigonometry and Precalculus,2,2,School of Education,Master of Arts in Mathematics Education (Middle Grades); Master of Arts in Mathematics Education (Secondary)
AP,C650,Geology I: Physical,3,1,School of Education,Master of Arts Science Education (Secondary Earth Science)
AP,C653,Heredity and Genetics,2,2,School of Education,Master of Arts Science Education (Middle Grades); Master of Arts Science Education (Secondary Biological Science)
AP,C655,Zoology,2,1,School of Education,Master of Arts Science Education (Secondary Biological Science)
AP,C657,Calculus III,2,1,School of Education,Master of Arts in Mathematics Education (Secondary)
AP,C659,Conceptual Physics,3,1,School of Education,Master of Arts Science Education (Secondary Physics)
AP,C670,Concepts in Science,1,5,School of Education,Master of Arts Science Education (Middle Grades); Master of Arts Science Education (Secondary Biological Science); Master of Arts Science Education (Secondary Chemistry); Master of Arts Science Education (Secondary Earth Science); Master of Arts Science Education (Secondary Physics)
AP,C672,General Chemistry I with Lab,3,1,School of Education,Master of Arts Science Education (Secondary Chemistry)
AP,C673,General Chemistry II with Lab,3,1,School of Education,Master of Arts Science Education (Secondary Chemistry)
AP,C683,Natural Science Lab,2,11,School of Technology; School of Education,"Bachelor of Science, Computer Science; Bachelor of Science, Computer Science (BSCS to MSCS); Bachelor of Science, Cybersecurity and Information Assurance; Bachelor of Science, Data Analytics; Bachelor of Science, Information Technology; Bachelor of Science, Information Technology (BSIT to MSIT); Bachelor of Science, Software Engineering [BSSWE]; Bachelor of Science, Software Engineering [BSSWE_C]; Bachelor of Science, Software Engineering (BSSWE to MSSWE); Bachelor of Arts, Elementary Education; Bachelor of Arts, Educational Studies in Elementary Education"
AP,C715,Organizational Behavior,3,11,School of Business,"Bachelor of Science, Accounting; Bachelor of Science, Human Resource Management; Bachelor of Science, Information Technology Management; Bachelor of Science, Business Management; Bachelor of Science, Marketing; Bachelor of Science, Communications; Bachelor of Science, Finance; Bachelor of Science, Healthcare Administration; Bachelor of Science, Project Management; Bachelor of Science, Supply Chain and Operations Management; Bachelor of Science, User Experience Design"
AP,C716,Business Communication,3,5,School of Business,"Bachelor of Science, Accounting; Bachelor of Science, Human Resource Management; Bachelor of Science, Business Management; Bachelor of Science, Marketing; Bachelor of Science, Healthcare Administration"
AP,C717,Business Ethics,3,5,School of Business,"Bachelor of Science, Accounting; Bachelor of Science, Human Resource Management; Bachelor of Science, Business Management; Bachelor of Science, Finance; Bachelor of Science, Supply Chain and Operations Management"
AP,C720,Operations and Supply Chain Management,3,4,School of Business,"Bachelor of Science, Accounting; Bachelor of Science, Information Technology Management; Bachelor of Science, Finance; Bachelor of Science, Healthcare Administration"
AP,C721,Change Management,3,10,School of Business; School of Technology,"Bachelor of Science, Accounting; Bachelor of Science, Human Resource Management; Bachelor of Science, Information Technology Management; Bachelor of Science, Business Management; Bachelor of Science, Communications; Bachelor of Science, Healthcare Administration; Bachelor of Science, Project Management; Bachelor of Science, Supply Chain and Operations Management; Bachelor of Science, User Experience Design; Bachelor of Science, Data Analytics"
AP,C722,Project Management,3,10,School of Business,"Bachelor of Science, Accounting; Bachelor of Science, Human Resource Management; Bachelor of Science, Information Technology Management; Bachelor of Science, Business Management; Bachelor of Science, Marketing; Bachelor of Science, Communications; Bachelor of Science, Finance; Bachelor of Science, Healthcare Administration; Bachelor of Science, Supply Chain and Operations Management; Bachelor of Science, User Experience Design"
AP,C723,Quantitative Analysis For Business,3,7,School of Business,"Bachelor of Science, Accounting; Bachelor of Science, Human Resource Management; Bachelor of Science, Information Technology Management; Bachelor of Science, Business Management; Bachelor of Science, Marketing; Bachelor of Science, Finance; Bachelor of Science, Project Management"
AP,C724,Information Systems Management,3,1,School of Business,"Bachelor of Science, Information Technology Management"
AP,C737,Evolution,3,1,School of Education,Master of Arts Science Education (Secondary Biological Science)
AP,C739,"Space, Time and Motion",3,1,School of Education,Master of Arts Science Education (Secondary Physics)
AP,C783,Project Management,4,1,School of Technology,"Master of Science, Data Analytics - Decision Process Engineering"
AP,C784,Applied Healthcare Statistics,4,10,School of Business; Leavitt School of Health,"Bachelor of Science, Healthcare Administration; Bachelor of Science, Nursing - Prelicensure (Pre-Nursing); Bachelor of Science, Nursing; Bachelor of Science, Health Information Management; Bachelor of Science, Health and Human Services; Bachelor of Science, Health Science; Bachelor of Science, Public Health; Master of Science, Nursing - Education (RN to MSN); Master of Science, Nursing - Leadership and Management (RN to MSN); Master of Science, Nursing - Nursing Informatics (RN to MSN)"
AP,C790,Foundations in Nursing Informatics,2,2,Leavitt School of Health,"Master of Science, Nursing - Nursing Informatics (BSN to MSN); Master of Science, Nursing - Nursing Informatics (RN to MSN)"
AP,C792,Data Modeling and Database Management Systems,2,2,Leavitt School of Health,"Master of Science, Nursing - Nursing Informatics (BSN to MSN); Master of Science, Nursing - Nursing Informatics (RN to MSN)"
AP,C797,Data Science and Analytics,2,2,Leavitt School of Health,"Master of Science, Nursing - Nursing Informatics (BSN to MSN); Master of Science, Nursing - Nursing Informatics (RN to MSN)"
AP,C798,Informatics System Analysis and Design,3,2,Leavitt School of Health,"Master of Science, Nursing - Nursing Informatics (BSN to MSN); Master of Science, Nursing - Nursing Informatics (RN to MSN)"
AP,C801,Health Information Law and Regulations,4,1,Leavitt School of Health,"Bachelor of Science, Health Information Management"
AP,C802,Foundations in Healthcare Information Management,4,1,Leavitt School of Health,"Bachelor of Science, Health Information Management"
AP,C803,Data Analytics and Information Governance,4,1,Leavitt School of Health,"Bachelor of Science, Health Information Management"
AP,C804,Medical Terminology,3,2,Leavitt School of Health,"Bachelor of Science, Health Information Management; Bachelor of Science, Health and Human Services"
AP,C805,Pathophysiology,3,1,Leavitt School of Health,"Bachelor of Science, Health Information Management"
AP,C807,Healthcare Compliance,3,1,Leavitt School of Health,"Bachelor of Science, Health Information Management"
AP,C808,Classification Systems,4,1,Leavitt School of Health,"Bachelor of Science, Health Information Management"
AP,C810,Foundations in Healthcare Data Management,4,1,Leavitt School of Health,"Bachelor of Science, Health Information Management"
AP,C811,Healthcare Financial Resource Management,4,1,Leavitt School of Health,"Bachelor of Science, Health Information Management"
AP,C812,Healthcare Reimbursement,4,1,Leavitt School of Health,"Bachelor of Science, Health Information Management"
AP,C813,Healthcare Statistics and Research,3,1,Leavitt School of Health,"Bachelor of Science, Health Information Management"
AP,C815,Quality and Performance Management and Methods,4,1,Leavitt School of Health,"Bachelor of Science, Health Information Management"
AP,C816,Healthcare System Applications,4,1,Leavitt School of Health,"Bachelor of Science, Health Information Management"
AP,C833,Chemistry with Lab,3,4,School of Education,Master of Arts Science Education (Middle Grades); Master of Arts Science Education (Secondary Biological Science); Master of Arts Science Education (Secondary Earth Science); Master of Arts Science Education (Secondary Physics)
AP,C845,Information Systems Security,4,1,School of Technology,"Bachelor of Science, Cybersecurity and Information Assurance"
AP,C854,Nursing Informatics Field Experience,4,2,Leavitt School of Health,"Master of Science, Nursing - Nursing Informatics (BSN to MSN); Master of Science, Nursing - Nursing Informatics (RN to MSN)"
AP,C855,Nursing Informatics Capstone,2,2,Leavitt School of Health,"Master of Science, Nursing - Nursing Informatics (BSN to MSN); Master of Science, Nursing - Nursing Informatics (RN to MSN)"
AP,C867,Scripting and Programming - Applications,4,2,School of Technology,"Bachelor of Science, Computer Science; Bachelor of Science, Computer Science (BSCS to MSCS)"
AP,C870,Human Anatomy and Physiology,3,1,School of Education,Master of Arts Science Education (Secondary Biological Science)
AP,C871,"MA, Science Education Teacher Performance Assessment",6,5,School of Education,Master of Arts Science Education (Middle Grades); Master of Arts Science Education (Secondary Biological Science); Master of Arts Science Education (Secondary Chemistry); Master of Arts Science Education (Secondary Earth Science); Master of Arts Science Education (Secondary Physics)
AP,C874,"MA, Mathematics Education (5-12) Teacher Performance",6,1,School of Education,Master of Arts in Mathematics Education (Secondary)
AP,C878,Mathematical Modeling and Applications,2,1,School of Education,Master of Arts in Mathematics Education (Secondary)
AP,C880,Algebra for Secondary Mathematics Teaching,2,2,School of Education,Master of Arts in Mathematics Education (Middle Grades); Master of Arts in Mathematics Education (Secondary)
AP,C882,Geometry for Secondary Mathematics Teaching,2,1,School of Education,Master of Arts in Mathematics Education (Secondary)
AP,C884,Statistics and Probability for Secondary Mathematics Teaching,2,1,School of Education,Master of Arts in Mathematics Education (Secondary)
AP,C886,Advanced Calculus,2,1,School of Education,Master of Arts in Mathematics Education (Secondary)
AP,C887,"MA, Mathematics Education (5-9) Teacher Performance",6,1,School of Education,Master of Arts in Mathematics Education (Middle Grades)
AP,C889,Molecular and Cellular Biology,3,1,School of Education,Master of Arts Science Education (Secondary Biological Science)
AP,C891,Ecology and Environmental Science,2,3,School of Education,Master of Arts Science Education (Middle Grades); Master of Arts Science Education (Secondary Biological Science); Master of Arts Science Education (Secondary Earth Science)
AP,C893,Geology II: Earth Systems,3,1,School of Education,Master of Arts Science Education (Secondary Earth Science)
AP,C895,Astronomy,2,2,School of Education,Master of Arts Science Education (Middle Grades); Master of Arts Science Education (Secondary Earth Science)
AP,C907,Introduction to Biology,2,2,School of Education,Master of Arts Science Education (Middle Grades); Master of Arts Science Education (Secondary Biological Science)
AP,C908,Integrated Physical Sciences,2,3,School of Education,Master of Arts Science Education (Middle Grades); Master of Arts Science Education (Secondary Chemistry); Master of Arts Science Education (Secondary Physics)
AP,C912,College Algebra,3,1,School of Education,Master of Arts in Mathematics Education (Middle Grades)
AP,C918,Evolving Roles of Nurse Educators in Diverse Environments,2,3,Leavitt School of Health,"Master of Science, Nursing - Education (BSN to MSN); Master of Science, Nursing - Education (RN to MSN); Post-Master's Certificate, Nursing - Nursing Education (Post-MSN)"
AP,C919,Facilitation of Context-Based Student-Centered Learning,2,3,Leavitt School of Health,"Master of Science, Nursing - Education (BSN to MSN); Master of Science, Nursing - Education (RN to MSN); Post-Master's Certificate, Nursing - Nursing Education (Post-MSN)"
AP,C920,Contemporary Curriculum Design and Development in Nursing,2,3,Leavitt School of Health,"Master of Science, Nursing - Education (BSN to MSN); Master of Science, Nursing - Education (RN to MSN); Post-Master's Certificate, Nursing - Nursing Education (Post-MSN)"
AP,C921,Assessment and Evaluation Strategies for Measuring Student,3,3,Leavitt School of Health,"Master of Science, Nursing - Education (BSN to MSN); Master of Science, Nursing - Education (RN to MSN); Post-Master's Certificate, Nursing - Nursing Education (Post-MSN)"
AP,C922,Emerging Trends and Challenges in 21st Century Nursing,2,3,Leavitt School of Health,"Master of Science, Nursing - Education (BSN to MSN); Master of Science, Nursing - Education (RN to MSN); Post-Master's Certificate, Nursing - Nursing Education (Post-MSN)"
AP,C926,Earth: Inside and Out,3,1,School of Education,Master of Arts Science Education (Middle Grades)
AP,C946,Nursing Education Field Experience,2,3,Leavitt School of Health,"Master of Science, Nursing - Education (BSN to MSN); Master of Science, Nursing - Education (RN to MSN); Post-Master's Certificate, Nursing - Nursing Education (Post-MSN)"
AP,C947,Nursing Education Capstone,2,3,Leavitt School of Health,"Master of Science, Nursing - Education (BSN to MSN); Master of Science, Nursing - Education (RN to MSN); Post-Master's Certificate, Nursing - Nursing Education (Post-MSN)"
AP,C949,Data Structures and Algorithms I,4,6,School of Technology,"Bachelor of Science, AI Engineering; Bachelor of Science, Computer Science; Bachelor of Science, Data Analytics; Bachelor of Science, Software Engineering [BSSWE]; Bachelor of Science, Software Engineering [BSSWE_C]; Bachelor of Science, Software Engineering (BSSWE to MSSWE)"
AP,C950,Data Structures and Algorithms II,4,3,School of Technology,"Bachelor of Science, AI Engineering; Bachelor of Science, Computer Science; Bachelor of Science, Computer Science (BSCS to MSCS)"
AP,C952,Computer Architecture,3,3,School of Technology,"Bachelor of Science, AI Engineering; Bachelor of Science, Computer Science; Bachelor of Science, Computer Science (BSCS to MSCS)"
AP,C955,Applied Probability and Statistics,3,25,School of Business; Leavitt School of Health; School of Technology,"Bachelor of Science, Accounting; Bachelor of Science, Human Resource Management; Bachelor of Science, Information Technology Management; Bachelor of Science, Business Management; Bachelor of Science, Marketing; Bachelor of Science, Communications; Bachelor of Science, Finance; Bachelor of Science, Project Management; Bachelor of Science, Supply Chain and Operations Management; Bachelor of Science, User Experience Design; Bachelor of Science in Psychology; Bachelor of Science, AI Engineering; Bachelor of Science, Cloud and Network Engineering; Bachelor of Science, Cloud and Network Engineering - Amazon Web Services; Bachelor of Science, Cloud and Network Engineering - Cisco; Bachelor of Science, Cloud and Network Engineering - Microsoft Azure; Bachelor of Science, Computer Science; Bachelor of Science, Computer Science (BSCS to MSCS); Bachelor of Science, Cybersecurity and Information Assurance; Bachelor of Science, Data Analytics; Bachelor of Science, Information Technology; Bachelor of Science, Information Technology (BSIT to MSIT); Bachelor of Science, Software Engineering [BSSWE]; Bachelor of Science, Software Engineering [BSSWE_C]; Bachelor of Science, Software Engineering (BSSWE to MSSWE)"
AP,C957,Applied Algebra,3,20,School of Business; Leavitt School of Health; School of Technology,"Bachelor of Science, Accounting; Bachelor of Science, Human Resource Management; Bachelor of Science, Information Technology Management; Bachelor of Science, Finance; Bachelor of Science, Healthcare Administration; Bachelor of Science, Supply Chain and Operations Management; Bachelor of Science, Nursing - Prelicensure (Pre-Nursing); Bachelor of Science, Health Information Management; Bachelor of Science, Health Science; Bachelor of Science, Cloud and Network Engineering; Bachelor of Science, Cloud and Network Engineering - Amazon Web Services; Bachelor of Science, Cloud and Network Engineering - Cisco; Bachelor of Science, Cloud and Network Engineering - Microsoft Azure; Bachelor of Science, Cybersecurity and Information Assurance; Bachelor of Science, Data Analytics; Bachelor of Science, Information Technology; Bachelor of Science, Information Technology (BSIT to MSIT); Bachelor of Science, Software Engineering [BSSWE]; Bachelor of Science, Software Engineering [BSSWE_C]; Bachelor of Science, Software Engineering (BSSWE to MSSWE)"
AP,C958,Calculus I,4,2,School of Technology,"Bachelor of Science, Computer Science; Bachelor of Science, Computer Science (BSCS to MSCS)"
AP,C959,Discrete Mathematics I,4,2,School of Technology,"Bachelor of Science, Computer Science; Bachelor of Science, Computer Science (BSCS to MSCS)"
AP,C960,Discrete Mathematics II,4,3,School of Technology,"Bachelor of Science, AI Engineering; Bachelor of Science, Computer Science; Bachelor of Science, Computer Science (BSCS to MSCS)"
AP,C963,American Politics and the US Constitution,3,28,School of Business; Leavitt School of Health; School of Technology; School of Education,"Bachelor of Science, Healthcare Administration; Bachelor of Science, Health Information Management; Bachelor of Science, AI Engineering; Bachelor of Science, Computer Science; Bachelor of Science, Computer Science (BSCS to MSCS); Bachelor of Science, Cybersecurity and Information Assurance; Bachelor of Science, Data Analytics; Bachelor of Science, Information Technology; Bachelor of Science, Information Technology (BSIT to MSIT); Bachelor of Science, Software Engineering [BSSWE]; Bachelor of Science, Software Engineering [BSSWE_C]; Bachelor of Science, Software Engineering (BSSWE to MSSWE); Bachelor of Arts, Elementary Education; Bachelor of Arts, Special Education and Elementary Education (Dual Licensure); Bachelor of Arts, Special Education, Mild to Moderate; Bachelor of Science, Mathematics Education (Secondary); Bachelor of Science, Science Education (Secondary Biological Science); Bachelor of Science, Science Education (Secondary Chemistry); Bachelor of Science, Science Education (Secondary Earth Science); Bachelor of Science, Science Education (Secondary Physics); Bachelor of Arts, Educational Studies in Elementary Education; Bachelor of Arts, Educational Studies in Special and Elementary Education; Bachelor of Arts, Educational Studies in Mild to Moderate Exceptionalities Special Education; Bachelor of Arts, Educational Studies in Secondary Mathematics Education; Bachelor of Arts, Educational Studies in Secondary Biological Science Education; Bachelor of Arts, Educational Studies in Secondary Chemistry Science Education; Bachelor of Arts, Educational Studies in Secondary Earth Science Education; Bachelor of Arts, Educational Studies in Secondary Physics Science Education"
AP,C966,Teaching in the Middle School,2,2,School of Education,Master of Arts in Mathematics Education (Middle Grades); Master of Arts Science Education (Middle Grades)
AP,C968,Software I – C#,6,1,School of Technology,"Bachelor of Science, Software Engineering [BSSWE_C]"
AP,C969,Software II – Advanced C#,6,1,School of Technology,"Bachelor of Science, Software Engineering [BSSWE_C]"
AP,C971,Mobile Application Development Using C#,3,1,School of Technology,"Bachelor of Science, Software Engineering [BSSWE_C]"
AP,C975,Science Methods—Middle Grades General Science,3,1,School of Education,Master of Arts Science Education (Middle Grades)
AP,C976,Science Methods—Secondary Biology,3,1,School of Education,Master of Arts Science Education (Secondary Biological Science)
AP,C977,Science Methods—Secondary Chemistry,3,1,School of Education,Master of Arts Science Education (Secondary Chemistry)
AP,C978,Science Methods—Secondary Earth Science,3,1,School of Education,Master of Arts Science Education (Secondary Earth Science)
AP,C979,Science Methods—Secondary Physics,3,1,School of Education,Master of Arts Science Education (Secondary Physics)
AP,C992,College Geometry,2,2,School of Education,Master of Arts in Mathematics Education (Middle Grades); Master of Arts in Mathematics Education (Secondary)
AP,CQC2,Calculus II,2,1,School of Education,Master of Arts in Mathematics Education (Secondary)
AP,CUA1,Culture,3,2,School of Education,"Master of Arts, English Language Learning; Endorsement Preparation Program, English Language Learning"
AP,D016,Leadership Foundations and Ethics,3,1,School of Education,"Master of Science, Educational Leadership"
AP,D017,School Law,3,1,School of Education,"Master of Science, Educational Leadership"
AP,D018,Leading Inclusive Schools,3,1,School of Education,"Master of Science, Educational Leadership"
AP,D019,Data Literacy and Evidence-Based Practices,3,1,School of Education,"Master of Science, Educational Leadership"
AP,D022,People and Talent in Educational Leadership,3,1,School of Education,"Master of Science, Educational Leadership"
AP,D023,School Financial Leadership,3,1,School of Education,"Master of Science, Educational Leadership"
AP,D024,Professional Presence and Influence,2,8,Leavitt School of Health,"Master of Science, Nursing - Family Nurse Practitioner (BSN to MSN); Master of Science, Nursing - Psychiatric Mental Health Nurse Practitioner; Master of Science, Nursing - Education (BSN to MSN); Master of Science, Nursing - Leadership and Management (BSN to MSN); Master of Science, Nursing - Nursing Informatics (BSN to MSN); Master of Science, Nursing - Education (RN to MSN); Master of Science, Nursing - Leadership and Management (RN to MSN); Master of Science, Nursing - Nursing Informatics (RN to MSN)"
AP,D025,Essentials of Advanced Nursing Roles and Interprofessional,2,8,Leavitt School of Health,"Master of Science, Nursing - Family Nurse Practitioner (BSN to MSN); Master of Science, Nursing - Psychiatric Mental Health Nurse Practitioner; Master of Science, Nursing - Education (BSN to MSN); Master of Science, Nursing - Leadership and Management (BSN to MSN); Master of Science, Nursing - Nursing Informatics (BSN to MSN); Master of Science, Nursing - Education (RN to MSN); Master of Science, Nursing - Leadership and Management (RN to MSN); Master of Science, Nursing - Nursing Informatics (RN to MSN)"
AP,D026,Quality Outcomes in a Culture of Value-Based Nursing Care,2,8,Leavitt School of Health,"Master of Science, Nursing - Family Nurse Practitioner (BSN to MSN); Master of Science, Nursing - Psychiatric Mental Health Nurse Practitioner; Master of Science, Nursing - Education (BSN to MSN); Master of Science, Nursing - Leadership and Management (BSN to MSN); Master of Science, Nursing - Nursing Informatics (BSN to MSN); Master of Science, Nursing - Education (RN to MSN); Master of Science, Nursing - Leadership and Management (RN to MSN); Master of Science, Nursing - Nursing Informatics (RN to MSN)"
AP,D027,Advanced Pathopharmacological Foundations,3,6,Leavitt School of Health,"Master of Science, Nursing - Education (BSN to MSN); Master of Science, Nursing - Leadership and Management (BSN to MSN); Master of Science, Nursing - Nursing Informatics (BSN to MSN); Master of Science, Nursing - Education (RN to MSN); Master of Science, Nursing - Leadership and Management (RN to MSN); Master of Science, Nursing - Nursing Informatics (RN to MSN)"
AP,D028,Advanced Health Assessment for Patients and Populations,3,6,Leavitt School of Health,"Master of Science, Nursing - Education (BSN to MSN); Master of Science, Nursing - Leadership and Management (BSN to MSN); Master of Science, Nursing - Nursing Informatics (BSN to MSN); Master of Science, Nursing - Education (RN to MSN); Master of Science, Nursing - Leadership and Management (RN to MSN); Master of Science, Nursing - Nursing Informatics (RN to MSN)"
AP,D029,Informatics for Transforming Nursing Care,3,8,Leavitt School of Health,"Master of Science, Nursing - Family Nurse Practitioner (BSN to MSN); Master of Science, Nursing - Psychiatric Mental Health Nurse Practitioner; Master of Science, Nursing - Education (BSN to MSN); Master of Science, Nursing - Leadership and Management (BSN to MSN); Master of Science, Nursing - Nursing Informatics (BSN to MSN); Master of Science, Nursing - Education (RN to MSN); Master of Science, Nursing - Leadership and Management (RN to MSN); Master of Science, Nursing - Nursing Informatics (RN to MSN)"
AP,D030,Leadership and Management in Complex Healthcare Systems,3,8,Leavitt School of Health,"Master of Science, Nursing - Family Nurse Practitioner (BSN to MSN); Master of Science, Nursing - Psychiatric Mental Health Nurse Practitioner; Master of Science, Nursing - Education (BSN to MSN); Master of Science, Nursing - Leadership and Management (BSN to MSN); Master of Science, Nursing - Nursing Informatics (BSN to MSN); Master of Science, Nursing - Education (RN to MSN); Master of Science, Nursing - Leadership and Management (RN to MSN); Master of Science, Nursing - Nursing Informatics (RN to MSN)"
AP,D031,Advancing Evidence-Based Innovation in Nursing Practice,3,8,Leavitt School of Health,"Master of Science, Nursing - Family Nurse Practitioner (BSN to MSN); Master of Science, Nursing - Psychiatric Mental Health Nurse Practitioner; Master of Science, Nursing - Education (BSN to MSN); Master of Science, Nursing - Leadership and Management (BSN to MSN); Master of Science, Nursing - Nursing Informatics (BSN to MSN); Master of Science, Nursing - Education (RN to MSN); Master of Science, Nursing - Leadership and Management (RN to MSN); Master of Science, Nursing - Nursing Informatics (RN to MSN)"
AP,D033,Healthcare Information Systems Management,3,1,Leavitt School of Health,"Bachelor of Science, Health Information Management"
AP,D034,Systems Management and School Operations,3,1,School of Education,"Master of Science, Educational Leadership"
AP,D035,Educational Inquiry,3,1,School of Education,"Master of Science, Educational Leadership"
AP,D036,Practicum in Educational Leadership - Focus on Professional,3,1,School of Education,"Master of Science, Educational Leadership"
AP,D037,Practicum in Educational Leadership - Focus on Instruction and,3,1,School of Education,"Master of Science, Educational Leadership"
AP,D038,Educational Leadership Capstone,3,1,School of Education,"Master of Science, Educational Leadership"
AP,D072,Fundamentals for Success in Business,3,4,School of Business,"Bachelor of Science, Accounting; Bachelor of Science, Human Resource Management; Bachelor of Science, Information Technology Management; Bachelor of Science, Healthcare Administration"
AP,D075,Information Technology Management Essentials,3,2,School of Business,"Bachelor of Science, Information Technology Management; Bachelor of Science, Finance"
AP,D076,Finance Skills for Managers,3,3,School of Business,"Bachelor of Science, Accounting; Bachelor of Science, Information Technology Management; Bachelor of Science, Finance"
AP,D077,"Concepts in Marketing, Sales, and Customer Contact",3,10,School of Business,"Bachelor of Science, Accounting; Bachelor of Science, Human Resource Management; Bachelor of Science, Information Technology Management; Bachelor of Science, Business Management; Bachelor of Science, Communications; Bachelor of Science, Finance; Bachelor of Science, Healthcare Administration; Bachelor of Science, Project Management; Bachelor of Science, Supply Chain and Operations Management; Bachelor of Science, User Experience Design"
AP,D078,Business Environment Applications I: Business Structures and,2,10,School of Business,"Bachelor of Science, Accounting; Bachelor of Science, Human Resource Management; Bachelor of Science, Information Technology Management; Bachelor of Science, Business Management; Bachelor of Science, Marketing; Bachelor of Science, Communications; Bachelor of Science, Finance; Bachelor of Science, Project Management; Bachelor of Science, Supply Chain and Operations Management; Bachelor of Science, User Experience Design"
AP,D079,"Business Environment Applications II: Process, Logistics, and",2,9,School of Business,"Bachelor of Science, Accounting; Bachelor of Science, Human Resource Management; Bachelor of Science, Information Technology Management; Bachelor of Science, Business Management; Bachelor of Science, Marketing; Bachelor of Science, Communications; Bachelor of Science, Finance; Bachelor of Science, Project Management; Bachelor of Science, User Experience Design"
AP,D080,Managing in a Global Business Environment,3,10,School of Business,"Bachelor of Science, Accounting; Bachelor of Science, Human Resource Management; Bachelor of Science, Information Technology Management; Bachelor of Science, Business Management; Bachelor of Science, Marketing; Bachelor of Science, Communications; Bachelor of Science, Finance; Bachelor of Science, Project Management; Bachelor of Science, Supply Chain and Operations Management; Bachelor of Science, User Experience Design"
AP,D081,Innovative and Strategic Thinking,3,9,School of Business,"Bachelor of Science, Accounting; Bachelor of Science, Human Resource Management; Bachelor of Science, Information Technology Management; Bachelor of Science, Business Management; Bachelor of Science, Marketing; Bachelor of Science, Communications; Bachelor of Science, Finance; Bachelor of Science, Healthcare Administration; Bachelor of Science, User Experience Design"
AP,D082,Emotional and Cultural Intelligence,3,11,School of Business,"Bachelor of Science, Accounting; Bachelor of Science, Human Resource Management; Bachelor of Science, Information Technology Management; Bachelor of Science, Business Management; Bachelor of Science, Marketing; Bachelor of Science, Communications; Bachelor of Science, Finance; Bachelor of Science, Healthcare Administration; Bachelor of Science, Project Management; Bachelor of Science, Supply Chain and Operations Management; Bachelor of Science, User Experience Design"
AP,D089,Principles of Economics,3,11,School of Business,"Bachelor of Science, Accounting; Bachelor of Science, Human Resource Management; Bachelor of Science, Information Technology Management; Bachelor of Science, Business Management; Bachelor of Science, Marketing; Bachelor of Science, Communications; Bachelor of Science, Finance; Bachelor of Science, Healthcare Administration; Bachelor of Science, Project Management; Bachelor of Science, Supply Chain and Operations Management; Bachelor of Science, User Experience Design"
AP,D098,Digital Marketing,3,1,School of Business,"Bachelor of Science, Marketing"
AP,D099,Sales Management,3,2,School of Business,"Bachelor of Science, Business Management; Bachelor of Science, Marketing"
AP,D100,Introduction to Spreadsheets,1,1,School of Business,"Bachelor of Science, Information Technology Management"
AP,D101,Cost and Managerial Accounting,3,1,School of Business,"Bachelor of Science, Accounting"
AP,D102,Financial Accounting,3,1,School of Business,"Bachelor of Science, Accounting"
AP,D103,Intermediate Accounting I,3,1,School of Business,"Bachelor of Science, Accounting"
AP,D104,Intermediate Accounting II,3,1,School of Business,"Bachelor of Science, Accounting"
AP,D105,Intermediate Accounting III,3,1,School of Business,"Bachelor of Science, Accounting"
AP,D115,Advanced Pathophysiology for the Advanced Practice Nurse,4,4,Leavitt School of Health,"Master of Science, Nursing - Family Nurse Practitioner (BSN to MSN); Master of Science, Nursing - Psychiatric Mental Health Nurse Practitioner; Post-Master's Certificate, Nursing - Family Nurse Practitioner (Post-MSN); Post-Master's Certificate, Nursing - Psychiatric Mental Health Nurse Practitioner (Post-MSN)"
AP,D116,Advanced Pharmacology for the Advanced Practice Nurse,4,4,Leavitt School of Health,"Master of Science, Nursing - Family Nurse Practitioner (BSN to MSN); Master of Science, Nursing - Psychiatric Mental Health Nurse Practitioner; Post-Master's Certificate, Nursing - Family Nurse Practitioner (Post-MSN); Post-Master's Certificate, Nursing - Psychiatric Mental Health Nurse Practitioner (Post-MSN)"
AP,D117,Advanced Health Assessment for the Advanced Practice Nurse,4,4,Leavitt School of Health,"Master of Science, Nursing - Family Nurse Practitioner (BSN to MSN); Master of Science, Nursing - Psychiatric Mental Health Nurse Practitioner; Post-Master's Certificate, Nursing - Family Nurse Practitioner (Post-MSN); Post-Master's Certificate, Nursing - Psychiatric Mental Health Nurse Practitioner (Post-MSN)"
AP,D118,Adult Primary Care for the Advanced Practice Nurse,3,2,Leavitt School of Health,"Master of Science, Nursing - Family Nurse Practitioner (BSN to MSN); Post-Master's Certificate, Nursing - Family Nurse Practitioner (Post-MSN)"
AP,D119,Pediatric Primary Care for the Advanced Practice Nurse,3,2,Leavitt School of Health,"Master of Science, Nursing - Family Nurse Practitioner (BSN to MSN); Post-Master's Certificate, Nursing - Family Nurse Practitioner (Post-MSN)"
AP,D120,Special Populations Primary Care for the Advanced Practice,3,2,Leavitt School of Health,"Master of Science, Nursing - Family Nurse Practitioner (BSN to MSN); Post-Master's Certificate, Nursing - Family Nurse Practitioner (Post-MSN)"
AP,D121,Health Promotion of Patients and Populations Across the,3,2,Leavitt School of Health,"Master of Science, Nursing - Family Nurse Practitioner (BSN to MSN); Post-Master's Certificate, Nursing - Family Nurse Practitioner (Post-MSN)"
AP,D122,Family Nurse Practitioner Clinical Internship I,3,2,Leavitt School of Health,"Master of Science, Nursing - Family Nurse Practitioner (BSN to MSN); Post-Master's Certificate, Nursing - Family Nurse Practitioner (Post-MSN)"
AP,D123,Family Nurse Practitioner Clinical Internship II,3,2,Leavitt School of Health,"Master of Science, Nursing - Family Nurse Practitioner (BSN to MSN); Post-Master's Certificate, Nursing - Family Nurse Practitioner (Post-MSN)"
AP,D124,Family Nurse Practitioner Clinical Internship III,3,2,Leavitt School of Health,"Master of Science, Nursing - Family Nurse Practitioner (BSN to MSN); Post-Master's Certificate, Nursing - Family Nurse Practitioner (Post-MSN)"
AP,D155,Leading with Personal Mastery,2,3,Leavitt School of Health,"Master of Science, Nursing - Leadership and Management (BSN to MSN); Master of Science, Nursing - Leadership and Management (RN to MSN); Post-Master's Certificate, Nursing - Leadership and Management (Post-MSN)"
AP,D156,Business Case Analysis for Healthcare Improvement,2,3,Leavitt School of Health,"Master of Science, Nursing - Leadership and Management (BSN to MSN); Master of Science, Nursing - Leadership and Management (RN to MSN); Post-Master's Certificate, Nursing - Leadership and Management (Post-MSN)"
AP,D157,Managing Resources in an Era of Disruption,2,3,Leavitt School of Health,"Master of Science, Nursing - Leadership and Management (BSN to MSN); Master of Science, Nursing - Leadership and Management (RN to MSN); Post-Master's Certificate, Nursing - Leadership and Management (Post-MSN)"
AP,D158,Strategically Planning the Execution of a Healthcare,2,3,Leavitt School of Health,"Master of Science, Nursing - Leadership and Management (BSN to MSN); Master of Science, Nursing - Leadership and Management (RN to MSN); Post-Master's Certificate, Nursing - Leadership and Management (Post-MSN)"
AP,D159,Evidence-Based Measures for Evaluating Healthcare,2,3,Leavitt School of Health,"Master of Science, Nursing - Leadership and Management (BSN to MSN); Master of Science, Nursing - Leadership and Management (RN to MSN); Post-Master's Certificate, Nursing - Leadership and Management (Post-MSN)"
AP,D160,Nursing Leadership and Management Field Experience,3,3,Leavitt School of Health,"Master of Science, Nursing - Leadership and Management (BSN to MSN); Master of Science, Nursing - Leadership and Management (RN to MSN); Post-Master's Certificate, Nursing - Leadership and Management (Post-MSN)"
AP,D161,Nursing Leadership and Management Capstone,2,3,Leavitt School of Health,"Master of Science, Nursing - Leadership and Management (BSN to MSN); Master of Science, Nursing - Leadership and Management (RN to MSN); Post-Master's Certificate, Nursing - Leadership and Management (Post-MSN)"
AP,D174,Marketing Management,3,1,School of Business,"Bachelor of Science, Marketing"
AP,D175,Consumer Behavior,3,2,School of Business,"Bachelor of Science, Business Management; Bachelor of Science, Marketing"
AP,D176,Content Marketing,3,1,School of Business,"Bachelor of Science, Marketing"
AP,D177,Brand Management,3,1,School of Business,"Bachelor of Science, Marketing"
AP,D178,Marketing Strategy and Analytics,3,1,School of Business,"Bachelor of Science, Marketing"
AP,D179,Data-Informed Practices,3,1,School of Education,"Master of Science, Curriculum and Instruction"
AP,D180,Educational Research,3,1,School of Education,"Master of Science, Curriculum and Instruction"
AP,D181,MSCIN Capstone,5,1,School of Education,"Master of Science, Curriculum and Instruction"
AP,D184,Standards-Based Assessment,3,1,School of Education,"Master of Science, Curriculum and Instruction"
AP,D186,Learning as a Science,3,1,School of Education,"Master of Science, Curriculum and Instruction"
AP,D187,Differentiated Instruction,3,1,School of Education,"Master of Science, Curriculum and Instruction"
AP,D188,The Collaborative Leader,3,1,School of Education,"Master of Science, Curriculum and Instruction"
AP,D190,Introduction to Healthcare IT Systems,4,1,Leavitt School of Health,"Bachelor of Science, Health Information Management"
AP,D196,Principles of Financial and Managerial Accounting,3,3,School of Business,"Bachelor of Science, Accounting; Bachelor of Science, Information Technology Management; Bachelor of Science, Finance"
AP,D197,Version Control,1,10,School of Technology,"Bachelor of Science, AI Engineering; Bachelor of Science, Cloud and Network Engineering; Bachelor of Science, Cloud and Network Engineering - Amazon Web Services; Bachelor of Science, Cloud and Network Engineering - Microsoft Azure; Bachelor of Science, Computer Science; Bachelor of Science, Computer Science (BSCS to MSCS); Bachelor of Science, Data Analytics; Bachelor of Science, Software Engineering [BSSWE]; Bachelor of Science, Software Engineering [BSSWE_C]; Bachelor of Science, Software Engineering (BSSWE to MSSWE)"
AP,D198,Global Arts and Humanities,3,12,School of Business; Leavitt School of Health; School of Technology,"Bachelor of Science, Accounting; Bachelor of Science, Marketing; Bachelor of Science, Finance; Bachelor of Science, Nursing - Prelicensure (Pre-Nursing); Bachelor of Science, Nursing; Bachelor of Science, Health Information Management; Bachelor of Science, Health Science; Master of Science, Nursing - Education (RN to MSN); Master of Science, Nursing - Leadership and Management (RN to MSN); Master of Science, Nursing - Nursing Informatics (RN to MSN); Bachelor of Science, Information Technology; Bachelor of Science, Information Technology (BSIT to MSIT)"
AP,D199,Introduction to Physical and Human Geography,3,5,Leavitt School of Health; School of Technology,"Bachelor of Science in Psychology; Bachelor of Science, Data Analytics; Bachelor of Science, Software Engineering [BSSWE]; Bachelor of Science, Software Engineering [BSSWE_C]; Bachelor of Science, Software Engineering (BSSWE to MSSWE)"
AP,D202,Human Growth and Development,3,10,School of Business; Leavitt School of Health,"Bachelor of Science, Healthcare Administration; Bachelor of Science, Nursing - Prelicensure (Pre-Nursing); Bachelor of Science, Nursing; Bachelor of Science, Health and Human Services; Bachelor of Science, Health Science; Bachelor of Science in Psychology; Bachelor of Science, Public Health; Master of Science, Nursing - Education (RN to MSN); Master of Science, Nursing - Leadership and Management (RN to MSN); Master of Science, Nursing - Nursing Informatics (RN to MSN)"
AP,D203,Fundamentals of Anatomy and Physiology,3,4,Leavitt School of Health,"Bachelor of Science, Health Information Management; Bachelor of Science, Health and Human Services; Bachelor of Science in Psychology; Bachelor of Science, Public Health"
AP,D215,Auditing,3,1,School of Business,"Bachelor of Science, Accounting"
AP,D216,Business Law for Accountants,3,2,School of Business,"Bachelor of Science, Accounting; Bachelor of Science, Finance"
AP,D217,Accounting Information Systems,3,1,School of Business,"Bachelor of Science, Accounting"
AP,D218,Intrapersonal Leadership and Professional Growth,3,2,Leavitt School of Health,"Bachelor of Science, Nursing - Prelicensure (Nursing); Bachelor of Science, Nursing"
AP,D219,Scholarship in Nursing Practice,3,2,Leavitt School of Health,"Bachelor of Science, Nursing - Prelicensure (Nursing); Bachelor of Science, Nursing"
AP,D220,Information Technology in Nursing Practice,3,2,Leavitt School of Health,"Bachelor of Science, Nursing - Prelicensure (Nursing); Bachelor of Science, Nursing"
AP,D221,Organizational Systems and Healthcare Transformation,3,2,Leavitt School of Health,"Bachelor of Science, Nursing - Prelicensure (Nursing); Bachelor of Science, Nursing"
AP,D222,Comprehensive Health Assessment,3,4,Leavitt School of Health,"Bachelor of Science, Nursing; Master of Science, Nursing - Education (RN to MSN); Master of Science, Nursing - Leadership and Management (RN to MSN); Master of Science, Nursing - Nursing Informatics (RN to MSN)"
AP,D223,Healthcare Policy and Economics,3,4,Leavitt School of Health,"Bachelor of Science, Nursing; Master of Science, Nursing - Education (RN to MSN); Master of Science, Nursing - Leadership and Management (RN to MSN); Master of Science, Nursing - Nursing Informatics (RN to MSN)"
AP,D224,Global and Population Health,4,3,Leavitt School of Health,"Master of Science, Nursing - Education (RN to MSN); Master of Science, Nursing - Leadership and Management (RN to MSN); Master of Science, Nursing - Nursing Informatics (RN to MSN)"
AP,D225,Emerging Professional Practice,3,3,Leavitt School of Health,"Master of Science, Nursing - Education (RN to MSN); Master of Science, Nursing - Leadership and Management (RN to MSN); Master of Science, Nursing - Nursing Informatics (RN to MSN)"
AP,D226,BSNU Capstone,3,1,Leavitt School of Health,"Bachelor of Science, Nursing"
AP,D235,Interprofessional Communication and Leadership in Healthcare,2,4,Leavitt School of Health,"Bachelor of Science, Nursing; Master of Science, Nursing - Education (RN to MSN); Master of Science, Nursing - Leadership and Management (RN to MSN); Master of Science, Nursing - Nursing Informatics (RN to MSN)"
AP,D236,Pathophysiology,3,6,Leavitt School of Health,"Bachelor of Science, Nursing - Prelicensure (Pre-Nursing); Bachelor of Science, Nursing; Bachelor of Science, Health Science; Master of Science, Nursing - Education (RN to MSN); Master of Science, Nursing - Leadership and Management (RN to MSN); Master of Science, Nursing - Nursing Informatics (RN to MSN)"
AP,D246,Influential Communication through Visual Design and,3,11,School of Business; Leavitt School of Health; School of Technology,"Bachelor of Science, Marketing; Bachelor of Science, Communications; Bachelor of Science, User Experience Design; Bachelor of Science in Psychology; Bachelor of Science, Cloud and Network Engineering; Bachelor of Science, Cloud and Network Engineering - Amazon Web Services; Bachelor of Science, Cloud and Network Engineering - Cisco; Bachelor of Science, Cloud and Network Engineering - Microsoft Azure; Bachelor of Science, Data Analytics; Bachelor of Science, Information Technology; Bachelor of Science, Information Technology (BSIT to MSIT)"
AP,D250,Governmental and Nonprofit Accounting,3,1,School of Business,"Master of Science in Accounting, Financial Reporting Specialization"
AP,D251,Advanced Auditing,3,2,School of Business,"Master of Science in Accounting, Auditing Specialization; Master of Science in Accounting, Financial Reporting Specialization"
AP,D252,Accounting Research and Critical Thinking,3,4,School of Business,"Master of Science in Accounting, Auditing Specialization; Master of Science in Accounting, Financial Reporting Specialization; Master of Science in Accounting, Management Accounting Specialization; Master of Science in Accounting, Taxation Specialization"
AP,D253,Values-Based Leadership,3,11,School of Business,"Bachelor of Science, Accounting; Bachelor of Science, Human Resource Management; Bachelor of Science, Information Technology Management; Bachelor of Science, Business Management; Bachelor of Science, Marketing; Bachelor of Science, Communications; Bachelor of Science, Finance; Bachelor of Science, Healthcare Administration; Bachelor of Science, Project Management; Bachelor of Science, Supply Chain and Operations Management; Bachelor of Science, User Experience Design"
AP,D255,Professional Practice Experience I: Technical,3,2,School of Business; Leavitt School of Health,"Bachelor of Science, Healthcare Administration; Bachelor of Science, Health Information Management"
AP,D256,Principles of Management in Health Information Management,3,1,Leavitt School of Health,"Bachelor of Science, Health Information Management"
AP,D257,Healthcare Project Management,4,1,Leavitt School of Health,"Bachelor of Science, Health Information Management"
AP,D258,Organizational Leadership in Healthcare,3,1,Leavitt School of Health,"Bachelor of Science, Health Information Management"
AP,D259,Professional Practice Experience II: Management,4,1,Leavitt School of Health,"Bachelor of Science, Health Information Management"
AP,D260,Health Information Management Capstone,4,1,Leavitt School of Health,"Bachelor of Science, Health Information Management"
AP,D263,Frameworks for Strategic Decision-Making,3,3,School of Business,"Master of Science in Marketing, Digital Marketing Specialization; Master of Science in Marketing, Marketing Analytics Specialization; Master of Science, Human Resource Management"
AP,D265,Critical Thinking: Reason and Evidence,3,20,School of Business; Leavitt School of Health; School of Technology,"Bachelor of Science, Accounting; Bachelor of Science, Human Resource Management; Bachelor of Science, Business Management; Bachelor of Science, Marketing; Bachelor of Science, Communications; Bachelor of Science, Finance; Bachelor of Science, Healthcare Administration; Bachelor of Science, Project Management; Bachelor of Science, Supply Chain and Operations Management; Bachelor of Science, User Experience Design; Bachelor of Science, Nursing - Prelicensure (Pre-Nursing); Bachelor of Science, Health Information Management; Bachelor of Science, Health and Human Services; Bachelor of Science, Health Science; Bachelor of Science in Psychology; Bachelor of Science, Public Health; Bachelor of Science, Cybersecurity and Information Assurance; Bachelor of Science, Data Analytics; Bachelor of Science, Information Technology; Bachelor of Science, Information Technology (BSIT to MSIT)"
AP,D266,World History: Diverse Cultures and Global Connections,3,15,School of Business; Leavitt School of Health,"Bachelor of Science, Human Resource Management; Bachelor of Science, Business Management; Bachelor of Science, Marketing; Bachelor of Science, Communications; Bachelor of Science, Project Management; Bachelor of Science, Supply Chain and Operations Management; Bachelor of Science, User Experience Design; Bachelor of Science, Nursing - Prelicensure (Pre-Nursing); Bachelor of Science, Nursing; Bachelor of Science, Health Science; Bachelor of Science in Psychology; Bachelor of Science, Public Health; Master of Science, Nursing - Education (RN to MSN); Master of Science, Nursing - Leadership and Management (RN to MSN); Master of Science, Nursing - Nursing Informatics (RN to MSN)"
AP,D267,US History: Stories of American Democracy,3,6,School of Business; School of Technology,"Bachelor of Science, Accounting; Bachelor of Science, Finance; Bachelor of Science, Cloud and Network Engineering; Bachelor of Science, Cloud and Network Engineering - Amazon Web Services; Bachelor of Science, Cloud and Network Engineering - Cisco; Bachelor of Science, Cloud and Network Engineering - Microsoft Azure"
AP,D268,Introduction to Communication: Connecting with Others,3,41,School of Business; Leavitt School of Health; School of Technology; School of Education,"Bachelor of Science, Accounting; Bachelor of Science, Human Resource Management; Bachelor of Science, Business Management; Bachelor of Science, Marketing; Bachelor of Science, Communications; Bachelor of Science, Finance; Bachelor of Science, Healthcare Administration; Bachelor of Science, Project Management; Bachelor of Science, Supply Chain and Operations Management; Bachelor of Science, User Experience Design; Bachelor of Science, Nursing - Prelicensure (Pre-Nursing); Bachelor of Science, Nursing; Bachelor of Science, Health Information Management; Bachelor of Science, Health and Human Services; Bachelor of Science, Health Science; Bachelor of Science in Psychology; Bachelor of Science, Public Health; Master of Science, Nursing - Education (RN to MSN); Master of Science, Nursing - Leadership and Management (RN to MSN); Master of Science, Nursing - Nursing Informatics (RN to MSN); Bachelor of Science, AI Engineering; Bachelor of Science, Computer Science; Bachelor of Science, Computer Science (BSCS to MSCS); Bachelor of Science, Cybersecurity and Information Assurance; Bachelor of Science, Data Analytics; Bachelor of Arts, Elementary Education; Bachelor of Arts, Special Education and Elementary Education (Dual Licensure); Bachelor of Arts, Special Education, Mild to Moderate; Bachelor of Science, Mathematics Education (Secondary); Bachelor of Science, Science Education (Secondary Biological Science); Bachelor of Science, Science Education (Secondary Chemistry); Bachelor of Science, Science Education (Secondary Earth Science); Bachelor of Science, Science Education (Secondary Physics); Bachelor of Arts, Educational Studies in Elementary Education; Bachelor of Arts, Educational Studies in Special and Elementary Education; Bachelor of Arts, Educational Studies in Mild to Moderate Exceptionalities Special Education; Bachelor of Arts, Educational Studies in Secondary Mathematics Education; Bachelor of Arts, Educational Studies in Secondary Biological Science Education; Bachelor of Arts, Educational Studies in Secondary Chemistry Science Education; Bachelor of Arts, Educational Studies in Secondary Earth Science Education; Bachelor of Arts, Educational Studies in Secondary Physics Science Education"
AP,D269,Composition: Writing with a Strategy,3,31,School of Business; Leavitt School of Health; School of Technology; School of Education,"Bachelor of Science, Human Resource Management; Bachelor of Science, Communications; Bachelor of Science, Healthcare Administration; Bachelor of Science, User Experience Design; Bachelor of Science, Nursing - Prelicensure (Pre-Nursing); Bachelor of Science, Nursing; Bachelor of Science, Health Information Management; Bachelor of Science, Health and Human Services; Bachelor of Science, Health Science; Bachelor of Science in Psychology; Bachelor of Science, Public Health; Master of Science, Nursing - Education (RN to MSN); Master of Science, Nursing - Leadership and Management (RN to MSN); Master of Science, Nursing - Nursing Informatics (RN to MSN); Bachelor of Science, Data Analytics; Bachelor of Arts, Elementary Education; Bachelor of Arts, Special Education and Elementary Education (Dual Licensure); Bachelor of Arts, Special Education, Mild to Moderate; Bachelor of Science, Mathematics Education (Secondary); Bachelor of Science, Science Education (Secondary Biological Science); Bachelor of Science, Science Education (Secondary Chemistry); Bachelor of Science, Science Education (Secondary Earth Science); Bachelor of Science, Science Education (Secondary Physics); Bachelor of Arts, Educational Studies in Elementary Education; Bachelor of Arts, Educational Studies in Special and Elementary Education; Bachelor of Arts, Educational Studies in Mild to Moderate Exceptionalities Special Education; Bachelor of Arts, Educational Studies in Secondary Mathematics Education; Bachelor of Arts, Educational Studies in Secondary Biological Science Education; Bachelor of Arts, Educational Studies in Secondary Chemistry Science Education; Bachelor of Arts, Educational Studies in Secondary Earth Science Education; Bachelor of Arts, Educational Studies in Secondary Physics Science Education"
AP,D270,Composition: Successful Self-Expression,3,38,School of Business; Leavitt School of Health; School of Technology; School of Education,"Bachelor of Science, Accounting; Bachelor of Science, Human Resource Management; Bachelor of Science, Business Management; Bachelor of Science, Marketing; Bachelor of Science, Finance; Bachelor of Science, Project Management; Bachelor of Science, Supply Chain and Operations Management; Bachelor of Science, Health Information Management; Bachelor of Science in Psychology; Bachelor of Science, AI Engineering; Bachelor of Science, Cloud and Network Engineering; Bachelor of Science, Cloud and Network Engineering - Amazon Web Services; Bachelor of Science, Cloud and Network Engineering - Cisco; Bachelor of Science, Cloud and Network Engineering - Microsoft Azure; Bachelor of Science, Computer Science; Bachelor of Science, Computer Science (BSCS to MSCS); Bachelor of Science, Cybersecurity and Information Assurance; Bachelor of Science, Information Technology; Bachelor of Science, Information Technology (BSIT to MSIT); Bachelor of Science, Software Engineering [BSSWE]; Bachelor of Science, Software Engineering [BSSWE_C]; Bachelor of Science, Software Engineering (BSSWE to MSSWE); Bachelor of Arts, Elementary Education; Bachelor of Arts, Special Education and Elementary Education (Dual Licensure); Bachelor of Arts, Special Education, Mild to Moderate; Bachelor of Science, Mathematics Education (Secondary); Bachelor of Science, Science Education (Secondary Biological Science); Bachelor of Science, Science Education (Secondary Chemistry); Bachelor of Science, Science Education (Secondary Earth Science); Bachelor of Science, Science Education (Secondary Physics); Bachelor of Arts, Educational Studies in Elementary Education; Bachelor of Arts, Educational Studies in Special and Elementary Education; Bachelor of Arts, Educational Studies in Mild to Moderate Exceptionalities Special Education; Bachelor of Arts, Educational Studies in Secondary Mathematics Education; Bachelor of Arts, Educational Studies in Secondary Biological Science Education; Bachelor of Arts, Educational Studies in Secondary Chemistry Science Education; Bachelor of Arts, Educational Studies in Secondary Earth Science Education; Bachelor of Arts, Educational Studies in Secondary Physics Science Education"
AP,D276,Web Development Foundations,3,7,School of Technology,"Bachelor of Science, AI Engineering; Bachelor of Science, Computer Science; Bachelor of Science, Computer Science (BSCS to MSCS); Bachelor of Science, Data Analytics; Bachelor of Science, Software Engineering [BSSWE]; Bachelor of Science, Software Engineering [BSSWE_C]; Bachelor of Science, Software Engineering (BSSWE to MSSWE)"
AP,D277,Front-End Web Development,3,3,School of Technology,"Bachelor of Science, Software Engineering [BSSWE]; Bachelor of Science, Software Engineering [BSSWE_C]; Bachelor of Science, Software Engineering (BSSWE to MSSWE)"
AP,D278,Scripting and Programming - Foundations,3,6,School of Technology,"Bachelor of Science, Computer Science; Bachelor of Science, Cybersecurity and Information Assurance; Bachelor of Science, Data Analytics; Bachelor of Science, Software Engineering [BSSWE]; Bachelor of Science, Software Engineering [BSSWE_C]; Bachelor of Science, Software Engineering (BSSWE to MSSWE)"
AP,D279,User Interface Design,3,3,School of Technology,"Bachelor of Science, Software Engineering [BSSWE]; Bachelor of Science, Software Engineering [BSSWE_C]; Bachelor of Science, Software Engineering (BSSWE to MSSWE)"
AP,D280,JavaScript Programming,3,3,School of Technology,"Bachelor of Science, Software Engineering [BSSWE]; Bachelor of Science, Software Engineering [BSSWE_C]; Bachelor of Science, Software Engineering (BSSWE to MSSWE)"
AP,D281,Linux Foundations,3,9,School of Technology,"Bachelor of Science, Cloud and Network Engineering; Bachelor of Science, Cloud and Network Engineering - Amazon Web Services; Bachelor of Science, Cloud and Network Engineering - Cisco; Bachelor of Science, Cloud and Network Engineering - Microsoft Azure; Bachelor of Science, Computer Science; Bachelor of Science, Computer Science (BSCS to MSCS); Bachelor of Science, Cybersecurity and Information Assurance; Bachelor of Science, Information Technology; Bachelor of Science, Information Technology (BSIT to MSIT)"
AP,D282,Cloud Foundations,3,6,School of Technology,"Bachelor of Science, Cloud and Network Engineering - Amazon Web Services; Bachelor of Science, Data Analytics; Bachelor of Science, Information Technology; Bachelor of Science, Information Technology (BSIT to MSIT); Bachelor of Science, Software Engineering [BSSWE]; Bachelor of Science, Software Engineering [BSSWE_C]"
AP,D284,Software Engineering,4,5,School of Technology,"Bachelor of Science, AI Engineering; Bachelor of Science, Computer Science; Bachelor of Science, Computer Science (BSCS to MSCS); Bachelor of Science, Software Engineering [BSSWE]; Bachelor of Science, Software Engineering [BSSWE_C]"
AP,D286,Java Fundamentals,3,4,School of Technology,"Bachelor of Science, Computer Science; Bachelor of Science, Computer Science (BSCS to MSCS); Bachelor of Science, Software Engineering [BSSWE]; Bachelor of Science, Software Engineering (BSSWE to MSSWE)"
AP,D287,Java Frameworks,3,4,School of Technology,"Bachelor of Science, Computer Science; Bachelor of Science, Computer Science (BSCS to MSCS); Bachelor of Science, Software Engineering [BSSWE]; Bachelor of Science, Software Engineering (BSSWE to MSSWE)"
AP,D288,Back-End Programming,3,4,School of Technology,"Bachelor of Science, Computer Science; Bachelor of Science, Computer Science (BSCS to MSCS); Bachelor of Science, Software Engineering [BSSWE]; Bachelor of Science, Software Engineering (BSSWE to MSSWE)"
AP,D291,Learning Experience Design Foundations I,3,3,School of Education,"Master of Education, Education Technology and Instructional Design [MEDETID]; Master of Education, Education Technology and Instructional Design [MEDETIDA]; Master of Education, Education Technology and Instructional Design"
AP,D292,Learning Experience Design Foundations II,3,3,School of Education,"Master of Education, Education Technology and Instructional Design [MEDETID]; Master of Education, Education Technology and Instructional Design [MEDETIDA]; Master of Education, Education Technology and Instructional Design"
AP,D293,Assessment and Learning Analytics,3,3,School of Education,"Master of Education, Education Technology and Instructional Design [MEDETID]; Master of Education, Education Technology and Instructional Design [MEDETIDA]; Master of Education, Education Technology and Instructional Design"
AP,D294,Learning Technology,3,4,School of Technology; School of Education,"Master of Science, Computer Science, Human-Computer Interaction; Master of Education, Education Technology and Instructional Design [MEDETID]; Master of Education, Education Technology and Instructional Design [MEDETIDA]; Master of Education, Education Technology and Instructional Design"
AP,D295,Designing and Facilitating E-Learning Experiences for K–12,3,2,School of Education,"Master of Education, Education Technology and Instructional Design [MEDETID]; Master of Education, Education Technology and Instructional Design"
AP,D296,Quality and Impact of K–12 E-Learning Solutions,3,2,School of Education,"Master of Education, Education Technology and Instructional Design [MEDETID]; Master of Education, Education Technology and Instructional Design"
AP,D297,Designing E-Learning Experiences for Adults,3,2,School of Education,"Master of Education, Education Technology and Instructional Design [MEDETID]; Master of Education, Education Technology and Instructional Design [MEDETIDA]"
AP,D298,Quality and Impact of Adult E-Learning Solutions,3,2,School of Education,"Master of Education, Education Technology and Instructional Design [MEDETID]; Master of Education, Education Technology and Instructional Design [MEDETIDA]"
AP,D299,Learning Experience Design Lab,3,3,School of Education,"Master of Education, Education Technology and Instructional Design [MEDETID]; Master of Education, Education Technology and Instructional Design [MEDETIDA]; Master of Education, Education Technology and Instructional Design"
AP,D300,Identifying Learner Needs and a Research Problem,3,3,School of Education,"Master of Education, Education Technology and Instructional Design [MEDETID]; Master of Education, Education Technology and Instructional Design [MEDETIDA]; Master of Education, Education Technology and Instructional Design"
AP,D301,Developing an E-Learning Solution and Research Methodology,3,3,School of Education,"Master of Education, Education Technology and Instructional Design [MEDETID]; Master of Education, Education Technology and Instructional Design [MEDETIDA]; Master of Education, Education Technology and Instructional Design"
AP,D302,Implementing and Evaluating E-Learning Solutions,5,3,School of Education,"Master of Education, Education Technology and Instructional Design [MEDETID]; Master of Education, Education Technology and Instructional Design [MEDETIDA]; Master of Education, Education Technology and Instructional Design"
AP,D303,Azure Fundamentals,3,1,School of Technology,"Bachelor of Science, Cloud and Network Engineering - Microsoft Azure"
AP,D308,Mobile Application Development (Android),3,2,School of Technology,"Bachelor of Science, Software Engineering [BSSWE]; Bachelor of Science, Software Engineering (BSSWE to MSSWE)"
AP,D311,Microbiology with Lab: A Fundamental Approach,4,6,Leavitt School of Health,"Bachelor of Science, Nursing - Prelicensure (Pre-Nursing); Bachelor of Science, Nursing; Bachelor of Science, Health Science; Master of Science, Nursing - Education (RN to MSN); Master of Science, Nursing - Leadership and Management (RN to MSN); Master of Science, Nursing - Nursing Informatics (RN to MSN)"
AP,D312,Anatomy and Physiology I with Lab,4,6,Leavitt School of Health,"Bachelor of Science, Nursing - Prelicensure (Pre-Nursing); Bachelor of Science, Nursing; Bachelor of Science, Health Science; Master of Science, Nursing - Education (RN to MSN); Master of Science, Nursing - Leadership and Management (RN to MSN); Master of Science, Nursing - Nursing Informatics (RN to MSN)"
AP,D313,Anatomy and Physiology II with Lab,4,6,Leavitt School of Health,"Bachelor of Science, Nursing - Prelicensure (Pre-Nursing); Bachelor of Science, Nursing; Bachelor of Science, Health Science; Master of Science, Nursing - Education (RN to MSN); Master of Science, Nursing - Leadership and Management (RN to MSN); Master of Science, Nursing - Nursing Informatics (RN to MSN)"
AP,D314,Essentials of Academic Writing,1,2,Leavitt School of Health,"Post-Master's Certificate, Nursing - Nursing Education (Post-MSN); Post-Master's Certificate, Nursing - Leadership and Management (Post-MSN)"
AP,D315,Network and Security - Foundations,3,13,School of Technology,"Bachelor of Science, AI Engineering; Bachelor of Science, Cloud and Network Engineering; Bachelor of Science, Cloud and Network Engineering - Amazon Web Services; Bachelor of Science, Cloud and Network Engineering - Cisco; Bachelor of Science, Cloud and Network Engineering - Microsoft Azure; Bachelor of Science, Computer Science; Bachelor of Science, Computer Science (BSCS to MSCS); Bachelor of Science, Cybersecurity and Information Assurance; Bachelor of Science, Data Analytics; Bachelor of Science, Information Technology; Bachelor of Science, Information Technology (BSIT to MSIT); Bachelor of Science, Software Engineering [BSSWE]; Bachelor of Science, Software Engineering [BSSWE_C]"
AP,D316,IT Foundations,4,7,School of Technology,"Bachelor of Science, Cloud and Network Engineering; Bachelor of Science, Cloud and Network Engineering - Amazon Web Services; Bachelor of Science, Cloud and Network Engineering - Cisco; Bachelor of Science, Cloud and Network Engineering - Microsoft Azure; Bachelor of Science, Cybersecurity and Information Assurance; Bachelor of Science, Information Technology; Bachelor of Science, Information Technology (BSIT to MSIT)"
AP,D317,IT Applications,4,7,School of Technology,"Bachelor of Science, Cloud and Network Engineering; Bachelor of Science, Cloud and Network Engineering - Amazon Web Services; Bachelor of Science, Cloud and Network Engineering - Cisco; Bachelor of Science, Cloud and Network Engineering - Microsoft Azure; Bachelor of Science, Cybersecurity and Information Assurance; Bachelor of Science, Information Technology; Bachelor of Science, Information Technology (BSIT to MSIT)"
AP,D318,Cloud Applications,3,4,School of Technology,"Bachelor of Science, Cloud and Network Engineering; Bachelor of Science, Cloud and Network Engineering - Cisco; Bachelor of Science, Information Technology; Bachelor of Science, Information Technology (BSIT to MSIT)"
AP,D319,AWS Cloud Architecture,3,1,School of Technology,"Bachelor of Science, Cloud and Network Engineering - Amazon Web Services"
AP,D320,Managing Cloud Security,4,1,School of Technology,"Bachelor of Science, Cybersecurity and Information Assurance"
AP,D322,Introduction to IT,4,4,School of Technology,"Bachelor of Science, Cybersecurity and Information Assurance; Bachelor of Science, Software Engineering [BSSWE]; Bachelor of Science, Software Engineering [BSSWE_C]; Bachelor of Science, Software Engineering (BSSWE to MSSWE)"
AP,D324,Business of IT - Project Management,4,6,School of Technology,"Bachelor of Science, Cybersecurity and Information Assurance; Bachelor of Science, Data Analytics; Bachelor of Science, Information Technology; Bachelor of Science, Software Engineering [BSSWE]; Bachelor of Science, Software Engineering [BSSWE_C]; Bachelor of Science, Software Engineering (BSSWE to MSSWE)"
AP,D325,Networks,4,6,School of Technology,"Bachelor of Science, Cloud and Network Engineering; Bachelor of Science, Cloud and Network Engineering - Amazon Web Services; Bachelor of Science, Cloud and Network Engineering - Microsoft Azure; Bachelor of Science, Cybersecurity and Information Assurance; Bachelor of Science, Information Technology; Bachelor of Science, Information Technology (BSIT to MSIT)"
AP,D326,Advanced Data Management,3,4,School of Technology,"Bachelor of Science, Data Analytics; Bachelor of Science, Software Engineering [BSSWE]; Bachelor of Science, Software Engineering [BSSWE_C]; Bachelor of Science, Software Engineering (BSSWE to MSSWE)"
AP,D329,Network and Security - Applications,4,6,School of Technology,"Bachelor of Science, Cloud and Network Engineering; Bachelor of Science, Cloud and Network Engineering - Amazon Web Services; Bachelor of Science, Cloud and Network Engineering - Microsoft Azure; Bachelor of Science, Cybersecurity and Information Assurance; Bachelor of Science, Information Technology; Bachelor of Science, Information Technology (BSIT to MSIT)"
AP,D332,Penetration Testing and Vulnerability Analysis,4,1,School of Technology,"Bachelor of Science, Cybersecurity and Information Assurance"
AP,D333,Ethics in Technology,3,12,School of Business; School of Technology,"Bachelor of Science, Business Management; Bachelor of Science, Cloud and Network Engineering; Bachelor of Science, Cloud and Network Engineering - Amazon Web Services; Bachelor of Science, Cloud and Network Engineering - Cisco; Bachelor of Science, Cloud and Network Engineering - Microsoft Azure; Bachelor of Science, Computer Science; Bachelor of Science, Computer Science (BSCS to MSCS); Bachelor of Science, Cybersecurity and Information Assurance; Bachelor of Science, Data Analytics; Bachelor of Science, Software Engineering [BSSWE]; Bachelor of Science, Software Engineering [BSSWE_C]; Bachelor of Science, Software Engineering (BSSWE to MSSWE)"
AP,D335,Introduction to Programming in Python,3,4,School of Technology,"Bachelor of Science, Data Analytics; Bachelor of Science, Software Engineering [BSSWE]; Bachelor of Science, Software Engineering [BSSWE_C]; Bachelor of Science, Software Engineering (BSSWE to MSSWE)"
AP,D336,Business of IT – Applications,4,12,School of Technology,"Bachelor of Science, Cloud and Network Engineering; Bachelor of Science, Cloud and Network Engineering - Amazon Web Services; Bachelor of Science, Cloud and Network Engineering - Cisco; Bachelor of Science, Cloud and Network Engineering - Microsoft Azure; Bachelor of Science, Computer Science; Bachelor of Science, Computer Science (BSCS to MSCS); Bachelor of Science, Cybersecurity and Information Assurance; Bachelor of Science, Information Technology; Bachelor of Science, Information Technology (BSIT to MSIT); Bachelor of Science, Software Engineering [BSSWE]; Bachelor of Science, Software Engineering [BSSWE_C]; Bachelor of Science, Software Engineering (BSSWE to MSSWE)"
AP,D337,Internet of Things (IoT) and Infrastructure,3,4,School of Technology,"Bachelor of Science, Cloud and Network Engineering; Bachelor of Science, Cloud and Network Engineering - Amazon Web Services; Bachelor of Science, Cloud and Network Engineering - Cisco; Bachelor of Science, Cloud and Network Engineering - Microsoft Azure"
AP,D338,Cloud Platform Solutions,3,1,School of Technology,"Bachelor of Science, Cloud and Network Engineering - Microsoft Azure"
AP,D339,Technical Communication,3,8,School of Technology,"Bachelor of Science, Cloud and Network Engineering; Bachelor of Science, Cloud and Network Engineering - Amazon Web Services; Bachelor of Science, Cloud and Network Engineering - Cisco; Bachelor of Science, Cloud and Network Engineering - Microsoft Azure; Bachelor of Science, Information Technology; Bachelor of Science, Software Engineering [BSSWE]; Bachelor of Science, Software Engineering [BSSWE_C]; Bachelor of Science, Software Engineering (BSSWE to MSSWE)"
AP,D340,Cyber Defense and Countermeasures,4,1,School of Technology,"Bachelor of Science, Cybersecurity and Information Assurance"
AP,D341,Cloud Deployment and Operations,3,1,School of Technology,"Bachelor of Science, Cloud and Network Engineering - Amazon Web Services"
AP,D343,Foundations of Advanced Psychiatric Mental Health Practice,3,2,Leavitt School of Health,"Master of Science, Nursing - Psychiatric Mental Health Nurse Practitioner; Post-Master's Certificate, Nursing - Psychiatric Mental Health Nurse Practitioner (Post-MSN)"
AP,D344,The Assessment and Diagnostic Process of Psychiatric Nurse,3,2,Leavitt School of Health,"Master of Science, Nursing - Psychiatric Mental Health Nurse Practitioner; Post-Master's Certificate, Nursing - Psychiatric Mental Health Nurse Practitioner (Post-MSN)"
AP,D345,Psychopharmacology for Advanced Psychiatric Mental Health,3,2,Leavitt School of Health,"Master of Science, Nursing - Psychiatric Mental Health Nurse Practitioner; Post-Master's Certificate, Nursing - Psychiatric Mental Health Nurse Practitioner (Post-MSN)"
AP,D346,Advanced Psychological Care of Adults and Older Adults,3,2,Leavitt School of Health,"Master of Science, Nursing - Psychiatric Mental Health Nurse Practitioner; Post-Master's Certificate, Nursing - Psychiatric Mental Health Nurse Practitioner (Post-MSN)"
AP,D347,Advanced Psychological Care of Children and Adolescents,3,2,Leavitt School of Health,"Master of Science, Nursing - Psychiatric Mental Health Nurse Practitioner; Post-Master's Certificate, Nursing - Psychiatric Mental Health Nurse Practitioner (Post-MSN)"
AP,D348,Psychiatric Mental Health Nurse Practitioner Clinical Internship I,3,2,Leavitt School of Health,"Master of Science, Nursing - Psychiatric Mental Health Nurse Practitioner; Post-Master's Certificate, Nursing - Psychiatric Mental Health Nurse Practitioner (Post-MSN)"
AP,D349,Psychiatric Mental Health Nurse Practitioner Clinical Internship,3,2,Leavitt School of Health,"Master of Science, Nursing - Psychiatric Mental Health Nurse Practitioner; Post-Master's Certificate, Nursing - Psychiatric Mental Health Nurse Practitioner (Post-MSN)"
AP,D350,Psychiatric Mental Health Nurse Practitioner Clinical Internship,3,2,Leavitt School of Health,"Master of Science, Nursing - Psychiatric Mental Health Nurse Practitioner; Post-Master's Certificate, Nursing - Psychiatric Mental Health Nurse Practitioner (Post-MSN)"
AP,D351,Functions of Human Resource Management,3,7,School of Business,"Bachelor of Science, Human Resource Management; Bachelor of Science, Business Management; Bachelor of Science, Marketing; Bachelor of Science, Communications; Bachelor of Science, Finance; Bachelor of Science, Supply Chain and Operations Management; Bachelor of Science, User Experience Design"
AP,D352,Employment and Labor Law,3,2,School of Business,"Bachelor of Science, Human Resource Management; Bachelor of Science, Finance"
AP,D353,Strategic Training and Development,3,3,School of Business,"Bachelor of Science, Human Resource Management; Bachelor of Science, Business Management; Bachelor of Science, Healthcare Administration"
AP,D354,Talent Acquisition,3,2,School of Business,"Bachelor of Science, Human Resource Management; Bachelor of Science, Business Management"
AP,D355,Total Rewards,3,1,School of Business,"Bachelor of Science, Human Resource Management"
AP,D356,HR Technology,3,1,School of Business,"Bachelor of Science, Human Resource Management"
AP,D357,"Diversity, Equity, and Inclusion",3,1,School of Business,"Bachelor of Science, Human Resource Management"
AP,D358,Global Human Resource Management,3,1,School of Business,"Bachelor of Science, Human Resource Management"
AP,D359,Agile HR,3,1,School of Business,"Bachelor of Science, Human Resource Management"
AP,D360,HRM Capstone,3,1,School of Business,"Bachelor of Science, Human Resource Management"
AP,D361,Business Simulation,4,9,School of Business,"Bachelor of Science, Accounting; Bachelor of Science, Information Technology Management; Bachelor of Science, Business Management; Bachelor of Science, Marketing; Bachelor of Science, Communications; Bachelor of Science, Finance; Bachelor of Science, Project Management; Bachelor of Science, Supply Chain and Operations Management; Bachelor of Science, User Experience Design"
AP,D362,Corporate Finance,3,1,School of Business,"Bachelor of Science, Finance"
AP,D363,Personal Finance,3,1,School of Business,"Bachelor of Science, Finance"
AP,D364,Financial Management I,3,1,School of Business,"Bachelor of Science, Finance"
AP,D365,Financial Management II,3,1,School of Business,"Bachelor of Science, Finance"
AP,D366,Financial Statement Analysis,3,1,School of Business,"Bachelor of Science, Finance"
AP,D367,Innovation in Finance,3,1,School of Business,"Bachelor of Science, Finance"
AP,D368,Enterprise Risk Management,3,1,School of Business,"Bachelor of Science, Finance"
AP,D369,Finance Capstone,3,1,School of Business,"Bachelor of Science, Finance"
AP,D370,IT Leadership Foundations,3,8,School of Technology,"Bachelor of Science, Cloud and Network Engineering; Bachelor of Science, Cloud and Network Engineering - Amazon Web Services; Bachelor of Science, Cloud and Network Engineering - Cisco; Bachelor of Science, Cloud and Network Engineering - Microsoft Azure; Bachelor of Science, Data Analytics; Bachelor of Science, Software Engineering [BSSWE]; Bachelor of Science, Software Engineering [BSSWE_C]; Bachelor of Science, Software Engineering (BSSWE to MSSWE)"
AP,D372,Introduction to Systems Thinking,3,4,School of Technology,"Bachelor of Science, Data Analytics; Bachelor of Science, Software Engineering [BSSWE]; Bachelor of Science, Software Engineering [BSSWE_C]; Bachelor of Science, Software Engineering (BSSWE to MSSWE)"
AP,D373,Marketing in the Digital Era,3,2,School of Business,"Master of Science in Marketing, Digital Marketing Specialization; Master of Science in Marketing, Marketing Analytics Specialization"
AP,D374,Market Research,3,2,School of Business,"Master of Science in Marketing, Digital Marketing Specialization; Master of Science in Marketing, Marketing Analytics Specialization"
AP,D375,Marketing Communications and Storytelling,3,2,School of Business,"Master of Science in Marketing, Digital Marketing Specialization; Master of Science in Marketing, Marketing Analytics Specialization"
AP,D376,"Product, Price, and Customer Experience",3,2,School of Business,"Master of Science in Marketing, Digital Marketing Specialization; Master of Science in Marketing, Marketing Analytics Specialization"
AP,D377,Digital Marketing Foundations,3,1,School of Business,"Master of Science in Marketing, Digital Marketing Specialization"
AP,D378,Digital Marketing Science,4,1,School of Business,"Master of Science in Marketing, Marketing Analytics Specialization"
AP,D379,Social Media Marketing,3,1,School of Business,"Master of Science in Marketing, Digital Marketing Specialization"
AP,D380,Email Marketing,3,1,School of Business,"Master of Science in Marketing, Digital Marketing Specialization"
AP,D381,E-Commerce and Marketing Analytics,3,2,School of Business,"Master of Science in Marketing, Digital Marketing Specialization; Master of Science in Marketing, Marketing Analytics Specialization"
AP,D382,Digital Marketing Analytics,3,1,School of Business,"Master of Science in Marketing, Marketing Analytics Specialization"
AP,D383,Search Engine Optimization,3,1,School of Business,"Master of Science in Marketing, Marketing Analytics Specialization"
AP,D384,Marketing Experiential Capstone,3,2,School of Business,"Master of Science in Marketing, Digital Marketing Specialization; Master of Science in Marketing, Marketing Analytics Specialization"
AP,D385,Software Security and Testing,3,4,School of Technology,"Bachelor of Science, Cybersecurity and Information Assurance; Bachelor of Science, Software Engineering [BSSWE]; Bachelor of Science, Software Engineering [BSSWE_C]; Bachelor of Science, Software Engineering (BSSWE to MSSWE)"
AP,D386,Hardware and Operating Systems Essentials,3,4,School of Technology,"Bachelor of Science, Data Analytics; Bachelor of Science, Software Engineering [BSSWE]; Bachelor of Science, Software Engineering [BSSWE_C]; Bachelor of Science, Software Engineering (BSSWE to MSSWE)"
AP,D387,Advanced Java,3,4,School of Technology,"Bachelor of Science, Computer Science; Bachelor of Science, Computer Science (BSCS to MSCS); Bachelor of Science, Software Engineering [BSSWE]; Bachelor of Science, Software Engineering (BSSWE to MSSWE)"
AP,D388,Fundamentals of Spreadsheets and Data Presentations,3,13,School of Business; School of Technology,"Bachelor of Science, Accounting; Bachelor of Science, Human Resource Management; Bachelor of Science, Business Management; Bachelor of Science, Marketing; Bachelor of Science, Communications; Bachelor of Science, Finance; Bachelor of Science, Healthcare Administration; Bachelor of Science, Project Management; Bachelor of Science, Supply Chain and Operations Management; Bachelor of Science, User Experience Design; Bachelor of Science, Data Analytics; Bachelor of Science, Information Technology; Bachelor of Science, Information Technology (BSIT to MSIT)"
AP,D389,Learning Strategies in Higher Education,4,5,Leavitt School of Health,"Bachelor of Science, Health Information Management; Bachelor of Science, Health and Human Services; Bachelor of Science, Health Science; Bachelor of Science in Psychology; Bachelor of Science, Public Health"
AP,D390,Introduction to Health and Human Services,3,1,Leavitt School of Health,"Bachelor of Science, Health and Human Services"
AP,D391,Healthcare Ecosystems,3,2,Leavitt School of Health,"Bachelor of Science, Health Information Management; Bachelor of Science, Health and Human Services"
AP,D393,History of Healthcare in America,3,1,Leavitt School of Health,"Bachelor of Science, Health and Human Services"
AP,D394,Care for Individuals and Families,3,1,Leavitt School of Health,"Bachelor of Science, Health and Human Services"
AP,D396,Evidenced-Based Practice for Health and Human Services,3,1,Leavitt School of Health,"Bachelor of Science, Health and Human Services"
AP,D398,Introduction to Pharmacology,3,2,Leavitt School of Health,"Bachelor of Science, Health Information Management; Bachelor of Science, Health and Human Services"
AP,D399,Introduction to Gerontology,3,1,Leavitt School of Health,"Bachelor of Science, Health and Human Services"
AP,D400,End of Life Care,3,1,Leavitt School of Health,"Bachelor of Science, Health and Human Services"
AP,D401,Introduction to Epidemiology,3,3,Leavitt School of Health,"Bachelor of Science, Health and Human Services; Bachelor of Science, Health Science; Bachelor of Science, Public Health"
AP,D402,Community and Public Health,4,2,Leavitt School of Health,"Bachelor of Science, Health and Human Services; Bachelor of Science, Public Health"
AP,D404,Healthcare Values and Ethics,3,1,Leavitt School of Health,"Bachelor of Science, Health and Human Services"
AP,D405,Financial Resource Management and Healthcare,4,1,Leavitt School of Health,"Bachelor of Science, Health and Human Services"
AP,D406,Health Literacy for the Client and Family,3,1,Leavitt School of Health,"Bachelor of Science, Health and Human Services"
AP,D407,Models of Care and Healthcare Trends,3,1,Leavitt School of Health,"Bachelor of Science, Health and Human Services"
AP,D408,Community Relations and Leadership,3,1,Leavitt School of Health,"Bachelor of Science, Health and Human Services"
AP,D409,Health and Human Services Professional Field Experience,3,1,Leavitt School of Health,"Bachelor of Science, Health and Human Services"
AP,D410,Health & Human Services Professional Capstone,3,1,Leavitt School of Health,"Bachelor of Science, Health and Human Services"
AP,D412,Network Analytics and Troubleshooting,3,4,School of Technology,"Bachelor of Science, Cloud and Network Engineering; Bachelor of Science, Cloud and Network Engineering - Amazon Web Services; Bachelor of Science, Cloud and Network Engineering - Cisco; Bachelor of Science, Cloud and Network Engineering - Microsoft Azure"
AP,D413,Telecomm and Wireless Communications,3,4,School of Technology,"Bachelor of Science, Cloud and Network Engineering; Bachelor of Science, Cloud and Network Engineering - Amazon Web Services; Bachelor of Science, Cloud and Network Engineering - Cisco; Bachelor of Science, Cloud and Network Engineering - Microsoft Azure"
AP,D414,Cyber Operations Fundamentals,6,1,School of Technology,"Bachelor of Science, Cloud and Network Engineering - Cisco"
AP,D415,Software Defined Networking,3,3,School of Technology,"Bachelor of Science, Cloud and Network Engineering; Bachelor of Science, Cloud and Network Engineering - Amazon Web Services; Bachelor of Science, Cloud and Network Engineering - Microsoft Azure"
AP,D416,DevNet Fundamentals,6,1,School of Technology,"Bachelor of Science, Cloud and Network Engineering - Cisco"
AP,D417,Network Automation and Deployment,3,1,School of Technology,"Bachelor of Science, Cloud and Network Engineering"
AP,D419,Implementing and Administering Networking Solutions,6,1,School of Technology,"Bachelor of Science, Cloud and Network Engineering - Cisco"
AP,D420,Discrete Math: Logic,1,2,School of Technology,"Bachelor of Science, Cybersecurity and Information Assurance; Bachelor of Science, Data Analytics"
AP,D421,Discrete Math: Functions and Relations,1,2,School of Technology,"Bachelor of Science, Cybersecurity and Information Assurance; Bachelor of Science, Data Analytics"
AP,D422,Discrete Math: Algorithms and Cryptography,1,1,School of Technology,"Bachelor of Science, Cybersecurity and Information Assurance"
AP,D424,Software Engineering Capstone,4,3,School of Technology,"Bachelor of Science, Software Engineering [BSSWE]; Bachelor of Science, Software Engineering [BSSWE_C]; Bachelor of Science, Software Engineering (BSSWE to MSSWE)"
AP,D425,Introduction to Chemistry,3,2,Leavitt School of Health,"Bachelor of Science, Nursing - Prelicensure (Pre-Nursing); Bachelor of Science, Health Science"
AP,D426,Data Management - Foundations,3,14,School of Technology,"Bachelor of Science, AI Engineering; Bachelor of Science, Cloud and Network Engineering; Bachelor of Science, Cloud and Network Engineering - Amazon Web Services; Bachelor of Science, Cloud and Network Engineering - Cisco; Bachelor of Science, Cloud and Network Engineering - Microsoft Azure; Bachelor of Science, Computer Science; Bachelor of Science, Computer Science (BSCS to MSCS); Bachelor of Science, Cybersecurity and Information Assurance; Bachelor of Science, Data Analytics; Bachelor of Science, Information Technology; Bachelor of Science, Information Technology (BSIT to MSIT); Bachelor of Science, Software Engineering [BSSWE]; Bachelor of Science, Software Engineering [BSSWE_C]; Bachelor of Science, Software Engineering (BSSWE to MSSWE)"
AP,D427,Data Management - Applications,4,8,School of Technology,"Bachelor of Science, Computer Science; Bachelor of Science, Computer Science (BSCS to MSCS); Bachelor of Science, Data Analytics; Bachelor of Science, Information Technology; Bachelor of Science, Information Technology (BSIT to MSIT); Bachelor of Science, Software Engineering [BSSWE]; Bachelor of Science, Software Engineering [BSSWE_C]; Bachelor of Science, Software Engineering (BSSWE to MSSWE)"
AP,D428,Design Thinking for Business,3,5,School of Business; School of Technology,"Bachelor of Science, Business Management; Bachelor of Science, Marketing; Bachelor of Science, Project Management; Bachelor of Science, Supply Chain and Operations Management; Bachelor of Science, Data Analytics"
AP,D429,Introduction to AI for Computer Scientists,2,2,School of Technology,"Bachelor of Science, Computer Science; Bachelor of Science, Computer Science (BSCS to MSCS)"
AP,D430,Fundamentals of Information Security,3,3,School of Technology,"Bachelor of Science, AI Engineering; Bachelor of Science, Computer Science; Bachelor of Science, Computer Science (BSCS to MSCS)"
AP,D432,HR Compliance and Employee Relations,3,1,School of Business,"Master of Science, Human Resource Management"
AP,D433,Talent Acquisition and Development,3,1,School of Business,"Master of Science, Human Resource Management"
AP,D434,Future Focused Total Rewards,3,1,School of Business,"Master of Science, Human Resource Management"
AP,D435,HR Technology and People Analytics,3,1,School of Business,"Master of Science, Human Resource Management"
AP,D439,Foundations of Nursing,3,1,Leavitt School of Health,"Bachelor of Science, Nursing - Prelicensure (Pre-Nursing)"
AP,D440,Health and Wellness Through Nutritional Sciences,3,1,Leavitt School of Health,"Bachelor of Science, Nursing - Prelicensure (Pre-Nursing)"
AP,D441,Medical Dosage Calculations and Pharmacology,3,1,Leavitt School of Health,"Bachelor of Science, Nursing - Prelicensure (Pre-Nursing)"
AP,D442,Basic Nursing Skills,3,1,Leavitt School of Health,"Bachelor of Science, Nursing - Prelicensure (Nursing)"
AP,D443,Health Assessment,3,1,Leavitt School of Health,"Bachelor of Science, Nursing - Prelicensure (Nursing)"
AP,D444,Adult Health I,5,1,Leavitt School of Health,"Bachelor of Science, Nursing - Prelicensure (Nursing)"
AP,D445,Intermediate Nursing Skills,3,1,Leavitt School of Health,"Bachelor of Science, Nursing - Prelicensure (Nursing)"
AP,D446,Adult Health II,5,1,Leavitt School of Health,"Bachelor of Science, Nursing - Prelicensure (Nursing)"
AP,D447,Women's and Children's Nursing,5,1,Leavitt School of Health,"Bachelor of Science, Nursing - Prelicensure (Nursing)"
AP,D449,Psychiatric and Mental Health Nursing,5,1,Leavitt School of Health,"Bachelor of Science, Nursing - Prelicensure (Nursing)"
AP,D450,Community Health and Population-Focused Nursing,5,1,Leavitt School of Health,"Bachelor of Science, Nursing - Prelicensure (Nursing)"
AP,D453,Advanced Nursing Skills,2,1,Leavitt School of Health,"Bachelor of Science, Nursing - Prelicensure (Nursing)"
AP,D454,Adult Health III,5,1,Leavitt School of Health,"Bachelor of Science, Nursing - Prelicensure (Nursing)"
AP,D455,Professional Nursing Role Transition,6,1,Leavitt School of Health,"Bachelor of Science, Nursing - Prelicensure (Nursing)"
AP,D458,Introduction to Systems Thinking for Health Professionals,3,1,Leavitt School of Health,"Bachelor of Science, Health and Human Services"
AP,D459,Introduction to Systems Thinking and,3,27,School of Business; School of Technology; School of Education,"Bachelor of Science, Communications; Bachelor of Science, User Experience Design; Bachelor of Science, AI Engineering; Bachelor of Science, Cloud and Network Engineering; Bachelor of Science, Cloud and Network Engineering - Amazon Web Services; Bachelor of Science, Cloud and Network Engineering - Cisco; Bachelor of Science, Cloud and Network Engineering - Microsoft Azure; Bachelor of Science, Computer Science; Bachelor of Science, Computer Science (BSCS to MSCS); Bachelor of Science, Information Technology; Bachelor of Science, Information Technology (BSIT to MSIT); Bachelor of Arts, Elementary Education; Bachelor of Arts, Special Education and Elementary Education (Dual Licensure); Bachelor of Arts, Special Education, Mild to Moderate; Bachelor of Science, Mathematics Education (Secondary); Bachelor of Science, Science Education (Secondary Biological Science); Bachelor of Science, Science Education (Secondary Chemistry); Bachelor of Science, Science Education (Secondary Earth Science); Bachelor of Science, Science Education (Secondary Physics); Bachelor of Arts, Educational Studies in Elementary Education; Bachelor of Arts, Educational Studies in Special and Elementary Education; Bachelor of Arts, Educational Studies in Mild to Moderate Exceptionalities Special Education; Bachelor of Arts, Educational Studies in Secondary Mathematics Education; Bachelor of Arts, Educational Studies in Secondary Biological Science Education; Bachelor of Arts, Educational Studies in Secondary Chemistry Science Education; Bachelor of Arts, Educational Studies in Secondary Earth Science Education; Bachelor of Arts, Educational Studies in Secondary Physics Science Education"
AP,D464,Managing Operations,3,1,School of Business,"Bachelor of Science, Supply Chain and Operations Management"
AP,D465,Data Applications,3,1,School of Business,"Bachelor of Science, Supply Chain and Operations Management"
AP,D466,Analyzing and Visualizing Data,3,1,School of Business,"Bachelor of Science, Supply Chain and Operations Management"
AP,D467,Exploring Data,3,1,School of Business,"Bachelor of Science, Supply Chain and Operations Management"
AP,D468,Discovering Data,3,1,School of Business,"Bachelor of Science, Supply Chain and Operations Management"
AP,D469,"Quality, Continuous Improvement, and Lean Six Sigma",3,1,School of Business,"Bachelor of Science, Supply Chain and Operations Management"
AP,D470,"Transportation, Logistics, and Distribution",3,1,School of Business,"Bachelor of Science, Supply Chain and Operations Management"
AP,D471,Global Supply Chain Management,3,1,School of Business,"Bachelor of Science, Supply Chain and Operations Management"
AP,D472,21st Century Operations and Supply Chain,3,1,School of Business,"Bachelor of Science, Supply Chain and Operations Management"
AP,D473,Solutions Design & Visualization Capstone,3,1,School of Business,"Bachelor of Science, Supply Chain and Operations Management"
AP,D479,User Experience Design,3,3,School of Technology,"Bachelor of Science, Software Engineering [BSSWE]; Bachelor of Science, Software Engineering [BSSWE_C]; Bachelor of Science, Software Engineering (BSSWE to MSSWE)"
AP,D480,Software Design and Quality Assurance,3,4,School of Technology,"Bachelor of Science, Computer Science; Bachelor of Science, Computer Science (BSCS to MSCS); Bachelor of Science, Software Engineering [BSSWE]; Bachelor of Science, Software Engineering [BSSWE_C]"
AP,D481,Security Foundations,2,1,School of Technology,"Master of Science, Cybersecurity and Information Assurance"
AP,D482,Secure Network Design,3,1,School of Technology,"Master of Science, Cybersecurity and Information Assurance"
AP,D483,Security Operations,4,1,School of Technology,"Master of Science, Cybersecurity and Information Assurance"
AP,D484,Penetration Testing,4,1,School of Technology,"Master of Science, Cybersecurity and Information Assurance"
AP,D485,Cloud Security,4,1,School of Technology,"Master of Science, Cybersecurity and Information Assurance"
AP,D486,"Governance, Risk, and Compliance",2,7,School of Technology,"Master of Science, Computer Science, Artificial Intelligence and Machine Learning; Master of Science, Computer Science, Computing Systems; Master of Science, Computer Science, Human-Computer Interaction; Master of Science, Cybersecurity and Information Assurance; Master of Science, Software Engineering - AI Engineering; Master of Science, Software Engineering - DevOps Engineering; Master of Science, Software Engineering - Domain Driven Design"
AP,D487,Secure Software Design,3,1,School of Technology,"Master of Science, Cybersecurity and Information Assurance"
AP,D488,Cybersecurity Architecture and Engineering,4,1,School of Technology,"Master of Science, Cybersecurity and Information Assurance"
AP,D489,Cybersecurity Management,4,1,School of Technology,"Master of Science, Cybersecurity and Information Assurance"
AP,D490,Cybersecurity Graduate Capstone,4,1,School of Technology,"Master of Science, Cybersecurity and Information Assurance"
AP,D491,Introduction to Analytics,2,1,School of Technology,"Bachelor of Science, Data Analytics"
AP,D492,Data Analytics - Applications,4,2,School of Technology,"Bachelor of Science, Cybersecurity and Information Assurance; Bachelor of Science, Data Analytics"
AP,D493,Scripting and Programming - Applications,3,1,School of Technology,"Bachelor of Science, Data Analytics"
AP,D494,Data and Information Governance,2,2,School of Technology,"Bachelor of Science, AI Engineering; Bachelor of Science, Data Analytics"
AP,D495,Big Data Foundations,4,2,School of Technology,"Bachelor of Science, AI Engineering; Bachelor of Science, Data Analytics"
AP,D496,Introduction to Data Science,4,1,School of Technology,"Bachelor of Science, Data Analytics"
AP,D497,Data Wrangling,3,1,School of Technology,"Bachelor of Science, Data Analytics"
AP,D498,Data Analysis with R,2,1,School of Technology,"Bachelor of Science, Data Analytics"
AP,D499,Machine Learning,3,2,School of Technology,"Bachelor of Science, AI Engineering; Bachelor of Science, Data Analytics"
AP,D500,Data Visualization,2,1,School of Technology,"Bachelor of Science, Data Analytics"
AP,D501,Machine Learning DevOps,2,2,School of Technology,"Bachelor of Science, AI Engineering; Bachelor of Science, Data Analytics"
AP,D502,Data Analytics Capstone,4,1,School of Technology,"Bachelor of Science, Data Analytics"
AP,D522,Python for IT Automation,3,7,School of Technology,"Bachelor of Science, Cloud and Network Engineering; Bachelor of Science, Cloud and Network Engineering - Amazon Web Services; Bachelor of Science, Cloud and Network Engineering - Cisco; Bachelor of Science, Cloud and Network Engineering - Microsoft Azure; Bachelor of Science, Cybersecurity and Information Assurance; Bachelor of Science, Information Technology; Bachelor of Science, Information Technology (BSIT to MSIT)"
AP,D545,"Healthcare Administration Evolution, Systems, and Leadership",3,1,School of Business,"Bachelor of Science, Healthcare Administration"
AP,D546,Healthcare Policy and Governance,4,1,School of Business,"Bachelor of Science, Healthcare Administration"
AP,D547,Evidence-Based Healthcare Administration,4,1,School of Business,"Bachelor of Science, Healthcare Administration"
AP,D548,Emergency Management and Planning in Healthcare,4,1,School of Business,"Bachelor of Science, Healthcare Administration"
AP,D549,Exploring Emerging Trends in Healthcare Administration,4,1,School of Business,"Bachelor of Science, Healthcare Administration"
AP,D550,Ethics for Accountants,3,4,School of Business,"Master of Science in Accounting, Auditing Specialization; Master of Science in Accounting, Financial Reporting Specialization; Master of Science in Accounting, Management Accounting Specialization; Master of Science in Accounting, Taxation Specialization"
AP,D551,Fraud and Forensic Accounting,3,4,School of Business,"Master of Science in Accounting, Auditing Specialization; Master of Science in Accounting, Financial Reporting Specialization; Master of Science in Accounting, Management Accounting Specialization; Master of Science in Accounting, Taxation Specialization"
AP,D552,Data Analytics for Accountants I,3,4,School of Business,"Master of Science in Accounting, Auditing Specialization; Master of Science in Accounting, Financial Reporting Specialization; Master of Science in Accounting, Management Accounting Specialization; Master of Science in Accounting, Taxation Specialization"
AP,D553,Data Analytics for Accountants II,3,4,School of Business,"Master of Science in Accounting, Auditing Specialization; Master of Science in Accounting, Financial Reporting Specialization; Master of Science in Accounting, Management Accounting Specialization; Master of Science in Accounting, Taxation Specialization"
AP,D554,Advanced Financial Accounting I,3,2,School of Business,"Master of Science in Accounting, Financial Reporting Specialization; Master of Science in Accounting, Taxation Specialization"
AP,D555,Advanced Financial Accounting II,3,2,School of Business,"Master of Science in Accounting, Financial Reporting Specialization; Master of Science in Accounting, Taxation Specialization"
AP,D556,Corporate Financial Analysis,3,2,School of Business,"Master of Science in Accounting, Financial Reporting Specialization; Master of Science in Accounting, Management Accounting Specialization"
AP,D557,Corporate Taxation,3,1,School of Business,"Master of Science in Accounting, Taxation Specialization"
AP,D558,Pass-Through Taxation,3,1,School of Business,"Master of Science in Accounting, Taxation Specialization"
AP,D559,Advanced Managerial Accounting,3,1,School of Business,"Master of Science in Accounting, Management Accounting Specialization"
AP,D560,Internal Auditing I,3,2,School of Business,"Master of Science in Accounting, Auditing Specialization; Master of Science in Accounting, Management Accounting Specialization"
AP,D561,Information Systems for Accounting and,3,2,School of Business,"Master of Science in Accounting, Auditing Specialization; Master of Science in Accounting, Management Accounting Specialization"
AP,D562,Internal Auditing II,3,1,School of Business,"Master of Science in Accounting, Auditing Specialization"
AP,D564,Theories of Personality,3,1,Leavitt School of Health,Bachelor of Science in Psychology
AP,D565,Cultural Awareness and Ethics,3,3,Leavitt School of Health,"Bachelor of Science, Health and Human Services; Bachelor of Science, Health Science; Bachelor of Science in Psychology"
AP,D566,Psychology of Learning,3,1,Leavitt School of Health,Bachelor of Science in Psychology
AP,D567,Social Psychology,3,1,Leavitt School of Health,Bachelor of Science in Psychology
AP,D568,Health Equity and Social Determinants of Health,3,4,Leavitt School of Health,"Bachelor of Science, Health and Human Services; Bachelor of Science, Health Science; Bachelor of Science in Psychology; Bachelor of Science, Public Health"
AP,D569,Adult Psychology,3,1,Leavitt School of Health,Bachelor of Science in Psychology
AP,D570,Cognitive Psychology,3,2,Leavitt School of Health,"Bachelor of Science, Health Science; Bachelor of Science in Psychology"
AP,D571,Psychopathology,3,1,Leavitt School of Health,Bachelor of Science in Psychology
AP,D572,Career and Lifelong Learning,4,4,Leavitt School of Health,"Bachelor of Science, Health and Human Services; Bachelor of Science, Health Science; Bachelor of Science in Psychology; Bachelor of Science, Public Health"
AP,D573,Understanding Substance Abuse & Addiction,3,4,Leavitt School of Health,"Bachelor of Science, Health and Human Services; Bachelor of Science, Health Science; Bachelor of Science in Psychology; Bachelor of Science, Public Health"
AP,D574,Neuropsychology,3,1,Leavitt School of Health,Bachelor of Science in Psychology
AP,D575,Health Psychology,3,2,Leavitt School of Health,"Bachelor of Science, Health Science; Bachelor of Science in Psychology"
AP,D576,Industrial and Organizational Psychology,3,1,Leavitt School of Health,Bachelor of Science in Psychology
AP,D577,Team Dynamics,3,3,Leavitt School of Health,"Bachelor of Science, Health and Human Services; Bachelor of Science in Psychology; Bachelor of Science, Public Health"
AP,D578,Capstone for BS in Psychology,4,1,Leavitt School of Health,Bachelor of Science in Psychology
AP,D579,Mental Health Awareness and Education,3,3,Leavitt School of Health,"Bachelor of Science, Health and Human Services; Bachelor of Science in Psychology; Bachelor of Science, Public Health"
AP,D580,Healthcare Administration Capstone,4,1,School of Business,"Bachelor of Science, Healthcare Administration"
AP,D581,Introduction to Research Methods,3,3,Leavitt School of Health,"Bachelor of Science, Health Science; Bachelor of Science in Psychology; Bachelor of Science, Public Health"
AP,D582,Introduction to Statistics for Research,3,1,Leavitt School of Health,Bachelor of Science in Psychology
AP,D583,Foundations in Public Health,3,3,Leavitt School of Health,"Bachelor of Science, Health Information Management; Bachelor of Science, Health Science; Bachelor of Science, Public Health"
AP,D584,Program Planning and Implementation,3,1,Leavitt School of Health,"Bachelor of Science, Public Health"
AP,D585,Program Evaluation,3,1,Leavitt School of Health,"Bachelor of Science, Public Health"
AP,D586,Public Health Policy,3,1,Leavitt School of Health,"Bachelor of Science, Public Health"
AP,D587,Gender and Health,3,1,Leavitt School of Health,"Bachelor of Science, Public Health"
AP,D588,Human Sexuality,3,1,Leavitt School of Health,"Bachelor of Science, Public Health"
AP,D589,Chronic and Infectious Diseases,3,1,Leavitt School of Health,"Bachelor of Science, Public Health"
AP,D590,Public Health Administration,3,1,Leavitt School of Health,"Bachelor of Science, Public Health"
AP,D591,Grant Writing,3,1,Leavitt School of Health,"Bachelor of Science, Public Health"
AP,D592,Environmental Health,3,1,Leavitt School of Health,"Bachelor of Science, Public Health"
AP,D593,Global Health,3,1,Leavitt School of Health,"Bachelor of Science, Public Health"
AP,D594,Public Health Leadership and Administration,3,1,Leavitt School of Health,"Bachelor of Science, Public Health"
AP,D595,Public Health Capstone,3,1,Leavitt School of Health,"Bachelor of Science, Public Health"
AP,D596,The Data Analytics Journey,2,3,School of Technology,"Master of Science, Data Analytics - Data Science; Master of Science, Data Analytics - Data Engineering; Master of Science, Data Analytics - Decision Process Engineering"
AP,D597,Data Management,3,3,School of Technology,"Master of Science, Data Analytics - Data Science; Master of Science, Data Analytics - Data Engineering; Master of Science, Data Analytics - Decision Process Engineering"
AP,D598,Analytics Programming,3,3,School of Technology,"Master of Science, Data Analytics - Data Science; Master of Science, Data Analytics - Data Engineering; Master of Science, Data Analytics - Decision Process Engineering"
AP,D599,Data Preparation and Exploration,3,3,School of Technology,"Master of Science, Data Analytics - Data Science; Master of Science, Data Analytics - Data Engineering; Master of Science, Data Analytics - Decision Process Engineering"
AP,D600,Statistical Data Mining,3,3,School of Technology,"Master of Science, Data Analytics - Data Science; Master of Science, Data Analytics - Data Engineering; Master of Science, Data Analytics - Decision Process Engineering"
AP,D601,Data Storytelling for Diverse Audiences,3,3,School of Technology,"Master of Science, Data Analytics - Data Science; Master of Science, Data Analytics - Data Engineering; Master of Science, Data Analytics - Decision Process Engineering"
AP,D602,Deployment,3,3,School of Technology,"Master of Science, Data Analytics - Data Science; Master of Science, Data Analytics - Data Engineering; Master of Science, Data Analytics - Decision Process Engineering"
AP,D603,Machine Learning,3,1,School of Technology,"Master of Science, Data Analytics - Data Science"
AP,D604,Advanced Analytics,3,1,School of Technology,"Master of Science, Data Analytics - Data Science"
AP,D605,Optimization,3,1,School of Technology,"Master of Science, Data Analytics - Data Science"
AP,D606,Data Science Capstone,3,1,School of Technology,"Master of Science, Data Analytics - Data Science"
AP,D607,Cloud Databases,3,1,School of Technology,"Master of Science, Data Analytics - Data Engineering"
AP,D608,Data Processing,3,1,School of Technology,"Master of Science, Data Analytics - Data Engineering"
AP,D609,Data Analytics at Scale,3,1,School of Technology,"Master of Science, Data Analytics - Data Engineering"
AP,D610,Data Engineering Capstone,3,1,School of Technology,"Master of Science, Data Analytics - Data Engineering"
AP,D612,Business Process Engineering,3,1,School of Technology,"Master of Science, Data Analytics - Decision Process Engineering"
AP,D613,Decision Intelligence,3,1,School of Technology,"Master of Science, Data Analytics - Decision Process Engineering"
AP,D614,Decision Process Engineering Capstone,3,1,School of Technology,"Master of Science, Data Analytics - Decision Process Engineering"
AP,D616,Consumer Behavior,3,1,Leavitt School of Health,Bachelor of Science in Psychology
AP,D617,Public Health Core Functions and Essential Services,3,1,Leavitt School of Health,Master of Public Health
AP,D618,Environmental Health,3,1,Leavitt School of Health,Master of Public Health
AP,D619,Global Health,3,1,Leavitt School of Health,Master of Public Health
AP,D620,Public Health Leadership and Administration,3,1,Leavitt School of Health,Master of Public Health
AP,D621,Social and Behavioral Determinants of Health,3,1,Leavitt School of Health,Master of Public Health
AP,D622,"Public Health Assessment, Program Planning, Intervention, and",3,1,Leavitt School of Health,Master of Public Health
AP,D623,Public Health Finance and Funding,3,1,Leavitt School of Health,Master of Public Health
AP,D624,Biostatistics and Analysis,3,1,Leavitt School of Health,Master of Public Health
AP,D625,Principles of Epidemiology,3,1,Leavitt School of Health,Master of Public Health
AP,D626,Public Health Policy and Advocacy,3,1,Leavitt School of Health,Master of Public Health
AP,D627,Public Health Education and Promotion,3,1,Leavitt School of Health,Master of Public Health
AP,D628,Public Health Graduate Capstone,3,1,Leavitt School of Health,Master of Public Health
AP,D629,The Reflective Practitioner,3,1,School of Education,"Master of Science, Curriculum and Instruction"
AP,D630,Designing Curriculum and Instruction I,3,1,School of Education,"Master of Science, Curriculum and Instruction"
AP,D631,Designing Curriculum and Instruction II,3,1,School of Education,"Master of Science, Curriculum and Instruction"
AP,D632,Cultural Competency and Social-Emotional Learning,3,1,School of Education,"Master of Science, Educational Leadership"
AP,D633,Leadership of Curriculum Design and Instruction,3,1,School of Education,"Master of Science, Educational Leadership"
AP,D634,Health Sciences Capstone,3,1,Leavitt School of Health,"Bachelor of Science, Health Science"
AP,D635,Practices for Inclusive Classrooms,2,9,School of Education,"Master of Arts in Teaching, Elementary Education; Master of Arts in Teaching, English Education (Secondary); Master of Arts in Teaching, Mathematics Education (Secondary); Master of Arts in Teaching, Science Education (Secondary Biology); Master of Arts in Teaching, Science Education (Secondary Chemistry); Master of Arts in Teaching, Science Education (Secondary Earth Science); Master of Arts in Teaching, Science Education (Secondary Physics); Master of Arts in Teaching, Social Studies Education (Secondary); Master of Arts in Teaching, Special Education"
AP,D636,Establishing Positive and Engaging Learning,2,9,School of Education,"Master of Arts in Teaching, Elementary Education; Master of Arts in Teaching, English Education (Secondary); Master of Arts in Teaching, Mathematics Education (Secondary); Master of Arts in Teaching, Science Education (Secondary Biology); Master of Arts in Teaching, Science Education (Secondary Chemistry); Master of Arts in Teaching, Science Education (Secondary Earth Science); Master of Arts in Teaching, Science Education (Secondary Physics); Master of Arts in Teaching, Social Studies Education (Secondary); Master of Arts in Teaching, Special Education"
AP,D637,Curriculum and Instructional Strategies for,2,9,School of Education,"Master of Arts in Teaching, Elementary Education; Master of Arts in Teaching, English Education (Secondary); Master of Arts in Teaching, Mathematics Education (Secondary); Master of Arts in Teaching, Science Education (Secondary Biology); Master of Arts in Teaching, Science Education (Secondary Chemistry); Master of Arts in Teaching, Science Education (Secondary Earth Science); Master of Arts in Teaching, Science Education (Secondary Physics); Master of Arts in Teaching, Social Studies Education (Secondary); Master of Arts in Teaching, Special Education"
AP,D638,Monitoring Student Learning Through,2,9,School of Education,"Master of Arts in Teaching, Elementary Education; Master of Arts in Teaching, English Education (Secondary); Master of Arts in Teaching, Mathematics Education (Secondary); Master of Arts in Teaching, Science Education (Secondary Biology); Master of Arts in Teaching, Science Education (Secondary Chemistry); Master of Arts in Teaching, Science Education (Secondary Earth Science); Master of Arts in Teaching, Science Education (Secondary Physics); Master of Arts in Teaching, Social Studies Education (Secondary); Master of Arts in Teaching, Special Education"
AP,D639,Technology for Instruction and Online,2,9,School of Education,"Master of Arts in Teaching, Elementary Education; Master of Arts in Teaching, English Education (Secondary); Master of Arts in Teaching, Mathematics Education (Secondary); Master of Arts in Teaching, Science Education (Secondary Biology); Master of Arts in Teaching, Science Education (Secondary Chemistry); Master of Arts in Teaching, Science Education (Secondary Earth Science); Master of Arts in Teaching, Science Education (Secondary Physics); Master of Arts in Teaching, Social Studies Education (Secondary); Master of Arts in Teaching, Special Education"
AP,D640,"Giving, Receiving and Incorporating Feedback",3,3,School of Business,"Bachelor of Science, Communications; Bachelor of Science, Project Management; Bachelor of Science, User Experience Design"
AP,D641,Adapting to Ambiguity,3,3,School of Business,"Bachelor of Science, Communications; Bachelor of Science, Project Management; Bachelor of Science, User Experience Design"
AP,D642,Empathy and Inclusive Collaboration,3,3,School of Business,"Bachelor of Science, Communications; Bachelor of Science, Project Management; Bachelor of Science, User Experience Design"
AP,D643,Navigating Complex Problems,3,3,School of Business,"Bachelor of Science, Communications; Bachelor of Science, Project Management; Bachelor of Science, User Experience Design"
AP,D644,Foundations of Strategic Communications,3,1,School of Business,"Bachelor of Science, Communications"
AP,D645,Crafting a Communications Strategy Through,3,1,School of Business,"Bachelor of Science, Communications"
AP,D646,Delivering a Communications Strategy,3,1,School of Business,"Bachelor of Science, Communications"
AP,D647,Evaluating a Communications Strategy,3,1,School of Business,"Bachelor of Science, Communications"
AP,D648,Leveraging AI and Technology in Strategic,3,1,School of Business,"Bachelor of Science, Communications"
AP,D649,Crisis Communication,3,1,School of Business,"Bachelor of Science, Communications"
AP,D650,Communications Applied Learning Capstone,3,1,School of Business,"Bachelor of Science, Communications"
AP,D651,Foundations of Design,3,1,School of Business,"Bachelor of Science, User Experience Design"
AP,D652,Design Applications,3,1,School of Business,"Bachelor of Science, User Experience Design"
AP,D653,"Empathizing, Defining, and Ideating",3,1,School of Business,"Bachelor of Science, User Experience Design"
AP,D654,Prototyping and Iterating I,3,1,School of Business,"Bachelor of Science, User Experience Design"
AP,D655,Prototyping and Iterating II,3,1,School of Business,"Bachelor of Science, User Experience Design"
AP,D656,Leveraging AI and Technology in Design,3,1,School of Business,"Bachelor of Science, User Experience Design"
AP,D657,Design Applied Learning Capstone,3,1,School of Business,"Bachelor of Science, User Experience Design"
AP,D658,Planning Instructional Strategies for,3,16,School of Education,"Bachelor of Arts, Elementary Education; Bachelor of Arts, Special Education and Elementary Education (Dual Licensure); Bachelor of Arts, Special Education, Mild to Moderate; Bachelor of Science, Mathematics Education (Secondary); Bachelor of Science, Science Education (Secondary Biological Science); Bachelor of Science, Science Education (Secondary Chemistry); Bachelor of Science, Science Education (Secondary Earth Science); Bachelor of Science, Science Education (Secondary Physics); Bachelor of Arts, Educational Studies in Elementary Education; Bachelor of Arts, Educational Studies in Special and Elementary Education; Bachelor of Arts, Educational Studies in Mild to Moderate Exceptionalities Special Education; Bachelor of Arts, Educational Studies in Secondary Mathematics Education; Bachelor of Arts, Educational Studies in Secondary Biological Science Education; Bachelor of Arts, Educational Studies in Secondary Chemistry Science Education; Bachelor of Arts, Educational Studies in Secondary Earth Science Education; Bachelor of Arts, Educational Studies in Secondary Physics Science Education"
AP,D659,Assessing and Monitoring Student Learning,3,16,School of Education,"Bachelor of Arts, Elementary Education; Bachelor of Arts, Special Education and Elementary Education (Dual Licensure); Bachelor of Arts, Special Education, Mild to Moderate; Bachelor of Science, Mathematics Education (Secondary); Bachelor of Science, Science Education (Secondary Biological Science); Bachelor of Science, Science Education (Secondary Chemistry); Bachelor of Science, Science Education (Secondary Earth Science); Bachelor of Science, Science Education (Secondary Physics); Bachelor of Arts, Educational Studies in Elementary Education; Bachelor of Arts, Educational Studies in Special and Elementary Education; Bachelor of Arts, Educational Studies in Mild to Moderate Exceptionalities Special Education; Bachelor of Arts, Educational Studies in Secondary Mathematics Education; Bachelor of Arts, Educational Studies in Secondary Biological Science Education; Bachelor of Arts, Educational Studies in Secondary Chemistry Science Education; Bachelor of Arts, Educational Studies in Secondary Earth Science Education; Bachelor of Arts, Educational Studies in Secondary Physics Science Education"
AP,D660,Instructional Technology and Online Pedagogy,3,16,School of Education,"Bachelor of Arts, Elementary Education; Bachelor of Arts, Special Education and Elementary Education (Dual Licensure); Bachelor of Arts, Special Education, Mild to Moderate; Bachelor of Science, Mathematics Education (Secondary); Bachelor of Science, Science Education (Secondary Biological Science); Bachelor of Science, Science Education (Secondary Chemistry); Bachelor of Science, Science Education (Secondary Earth Science); Bachelor of Science, Science Education (Secondary Physics); Bachelor of Arts, Educational Studies in Elementary Education; Bachelor of Arts, Educational Studies in Special and Elementary Education; Bachelor of Arts, Educational Studies in Mild to Moderate Exceptionalities Special Education; Bachelor of Arts, Educational Studies in Secondary Mathematics Education; Bachelor of Arts, Educational Studies in Secondary Biological Science Education; Bachelor of Arts, Educational Studies in Secondary Chemistry Science Education; Bachelor of Arts, Educational Studies in Secondary Earth Science Education; Bachelor of Arts, Educational Studies in Secondary Physics Science Education"
AP,D661,Creating Positive Learning Environments,3,16,School of Education,"Bachelor of Arts, Elementary Education; Bachelor of Arts, Special Education and Elementary Education (Dual Licensure); Bachelor of Arts, Special Education, Mild to Moderate; Bachelor of Science, Mathematics Education (Secondary); Bachelor of Science, Science Education (Secondary Biological Science); Bachelor of Science, Science Education (Secondary Chemistry); Bachelor of Science, Science Education (Secondary Earth Science); Bachelor of Science, Science Education (Secondary Physics); Bachelor of Arts, Educational Studies in Elementary Education; Bachelor of Arts, Educational Studies in Special and Elementary Education; Bachelor of Arts, Educational Studies in Mild to Moderate Exceptionalities Special Education; Bachelor of Arts, Educational Studies in Secondary Mathematics Education; Bachelor of Arts, Educational Studies in Secondary Biological Science Education; Bachelor of Arts, Educational Studies in Secondary Chemistry Science Education; Bachelor of Arts, Educational Studies in Secondary Earth Science Education; Bachelor of Arts, Educational Studies in Secondary Physics Science Education"
AP,D662,Personalized Learning for Inclusive,3,16,School of Education,"Bachelor of Arts, Elementary Education; Bachelor of Arts, Special Education and Elementary Education (Dual Licensure); Bachelor of Arts, Special Education, Mild to Moderate; Bachelor of Science, Mathematics Education (Secondary); Bachelor of Science, Science Education (Secondary Biological Science); Bachelor of Science, Science Education (Secondary Chemistry); Bachelor of Science, Science Education (Secondary Earth Science); Bachelor of Science, Science Education (Secondary Physics); Bachelor of Arts, Educational Studies in Elementary Education; Bachelor of Arts, Educational Studies in Special and Elementary Education; Bachelor of Arts, Educational Studies in Mild to Moderate Exceptionalities Special Education; Bachelor of Arts, Educational Studies in Secondary Mathematics Education; Bachelor of Arts, Educational Studies in Secondary Biological Science Education; Bachelor of Arts, Educational Studies in Secondary Chemistry Science Education; Bachelor of Arts, Educational Studies in Secondary Earth Science Education; Bachelor of Arts, Educational Studies in Secondary Physics Science Education"
AP,D663,The Professional Educator,3,16,School of Education,"Bachelor of Arts, Elementary Education; Bachelor of Arts, Special Education and Elementary Education (Dual Licensure); Bachelor of Arts, Special Education, Mild to Moderate; Bachelor of Science, Mathematics Education (Secondary); Bachelor of Science, Science Education (Secondary Biological Science); Bachelor of Science, Science Education (Secondary Chemistry); Bachelor of Science, Science Education (Secondary Earth Science); Bachelor of Science, Science Education (Secondary Physics); Bachelor of Arts, Educational Studies in Elementary Education; Bachelor of Arts, Educational Studies in Special and Elementary Education; Bachelor of Arts, Educational Studies in Mild to Moderate Exceptionalities Special Education; Bachelor of Arts, Educational Studies in Secondary Mathematics Education; Bachelor of Arts, Educational Studies in Secondary Biological Science Education; Bachelor of Arts, Educational Studies in Secondary Chemistry Science Education; Bachelor of Arts, Educational Studies in Secondary Earth Science Education; Bachelor of Arts, Educational Studies in Secondary Physics Science Education"
AP,D664,Learners and Learning Science,3,16,School of Education,"Bachelor of Arts, Elementary Education; Bachelor of Arts, Special Education and Elementary Education (Dual Licensure); Bachelor of Arts, Special Education, Mild to Moderate; Bachelor of Science, Mathematics Education (Secondary); Bachelor of Science, Science Education (Secondary Biological Science); Bachelor of Science, Science Education (Secondary Chemistry); Bachelor of Science, Science Education (Secondary Earth Science); Bachelor of Science, Science Education (Secondary Physics); Bachelor of Arts, Educational Studies in Elementary Education; Bachelor of Arts, Educational Studies in Special and Elementary Education; Bachelor of Arts, Educational Studies in Mild to Moderate Exceptionalities Special Education; Bachelor of Arts, Educational Studies in Secondary Mathematics Education; Bachelor of Arts, Educational Studies in Secondary Biological Science Education; Bachelor of Arts, Educational Studies in Secondary Chemistry Science Education; Bachelor of Arts, Educational Studies in Secondary Earth Science Education; Bachelor of Arts, Educational Studies in Secondary Physics Science Education"
AP,D665,Learner Development and the Science of,2,9,School of Education,"Master of Arts in Teaching, Elementary Education; Master of Arts in Teaching, English Education (Secondary); Master of Arts in Teaching, Mathematics Education (Secondary); Master of Arts in Teaching, Science Education (Secondary Biology); Master of Arts in Teaching, Science Education (Secondary Chemistry); Master of Arts in Teaching, Science Education (Secondary Earth Science); Master of Arts in Teaching, Science Education (Secondary Physics); Master of Arts in Teaching, Social Studies Education (Secondary); Master of Arts in Teaching, Special Education"
AP,D667,Precalculus,4,6,School of Education,"Bachelor of Science, Mathematics Education (Secondary); Bachelor of Science, Science Education (Secondary Chemistry); Bachelor of Science, Science Education (Secondary Physics); Bachelor of Arts, Educational Studies in Secondary Mathematics Education; Bachelor of Arts, Educational Studies in Secondary Chemistry Science Education; Bachelor of Arts, Educational Studies in Secondary Physics Science Education"
AP,D668,Elementary Literacy Curriculum,3,6,School of Education,"Bachelor of Arts, Elementary Education; Bachelor of Arts, Special Education and Elementary Education (Dual Licensure); Bachelor of Arts, Special Education, Mild to Moderate; Bachelor of Arts, Educational Studies in Elementary Education; Bachelor of Arts, Educational Studies in Special and Elementary Education; Bachelor of Arts, Educational Studies in Mild to Moderate Exceptionalities Special Education"
AP,D669,Early Literacy Methods,3,6,School of Education,"Bachelor of Arts, Elementary Education; Bachelor of Arts, Special Education and Elementary Education (Dual Licensure); Bachelor of Arts, Special Education, Mild to Moderate; Bachelor of Arts, Educational Studies in Elementary Education; Bachelor of Arts, Educational Studies in Special and Elementary Education; Bachelor of Arts, Educational Studies in Mild to Moderate Exceptionalities Special Education"
AP,D670,Elementary Literacy Methods,3,6,School of Education,"Bachelor of Arts, Elementary Education; Bachelor of Arts, Special Education and Elementary Education (Dual Licensure); Bachelor of Arts, Special Education, Mild to Moderate; Bachelor of Arts, Educational Studies in Elementary Education; Bachelor of Arts, Educational Studies in Special and Elementary Education; Bachelor of Arts, Educational Studies in Mild to Moderate Exceptionalities Special Education"
AP,D671,Elementary Science Curriculum,3,4,School of Education,"Bachelor of Arts, Elementary Education; Bachelor of Arts, Special Education and Elementary Education (Dual Licensure); Bachelor of Arts, Educational Studies in Elementary Education; Bachelor of Arts, Educational Studies in Special and Elementary Education"
AP,D672,Elementary Science and Engineering Methods,3,4,School of Education,"Bachelor of Arts, Elementary Education; Bachelor of Arts, Special Education and Elementary Education (Dual Licensure); Bachelor of Arts, Educational Studies in Elementary Education; Bachelor of Arts, Educational Studies in Special and Elementary Education"
AP,D673,Elementary Social Studies Curriculum,3,4,School of Education,"Bachelor of Arts, Elementary Education; Bachelor of Arts, Special Education and Elementary Education (Dual Licensure); Bachelor of Arts, Educational Studies in Elementary Education; Bachelor of Arts, Educational Studies in Special and Elementary Education"
AP,D674,Elementary Social Studies Methods,3,4,School of Education,"Bachelor of Arts, Elementary Education; Bachelor of Arts, Special Education and Elementary Education (Dual Licensure); Bachelor of Arts, Educational Studies in Elementary Education; Bachelor of Arts, Educational Studies in Special and Elementary Education"
AP,D675,Elementary Literacy Methods,2,2,School of Education,"Master of Arts in Teaching, Elementary Education; Master of Arts in Teaching, Special Education"
AP,D676,Early Literacy Methods,2,2,School of Education,"Master of Arts in Teaching, Elementary Education; Master of Arts in Teaching, Special Education"
AP,D677,Elementary Literacy Curriculum,2,2,School of Education,"Master of Arts in Teaching, Elementary Education; Master of Arts in Teaching, Special Education"
AP,D678,Elementary Science Curriculum,2,1,School of Education,"Master of Arts in Teaching, Elementary Education"
AP,D679,Elementary Science and Engineering Methods,2,1,School of Education,"Master of Arts in Teaching, Elementary Education"
AP,D680,Elementary Social Studies Curriculum,2,1,School of Education,"Master of Arts in Teaching, Elementary Education"
AP,D681,Elementary Social Studies Methods,2,1,School of Education,"Master of Arts in Teaching, Elementary Education"
AP,D682,Artificial Intelligence Optimization for Computer,3,2,School of Technology,"Bachelor of Science, Computer Science; Bachelor of Science, Computer Science (BSCS to MSCS)"
AP,D683,Advanced AI and ML,3,1,School of Technology,"Bachelor of Science, Computer Science"
AP,D684,Introduction to Computer Science,4,2,School of Technology,"Bachelor of Science, Computer Science; Bachelor of Science, Computer Science (BSCS to MSCS)"
AP,D685,Practical Applications of Prompt,2,5,School of Technology,"Bachelor of Science, Computer Science; Bachelor of Science, Computer Science (BSCS to MSCS); Bachelor of Science, Cybersecurity and Information Assurance; Bachelor of Science, Information Technology; Bachelor of Science, Information Technology (BSIT to MSIT)"
AP,D686,Operating Systems for Computer Scientists,3,2,School of Technology,"Bachelor of Science, Computer Science; Bachelor of Science, Computer Science (BSCS to MSCS)"
AP,D687,Computer Science Project Development with a,3,2,School of Technology,"Bachelor of Science, Computer Science; Bachelor of Science, Computer Science (BSCS to MSCS)"
AP,D688,Foundations of Literacy Through Literature,3,6,School of Education,"Bachelor of Arts, Elementary Education; Bachelor of Arts, Special Education and Elementary Education (Dual Licensure); Bachelor of Arts, Special Education, Mild to Moderate; Bachelor of Arts, Educational Studies in Elementary Education; Bachelor of Arts, Educational Studies in Special and Elementary Education; Bachelor of Arts, Educational Studies in Mild to Moderate Exceptionalities Special Education"
AP,D689,Literacy Assessment and Interventions,3,6,School of Education,"Bachelor of Arts, Elementary Education; Bachelor of Arts, Special Education and Elementary Education (Dual Licensure); Bachelor of Arts, Special Education, Mild to Moderate; Bachelor of Arts, Educational Studies in Elementary Education; Bachelor of Arts, Educational Studies in Special and Elementary Education; Bachelor of Arts, Educational Studies in Mild to Moderate Exceptionalities Special Education"
AP,D690,Elementary Disciplinary Literacy,3,4,School of Education,"Bachelor of Arts, Elementary Education; Bachelor of Arts, Special Education and Elementary Education (Dual Licensure); Bachelor of Arts, Educational Studies in Elementary Education; Bachelor of Arts, Educational Studies in Special and Elementary Education"
AP,D691,Elementary Mathematics Curriculum,3,6,School of Education,"Bachelor of Arts, Elementary Education; Bachelor of Arts, Special Education and Elementary Education (Dual Licensure); Bachelor of Arts, Special Education, Mild to Moderate; Bachelor of Arts, Educational Studies in Elementary Education; Bachelor of Arts, Educational Studies in Special and Elementary Education; Bachelor of Arts, Educational Studies in Mild to Moderate Exceptionalities Special Education"
AP,D692,Early Mathematics Methods and Interventions,3,6,School of Education,"Bachelor of Arts, Elementary Education; Bachelor of Arts, Special Education and Elementary Education (Dual Licensure); Bachelor of Arts, Special Education, Mild to Moderate; Bachelor of Arts, Educational Studies in Elementary Education; Bachelor of Arts, Educational Studies in Special and Elementary Education; Bachelor of Arts, Educational Studies in Mild to Moderate Exceptionalities Special Education"
AP,D693,Elementary Mathematics Methods and,3,6,School of Education,"Bachelor of Arts, Elementary Education; Bachelor of Arts, Special Education and Elementary Education (Dual Licensure); Bachelor of Arts, Special Education, Mild to Moderate; Bachelor of Arts, Educational Studies in Elementary Education; Bachelor of Arts, Educational Studies in Special and Elementary Education; Bachelor of Arts, Educational Studies in Mild to Moderate Exceptionalities Special Education"
AP,D694,Elementary Health and Physical Education,3,4,School of Education,"Bachelor of Arts, Elementary Education; Bachelor of Arts, Special Education and Elementary Education (Dual Licensure); Bachelor of Arts, Educational Studies in Elementary Education; Bachelor of Arts, Educational Studies in Special and Elementary Education"
AP,D695,Elementary Fine Arts Methods,3,4,School of Education,"Bachelor of Arts, Elementary Education; Bachelor of Arts, Special Education and Elementary Education (Dual Licensure); Bachelor of Arts, Educational Studies in Elementary Education; Bachelor of Arts, Educational Studies in Special and Elementary Education"
AP,D696,Foundations of Literacy Through Literature,2,2,School of Education,"Master of Arts in Teaching, Elementary Education; Master of Arts in Teaching, Special Education"
AP,D697,Literacy Assessment and Interventions,2,2,School of Education,"Master of Arts in Teaching, Elementary Education; Master of Arts in Teaching, Special Education"
AP,D698,Elementary Disciplinary Literacy,2,1,School of Education,"Master of Arts in Teaching, Elementary Education"
AP,D699,Elementary Mathematics Curriculum,2,2,School of Education,"Master of Arts in Teaching, Elementary Education; Master of Arts in Teaching, Special Education"
AP,D700,Early Mathematics Methods and Interventions,2,2,School of Education,"Master of Arts in Teaching, Elementary Education; Master of Arts in Teaching, Special Education"
AP,D701,Elementary Mathematics Methods and,2,2,School of Education,"Master of Arts in Teaching, Elementary Education; Master of Arts in Teaching, Special Education"
AP,D702,Elementary Health and Physical Education,2,1,School of Education,"Master of Arts in Teaching, Elementary Education"
AP,D703,Elementary Fine Arts Methods,2,1,School of Education,"Master of Arts in Teaching, Elementary Education"
AP,D705,Early Clinical in Special Education,3,1,School of Education,"Bachelor of Arts, Special Education, Mild to Moderate"
AP,D706,Early Clinical in Elementary Education,3,1,School of Education,"Bachelor of Arts, Elementary Education"
AP,D707,Early Clinical in Secondary Education,3,5,School of Education,"Bachelor of Science, Mathematics Education (Secondary); Bachelor of Science, Science Education (Secondary Biological Science); Bachelor of Science, Science Education (Secondary Chemistry); Bachelor of Science, Science Education (Secondary Earth Science); Bachelor of Science, Science Education (Secondary Physics)"
AP,D708,Advanced Clinical in Elementary Education,3,1,School of Education,"Bachelor of Arts, Elementary Education"
AP,D709,Advanced Clinical in Secondary Education,3,5,School of Education,"Bachelor of Science, Mathematics Education (Secondary); Bachelor of Science, Science Education (Secondary Biological Science); Bachelor of Science, Science Education (Secondary Chemistry); Bachelor of Science, Science Education (Secondary Earth Science); Bachelor of Science, Science Education (Secondary Physics)"
AP,D717,Student Teaching I in Elementary Education,8,1,School of Education,"Bachelor of Arts, Elementary Education"
AP,D718,Student Teaching II in Elementary Education,8,1,School of Education,"Bachelor of Arts, Elementary Education"
AP,D719,Student Teaching I in Special Education,8,1,School of Education,"Bachelor of Arts, Special Education, Mild to Moderate"
AP,D720,Student Teaching II in Special Education,8,1,School of Education,"Bachelor of Arts, Special Education, Mild to Moderate"
AP,D721,Student Teaching I in Secondary Education,8,5,School of Education,"Bachelor of Science, Mathematics Education (Secondary); Bachelor of Science, Science Education (Secondary Biological Science); Bachelor of Science, Science Education (Secondary Chemistry); Bachelor of Science, Science Education (Secondary Earth Science); Bachelor of Science, Science Education (Secondary Physics)"
AP,D722,Student Teaching II in Secondary Education,8,5,School of Education,"Bachelor of Science, Mathematics Education (Secondary); Bachelor of Science, Science Education (Secondary Biological Science); Bachelor of Science, Science Education (Secondary Chemistry); Bachelor of Science, Science Education (Secondary Earth Science); Bachelor of Science, Science Education (Secondary Physics)"
AP,D723,Advanced Clinical in Special Education,3,1,School of Education,"Bachelor of Arts, Special Education, Mild to Moderate"
AP,D724,Early Clinical in Elementary Education,2,1,School of Education,"Master of Arts in Teaching, Elementary Education"
AP,D725,Early Clinical in Special Education,2,1,School of Education,"Master of Arts in Teaching, Special Education"
AP,D726,Early Clinical in Secondary Education,2,7,School of Education,"Master of Arts in Teaching, English Education (Secondary); Master of Arts in Teaching, Mathematics Education (Secondary); Master of Arts in Teaching, Science Education (Secondary Biology); Master of Arts in Teaching, Science Education (Secondary Chemistry); Master of Arts in Teaching, Science Education (Secondary Earth Science); Master of Arts in Teaching, Science Education (Secondary Physics); Master of Arts in Teaching, Social Studies Education (Secondary)"
AP,D727,Advanced Clinical in Elementary Education,2,1,School of Education,"Master of Arts in Teaching, Elementary Education"
AP,D728,Advanced Clinical in Special Education,2,1,School of Education,"Master of Arts in Teaching, Special Education"
AP,D729,Advanced Clinical in Secondary Education,2,7,School of Education,"Master of Arts in Teaching, English Education (Secondary); Master of Arts in Teaching, Mathematics Education (Secondary); Master of Arts in Teaching, Science Education (Secondary Biology); Master of Arts in Teaching, Science Education (Secondary Chemistry); Master of Arts in Teaching, Science Education (Secondary Earth Science); Master of Arts in Teaching, Science Education (Secondary Physics); Master of Arts in Teaching, Social Studies Education (Secondary)"
AP,D737,Student Teaching I in Elementary Education,4,1,School of Education,"Master of Arts in Teaching, Elementary Education"
AP,D738,Student Teaching II in Elementary Education,4,1,School of Education,"Master of Arts in Teaching, Elementary Education"
AP,D739,Student Teaching I in Special Education,4,1,School of Education,"Master of Arts in Teaching, Special Education"
AP,D740,Student Teaching II in Special Education,4,1,School of Education,"Master of Arts in Teaching, Special Education"
AP,D741,Student Teaching I in Secondary Education,4,7,School of Education,"Master of Arts in Teaching, English Education (Secondary); Master of Arts in Teaching, Mathematics Education (Secondary); Master of Arts in Teaching, Science Education (Secondary Biology); Master of Arts in Teaching, Science Education (Secondary Chemistry); Master of Arts in Teaching, Science Education (Secondary Earth Science); Master of Arts in Teaching, Science Education (Secondary Physics); Master of Arts in Teaching, Social Studies Education (Secondary)"
AP,D742,Student Teaching II in Secondary Education,4,7,School of Education,"Master of Arts in Teaching, English Education (Secondary); Master of Arts in Teaching, Mathematics Education (Secondary); Master of Arts in Teaching, Science Education (Secondary Biology); Master of Arts in Teaching, Science Education (Secondary Chemistry); Master of Arts in Teaching, Science Education (Secondary Earth Science); Master of Arts in Teaching, Science Education (Secondary Physics); Master of Arts in Teaching, Social Studies Education (Secondary)"
AP,D743,Education Portfolio,1,9,School of Education,"Master of Arts in Teaching, Elementary Education; Master of Arts in Teaching, English Education (Secondary); Master of Arts in Teaching, Mathematics Education (Secondary); Master of Arts in Teaching, Science Education (Secondary Biology); Master of Arts in Teaching, Science Education (Secondary Chemistry); Master of Arts in Teaching, Science Education (Secondary Earth Science); Master of Arts in Teaching, Science Education (Secondary Physics); Master of Arts in Teaching, Social Studies Education (Secondary); Master of Arts in Teaching, Special Education"
AP,D744,Student Teaching I in Elementary and Special,8,1,School of Education,"Bachelor of Arts, Special Education and Elementary Education (Dual Licensure)"
AP,D745,Student Teaching II in Elementary and Special,8,1,School of Education,"Bachelor of Arts, Special Education and Elementary Education (Dual Licensure)"
AP,D750,Early Clinical in Elementary and Special,3,1,School of Education,"Bachelor of Arts, Special Education and Elementary Education (Dual Licensure)"
AP,D751,Advanced Clinical in Elementary and Special,3,1,School of Education,"Bachelor of Arts, Special Education and Elementary Education (Dual Licensure)"
AP,D752,The Education Professional,2,9,School of Education,"Master of Arts in Teaching, Elementary Education; Master of Arts in Teaching, English Education (Secondary); Master of Arts in Teaching, Mathematics Education (Secondary); Master of Arts in Teaching, Science Education (Secondary Biology); Master of Arts in Teaching, Science Education (Secondary Chemistry); Master of Arts in Teaching, Science Education (Secondary Earth Science); Master of Arts in Teaching, Science Education (Secondary Physics); Master of Arts in Teaching, Social Studies Education (Secondary); Master of Arts in Teaching, Special Education"
AP,D753,Behavioral Intervention Strategies and Applied,4,4,School of Education,"Bachelor of Arts, Special Education and Elementary Education (Dual Licensure); Bachelor of Arts, Special Education, Mild to Moderate; Bachelor of Arts, Educational Studies in Special and Elementary Education; Bachelor of Arts, Educational Studies in Mild to Moderate Exceptionalities Special Education"
AP,D754,"Special Education Law, Policies and",3,4,School of Education,"Bachelor of Arts, Special Education and Elementary Education (Dual Licensure); Bachelor of Arts, Special Education, Mild to Moderate; Bachelor of Arts, Educational Studies in Special and Elementary Education; Bachelor of Arts, Educational Studies in Mild to Moderate Exceptionalities Special Education"
AP,D755,Assessment for Special Education,3,4,School of Education,"Bachelor of Arts, Special Education and Elementary Education (Dual Licensure); Bachelor of Arts, Special Education, Mild to Moderate; Bachelor of Arts, Educational Studies in Special and Elementary Education; Bachelor of Arts, Educational Studies in Mild to Moderate Exceptionalities Special Education"
AP,D756,Individualized Education Plan (IEP),3,4,School of Education,"Bachelor of Arts, Special Education and Elementary Education (Dual Licensure); Bachelor of Arts, Special Education, Mild to Moderate; Bachelor of Arts, Educational Studies in Special and Elementary Education; Bachelor of Arts, Educational Studies in Mild to Moderate Exceptionalities Special Education"
AP,D757,Special Education Curriculum,3,4,School of Education,"Bachelor of Arts, Special Education and Elementary Education (Dual Licensure); Bachelor of Arts, Special Education, Mild to Moderate; Bachelor of Arts, Educational Studies in Special and Elementary Education; Bachelor of Arts, Educational Studies in Mild to Moderate Exceptionalities Special Education"
AP,D758,Considerations for Instructional Planning for,3,4,School of Education,"Bachelor of Arts, Special Education and Elementary Education (Dual Licensure); Bachelor of Arts, Special Education, Mild to Moderate; Bachelor of Arts, Educational Studies in Special and Elementary Education; Bachelor of Arts, Educational Studies in Mild to Moderate Exceptionalities Special Education"
AP,D759,Elementary Literacy and Mathematics,3,4,School of Education,"Bachelor of Arts, Special Education and Elementary Education (Dual Licensure); Bachelor of Arts, Special Education, Mild to Moderate; Bachelor of Arts, Educational Studies in Special and Elementary Education; Bachelor of Arts, Educational Studies in Mild to Moderate Exceptionalities Special Education"
AP,D760,Secondary Literacy and Mathematics,3,4,School of Education,"Bachelor of Arts, Special Education and Elementary Education (Dual Licensure); Bachelor of Arts, Special Education, Mild to Moderate; Bachelor of Arts, Educational Studies in Special and Elementary Education; Bachelor of Arts, Educational Studies in Mild to Moderate Exceptionalities Special Education"
AP,D761,Behavioral Intervention Strategies and Applied,3,1,School of Education,"Master of Arts in Teaching, Special Education"
AP,D762,"Special Education Law, Policies and",2,1,School of Education,"Master of Arts in Teaching, Special Education"
AP,D763,Assessment for Special Education,2,1,School of Education,"Master of Arts in Teaching, Special Education"
AP,D764,Individualized Education Plan (IEP),2,1,School of Education,"Master of Arts in Teaching, Special Education"
AP,D765,Special Education Curriculum,2,1,School of Education,"Master of Arts in Teaching, Special Education"
AP,D766,Considerations for Instructional Planning for,2,1,School of Education,"Master of Arts in Teaching, Special Education"
AP,D767,Elementary Literacy and Mathematics,2,1,School of Education,"Master of Arts in Teaching, Special Education"
AP,D768,Secondary Literacy and Mathematics,2,1,School of Education,"Master of Arts in Teaching, Special Education"
AP,D769,Secondary Literacy Methods and Interventions,3,14,School of Education,"Bachelor of Arts, Special Education and Elementary Education (Dual Licensure); Bachelor of Arts, Special Education, Mild to Moderate; Bachelor of Science, Mathematics Education (Secondary); Bachelor of Science, Science Education (Secondary Biological Science); Bachelor of Science, Science Education (Secondary Chemistry); Bachelor of Science, Science Education (Secondary Earth Science); Bachelor of Science, Science Education (Secondary Physics); Bachelor of Arts, Educational Studies in Special and Elementary Education; Bachelor of Arts, Educational Studies in Mild to Moderate Exceptionalities Special Education; Bachelor of Arts, Educational Studies in Secondary Mathematics Education; Bachelor of Arts, Educational Studies in Secondary Biological Science Education; Bachelor of Arts, Educational Studies in Secondary Chemistry Science Education; Bachelor of Arts, Educational Studies in Secondary Earth Science Education; Bachelor of Arts, Educational Studies in Secondary Physics Science Education"
AP,D770,Secondary Literacy Methods and Interventions,2,8,School of Education,"Master of Arts in Teaching, English Education (Secondary); Master of Arts in Teaching, Mathematics Education (Secondary); Master of Arts in Teaching, Science Education (Secondary Biology); Master of Arts in Teaching, Science Education (Secondary Chemistry); Master of Arts in Teaching, Science Education (Secondary Earth Science); Master of Arts in Teaching, Science Education (Secondary Physics); Master of Arts in Teaching, Social Studies Education (Secondary); Master of Arts in Teaching, Special Education"
AP,D771,Quantitative Literacy,3,14,School of Education,"Bachelor of Arts, Elementary Education; Bachelor of Arts, Special Education and Elementary Education (Dual Licensure); Bachelor of Arts, Special Education, Mild to Moderate; Bachelor of Science, Mathematics Education (Secondary); Bachelor of Science, Science Education (Secondary Biological Science); Bachelor of Science, Science Education (Secondary Earth Science); Bachelor of Science, Science Education (Secondary Physics); Bachelor of Arts, Educational Studies in Elementary Education; Bachelor of Arts, Educational Studies in Special and Elementary Education; Bachelor of Arts, Educational Studies in Mild to Moderate Exceptionalities Special Education; Bachelor of Arts, Educational Studies in Secondary Mathematics Education; Bachelor of Arts, Educational Studies in Secondary Biological Science Education; Bachelor of Arts, Educational Studies in Secondary Earth Science Education; Bachelor of Arts, Educational Studies in Secondary Physics Science Education"
AP,D772,Statistical Data Literacy,3,8,School of Education,"Bachelor of Arts, Elementary Education; Bachelor of Arts, Special Education and Elementary Education (Dual Licensure); Bachelor of Arts, Special Education, Mild to Moderate; Bachelor of Science, Science Education (Secondary Chemistry); Bachelor of Arts, Educational Studies in Elementary Education; Bachelor of Arts, Educational Studies in Special and Elementary Education; Bachelor of Arts, Educational Studies in Mild to Moderate Exceptionalities Special Education; Bachelor of Arts, Educational Studies in Secondary Chemistry Science Education"
AP,D773,Technology and Ethics: Emerging Trends and,3,19,School of Business; School of Technology; School of Education,"Bachelor of Science, Project Management; Bachelor of Science, Information Technology; Bachelor of Science, Information Technology (BSIT to MSIT); Bachelor of Arts, Elementary Education; Bachelor of Arts, Special Education and Elementary Education (Dual Licensure); Bachelor of Arts, Special Education, Mild to Moderate; Bachelor of Science, Mathematics Education (Secondary); Bachelor of Science, Science Education (Secondary Biological Science); Bachelor of Science, Science Education (Secondary Chemistry); Bachelor of Science, Science Education (Secondary Earth Science); Bachelor of Science, Science Education (Secondary Physics); Bachelor of Arts, Educational Studies in Elementary Education; Bachelor of Arts, Educational Studies in Special and Elementary Education; Bachelor of Arts, Educational Studies in Mild to Moderate Exceptionalities Special Education; Bachelor of Arts, Educational Studies in Secondary Mathematics Education; Bachelor of Arts, Educational Studies in Secondary Biological Science Education; Bachelor of Arts, Educational Studies in Secondary Chemistry Science Education; Bachelor of Arts, Educational Studies in Secondary Earth Science Education; Bachelor of Arts, Educational Studies in Secondary Physics Science Education"
AP,D774,Introduction to Business Accounting,3,8,School of Business,"Bachelor of Science, Human Resource Management; Bachelor of Science, Business Management; Bachelor of Science, Marketing; Bachelor of Science, Communications; Bachelor of Science, Healthcare Administration; Bachelor of Science, Project Management; Bachelor of Science, Supply Chain and Operations Management; Bachelor of Science, User Experience Design"
AP,D775,Introduction to Business Finance,3,8,School of Business,"Bachelor of Science, Human Resource Management; Bachelor of Science, Business Management; Bachelor of Science, Marketing; Bachelor of Science, Communications; Bachelor of Science, Healthcare Administration; Bachelor of Science, Project Management; Bachelor of Science, Supply Chain and Operations Management; Bachelor of Science, User Experience Design"
AP,D776,Healthcare Leadership and Community Engagement,3,1,School of Business,"Bachelor of Science, Healthcare Administration"
AP,D777,Real Life Applications of Data Structures,3,3,School of Technology,"Master of Science, Software Engineering - AI Engineering; Master of Science, Software Engineering - DevOps Engineering; Master of Science, Software Engineering - Domain Driven Design"
AP,D778,Advanced Software Engineering,3,4,School of Technology,"Bachelor of Science, Software Engineering (BSSWE to MSSWE); Master of Science, Software Engineering - AI Engineering; Master of Science, Software Engineering - DevOps Engineering; Master of Science, Software Engineering - Domain Driven Design"
AP,D779,Software Product Design and Requirement,3,3,School of Technology,"Master of Science, Software Engineering - AI Engineering; Master of Science, Software Engineering - DevOps Engineering; Master of Science, Software Engineering - Domain Driven Design"
AP,D780,Software Architecture and Design,3,6,School of Technology,"Bachelor of Science, Software Engineering (BSSWE to MSSWE); Master of Science, Computer Science, Computing Systems; Master of Science, Computer Science, Human-Computer Interaction; Master of Science, Software Engineering - AI Engineering; Master of Science, Software Engineering - DevOps Engineering; Master of Science, Software Engineering - Domain Driven Design"
AP,D781,Software Quality Assurance and Deployment,4,4,School of Technology,"Bachelor of Science, Software Engineering (BSSWE to MSSWE); Master of Science, Software Engineering - AI Engineering; Master of Science, Software Engineering - DevOps Engineering; Master of Science, Software Engineering - Domain Driven Design"
AP,D782,Network Architecture and Cloud Computing,3,5,School of Technology,"Bachelor of Science, Software Engineering (BSSWE to MSSWE); Master of Science, Computer Science, Computing Systems; Master of Science, Software Engineering - AI Engineering; Master of Science, Software Engineering - DevOps Engineering; Master of Science, Software Engineering - Domain Driven Design"
AP,D783,DevOps Foundations,3,1,School of Technology,"Master of Science, Software Engineering - DevOps Engineering"
AP,D784,Continuous Integration and Continuous,3,1,School of Technology,"Master of Science, Software Engineering - DevOps Engineering"
AP,D785,DevOps Security,3,1,School of Technology,"Master of Science, Software Engineering - DevOps Engineering"
AP,D786,Microservices Design and Architecture,3,1,School of Technology,"Master of Science, Software Engineering - Domain Driven Design"
AP,D787,Scalability and Performance Optimization,3,1,School of Technology,"Master of Science, Software Engineering - Domain Driven Design"
AP,D788,Domain Driven Design,3,1,School of Technology,"Master of Science, Software Engineering - Domain Driven Design"
AP,D789,Applied Machine Learning for Business,3,1,School of Technology,"Master of Science, Software Engineering - AI Engineering"
AP,D790,Human Centered AI,3,1,School of Technology,"Master of Science, Software Engineering - AI Engineering"
AP,D791,Integrating AI with Modern Software,3,1,School of Technology,"Master of Science, Software Engineering - AI Engineering"
AP,D793,Formal Languages Overview,3,4,School of Technology,"Bachelor of Science, Computer Science (BSCS to MSCS); Master of Science, Computer Science, Artificial Intelligence and Machine Learning; Master of Science, Computer Science, Computing Systems; Master of Science, Computer Science, Human-Computer Interaction"
AP,D794,Computer Architecture and Systems,3,3,School of Technology,"Master of Science, Computer Science, Artificial Intelligence and Machine Learning; Master of Science, Computer Science, Computing Systems; Master of Science, Computer Science, Human-Computer Interaction"
AP,D795,Applied Algorithms and Reasoning,3,4,School of Technology,"Bachelor of Science, Computer Science (BSCS to MSCS); Master of Science, Computer Science, Artificial Intelligence and Machine Learning; Master of Science, Computer Science, Computing Systems; Master of Science, Computer Science, Human-Computer Interaction"
AP,D796,Unix and Linux,3,3,School of Technology,"Master of Science, Computer Science, Artificial Intelligence and Machine Learning; Master of Science, Computer Science, Computing Systems; Master of Science, Computer Science, Human-Computer Interaction"
AP,D797,Artificial Intelligence and Machine Learning,3,4,School of Technology,"Bachelor of Science, Computer Science (BSCS to MSCS); Master of Science, Computer Science, Artificial Intelligence and Machine Learning; Master of Science, Computer Science, Computing Systems; Master of Science, Computer Science, Human-Computer Interaction"
AP,D798,Emerging Computing Systems,4,1,School of Technology,"Master of Science, Computer Science, Computing Systems"
AP,D799,Mobile and Ubiquitous Design,4,2,School of Technology,"Master of Science, Computer Science, Computing Systems; Master of Science, Computer Science, Human-Computer Interaction"
AP,D800,Human-Computer Interaction,4,1,School of Technology,"Master of Science, Computer Science, Human-Computer Interaction"
AP,D801,Machine Learning for Computer Scientists,4,1,School of Technology,"Master of Science, Computer Science, Artificial Intelligence and Machine Learning"
AP,D802,Deep Learning,3,1,School of Technology,"Master of Science, Computer Science, Artificial Intelligence and Machine Learning"
AP,D803,Natural Language Processing,3,1,School of Technology,"Master of Science, Computer Science, Artificial Intelligence and Machine Learning"
AP,D804,Advanced AI for Computer Scientists,4,1,School of Technology,"Master of Science, Computer Science, Artificial Intelligence and Machine Learning"
AP,D805,Secondary Disciplinary Literacy,3,10,School of Education,"Bachelor of Science, Mathematics Education (Secondary); Bachelor of Science, Science Education (Secondary Biological Science); Bachelor of Science, Science Education (Secondary Chemistry); Bachelor of Science, Science Education (Secondary Earth Science); Bachelor of Science, Science Education (Secondary Physics); Bachelor of Arts, Educational Studies in Secondary Mathematics Education; Bachelor of Arts, Educational Studies in Secondary Biological Science Education; Bachelor of Arts, Educational Studies in Secondary Chemistry Science Education; Bachelor of Arts, Educational Studies in Secondary Earth Science Education; Bachelor of Arts, Educational Studies in Secondary Physics Science Education"
AP,D806,Secondary Disciplinary Literacy,2,7,School of Education,"Master of Arts in Teaching, English Education (Secondary); Master of Arts in Teaching, Mathematics Education (Secondary); Master of Arts in Teaching, Science Education (Secondary Biology); Master of Arts in Teaching, Science Education (Secondary Chemistry); Master of Arts in Teaching, Science Education (Secondary Earth Science); Master of Arts in Teaching, Science Education (Secondary Physics); Master of Arts in Teaching, Social Studies Education (Secondary)"
AP,D807,General Secondary Methods,3,10,School of Education,"Bachelor of Science, Mathematics Education (Secondary); Bachelor of Science, Science Education (Secondary Biological Science); Bachelor of Science, Science Education (Secondary Chemistry); Bachelor of Science, Science Education (Secondary Earth Science); Bachelor of Science, Science Education (Secondary Physics); Bachelor of Arts, Educational Studies in Secondary Mathematics Education; Bachelor of Arts, Educational Studies in Secondary Biological Science Education; Bachelor of Arts, Educational Studies in Secondary Chemistry Science Education; Bachelor of Arts, Educational Studies in Secondary Earth Science Education; Bachelor of Arts, Educational Studies in Secondary Physics Science Education"
AP,D808,General Secondary Methods,2,7,School of Education,"Master of Arts in Teaching, English Education (Secondary); Master of Arts in Teaching, Mathematics Education (Secondary); Master of Arts in Teaching, Science Education (Secondary Biology); Master of Arts in Teaching, Science Education (Secondary Chemistry); Master of Arts in Teaching, Science Education (Secondary Earth Science); Master of Arts in Teaching, Science Education (Secondary Physics); Master of Arts in Teaching, Social Studies Education (Secondary)"
AP,D822,Technology Governance,3,2,School of Technology,"Bachelor of Science, Information Technology; Bachelor of Science, Information Technology (BSIT to MSIT)"
AP,D827,Fundamentals of Information Security,3,1,School of Technology,"Bachelor of Science, Cybersecurity and Information Assurance"
AP,D828,Legal Issues in Information Security,4,1,School of Technology,"Bachelor of Science, Cybersecurity and Information Assurance"
AP,D829,Digital Forensics in Cybersecurity,4,1,School of Technology,"Bachelor of Science, Cybersecurity and Information Assurance"
AP,D830,Introduction to Cryptography,4,1,School of Technology,"Bachelor of Science, Cybersecurity and Information Assurance"
AP,D831,Introduction to AI and Security,2,1,School of Technology,"Bachelor of Science, Cybersecurity and Information Assurance"
AP,D832,Managing Information Security,3,1,School of Technology,"Bachelor of Science, Cybersecurity and Information Assurance"
AP,D833,Cybersecurity and Information Assurance,4,1,School of Technology,"Bachelor of Science, Cybersecurity and Information Assurance"
AP,D835,Social Studies Methods I,2,1,School of Education,"Master of Arts in Teaching, Social Studies Education (Secondary)"
AP,D836,Social Studies Methods II,2,1,School of Education,"Master of Arts in Teaching, Social Studies Education (Secondary)"
AP,D837,Secondary Social Studies Curriculum,2,1,School of Education,"Master of Arts in Teaching, Social Studies Education (Secondary)"
AP,D838,Teaching Adolescent Literature in Secondary,2,1,School of Education,"Master of Arts in Teaching, English Education (Secondary)"
AP,D839,Teaching Writing in Secondary Schools,2,1,School of Education,"Master of Arts in Teaching, English Education (Secondary)"
AP,D840,Teaching English Language Arts in Secondary,2,1,School of Education,"Master of Arts in Teaching, English Education (Secondary)"
AP,D841,Secondary English Language Arts Curriculum,2,1,School of Education,"Master of Arts in Teaching, English Education (Secondary)"
AP,D842,Technology and Ethics: A Look at Emerging,2,9,School of Education,"Master of Arts in Teaching, Elementary Education; Master of Arts in Teaching, English Education (Secondary); Master of Arts in Teaching, Mathematics Education (Secondary); Master of Arts in Teaching, Science Education (Secondary Biology); Master of Arts in Teaching, Science Education (Secondary Chemistry); Master of Arts in Teaching, Science Education (Secondary Earth Science); Master of Arts in Teaching, Science Education (Secondary Physics); Master of Arts in Teaching, Social Studies Education (Secondary); Master of Arts in Teaching, Special Education"
AP,D843,General Chemistry I,3,10,School of Technology; School of Education,"Bachelor of Science, AI Engineering; Bachelor of Science, Science Education (Secondary Biological Science); Bachelor of Science, Science Education (Secondary Chemistry); Bachelor of Science, Science Education (Secondary Earth Science); Bachelor of Science, Science Education (Secondary Physics); Bachelor of Arts, Educational Studies in Secondary Biological Science Education; Bachelor of Arts, Educational Studies in Secondary Chemistry Science Education; Bachelor of Arts, Educational Studies in Secondary Earth Science Education; Bachelor of Arts, Educational Studies in Secondary Physics Science Education; Endorsement Preparation Program, Chemistry"
AP,D844,General Chemistry I Lab,1,9,School of Technology; School of Education,"Bachelor of Science, AI Engineering; Bachelor of Science, Science Education (Secondary Biological Science); Bachelor of Science, Science Education (Secondary Chemistry); Bachelor of Science, Science Education (Secondary Earth Science); Bachelor of Science, Science Education (Secondary Physics); Bachelor of Arts, Educational Studies in Secondary Biological Science Education; Bachelor of Arts, Educational Studies in Secondary Chemistry Science Education; Bachelor of Arts, Educational Studies in Secondary Earth Science Education; Bachelor of Arts, Educational Studies in Secondary Physics Science Education"
AP,D845,General Physics I,3,9,School of Education,"Bachelor of Science, Science Education (Secondary Biological Science); Bachelor of Science, Science Education (Secondary Chemistry); Bachelor of Science, Science Education (Secondary Earth Science); Bachelor of Science, Science Education (Secondary Physics); Bachelor of Arts, Educational Studies in Secondary Biological Science Education; Bachelor of Arts, Educational Studies in Secondary Chemistry Science Education; Bachelor of Arts, Educational Studies in Secondary Earth Science Education; Bachelor of Arts, Educational Studies in Secondary Physics Science Education; Endorsement Preparation Program, Physics"
AP,D846,General Physics I Lab,1,8,School of Education,"Bachelor of Science, Science Education (Secondary Biological Science); Bachelor of Science, Science Education (Secondary Chemistry); Bachelor of Science, Science Education (Secondary Earth Science); Bachelor of Science, Science Education (Secondary Physics); Bachelor of Arts, Educational Studies in Secondary Biological Science Education; Bachelor of Arts, Educational Studies in Secondary Chemistry Science Education; Bachelor of Arts, Educational Studies in Secondary Earth Science Education; Bachelor of Arts, Educational Studies in Secondary Physics Science Education"
AP,D847,General Earth Science I,3,8,School of Education,"Bachelor of Science, Science Education (Secondary Biological Science); Bachelor of Science, Science Education (Secondary Chemistry); Bachelor of Science, Science Education (Secondary Earth Science); Bachelor of Science, Science Education (Secondary Physics); Bachelor of Arts, Educational Studies in Secondary Biological Science Education; Bachelor of Arts, Educational Studies in Secondary Chemistry Science Education; Bachelor of Arts, Educational Studies in Secondary Earth Science Education; Bachelor of Arts, Educational Studies in Secondary Physics Science Education"
AP,D848,General Earth Science I Lab,1,8,School of Education,"Bachelor of Science, Science Education (Secondary Biological Science); Bachelor of Science, Science Education (Secondary Chemistry); Bachelor of Science, Science Education (Secondary Earth Science); Bachelor of Science, Science Education (Secondary Physics); Bachelor of Arts, Educational Studies in Secondary Biological Science Education; Bachelor of Arts, Educational Studies in Secondary Chemistry Science Education; Bachelor of Arts, Educational Studies in Secondary Earth Science Education; Bachelor of Arts, Educational Studies in Secondary Physics Science Education"
AP,D849,General Biology I,3,10,School of Education,"Bachelor of Science, Mathematics Education (Secondary); Bachelor of Science, Science Education (Secondary Biological Science); Bachelor of Science, Science Education (Secondary Chemistry); Bachelor of Science, Science Education (Secondary Earth Science); Bachelor of Science, Science Education (Secondary Physics); Bachelor of Arts, Educational Studies in Secondary Mathematics Education; Bachelor of Arts, Educational Studies in Secondary Biological Science Education; Bachelor of Arts, Educational Studies in Secondary Chemistry Science Education; Bachelor of Arts, Educational Studies in Secondary Earth Science Education; Bachelor of Arts, Educational Studies in Secondary Physics Science Education"
AP,D850,General Biology I Lab,1,8,School of Education,"Bachelor of Science, Science Education (Secondary Biological Science); Bachelor of Science, Science Education (Secondary Chemistry); Bachelor of Science, Science Education (Secondary Earth Science); Bachelor of Science, Science Education (Secondary Physics); Bachelor of Arts, Educational Studies in Secondary Biological Science Education; Bachelor of Arts, Educational Studies in Secondary Chemistry Science Education; Bachelor of Arts, Educational Studies in Secondary Earth Science Education; Bachelor of Arts, Educational Studies in Secondary Physics Science Education"
AP,D852,Astronomy,3,3,School of Education,"Bachelor of Science, Science Education (Secondary Earth Science); Bachelor of Arts, Educational Studies in Secondary Earth Science Education; Endorsement Preparation Program, Earth Science"
AP,D853,Meteorology,3,3,School of Education,"Bachelor of Science, Science Education (Secondary Earth Science); Bachelor of Arts, Educational Studies in Secondary Earth Science Education; Endorsement Preparation Program, Earth Science"
AP,D854,Environmental Science,3,3,School of Education,"Bachelor of Science, Science Education (Secondary Earth Science); Bachelor of Arts, Educational Studies in Secondary Earth Science Education; Endorsement Preparation Program, Earth Science"
AP,D855,Natural Hazards,3,3,School of Education,"Bachelor of Science, Science Education (Secondary Earth Science); Bachelor of Arts, Educational Studies in Secondary Earth Science Education; Endorsement Preparation Program, Earth Science"
AP,D856,Environmental Management with Lab,4,3,School of Education,"Bachelor of Science, Science Education (Secondary Earth Science); Bachelor of Arts, Educational Studies in Secondary Earth Science Education; Endorsement Preparation Program, Earth Science"
AP,D857,Secondary Earth Science Curriculum,3,3,School of Education,"Bachelor of Science, Science Education (Secondary Earth Science); Bachelor of Arts, Educational Studies in Secondary Earth Science Education; Endorsement Preparation Program, Earth Science"
AP,D858,Secondary Earth Science Curriculum,2,1,School of Education,"Master of Arts in Teaching, Science Education (Secondary Earth Science)"
AP,D859,General Geology,3,3,School of Education,"Bachelor of Science, Science Education (Secondary Earth Science); Bachelor of Arts, Educational Studies in Secondary Earth Science Education; Endorsement Preparation Program, Earth Science"
AP,D860,General Physics II with Lab,4,3,School of Education,"Bachelor of Science, Science Education (Secondary Physics); Bachelor of Arts, Educational Studies in Secondary Physics Science Education; Endorsement Preparation Program, Physics"
AP,D861,Electricity and Magnetism,3,3,School of Education,"Bachelor of Science, Science Education (Secondary Physics); Bachelor of Arts, Educational Studies in Secondary Physics Science Education; Endorsement Preparation Program, Physics"
AP,D862,Astrophysics with Lab,4,3,School of Education,"Bachelor of Science, Science Education (Secondary Physics); Bachelor of Arts, Educational Studies in Secondary Physics Science Education; Endorsement Preparation Program, Physics"
AP,D863,"Waves, Acoustics, and Sound",3,3,School of Education,"Bachelor of Science, Science Education (Secondary Physics); Bachelor of Arts, Educational Studies in Secondary Physics Science Education; Endorsement Preparation Program, Physics"
AP,D864,Secondary Physics Curriculum,3,3,School of Education,"Bachelor of Science, Science Education (Secondary Physics); Bachelor of Arts, Educational Studies in Secondary Physics Science Education; Endorsement Preparation Program, Physics"
AP,D865,Secondary Physics Curriculum,2,1,School of Education,"Master of Arts in Teaching, Science Education (Secondary Physics)"
AP,D866,General Chemistry II with Lab,4,3,School of Education,"Bachelor of Science, Science Education (Secondary Chemistry); Bachelor of Arts, Educational Studies in Secondary Chemistry Science Education; Endorsement Preparation Program, Chemistry"
AP,D867,Organic Chemistry,3,3,School of Education,"Bachelor of Science, Science Education (Secondary Chemistry); Bachelor of Arts, Educational Studies in Secondary Chemistry Science Education; Endorsement Preparation Program, Chemistry"
AP,D868,Analytical Chemistry with Lab,4,3,School of Education,"Bachelor of Science, Science Education (Secondary Chemistry); Bachelor of Arts, Educational Studies in Secondary Chemistry Science Education; Endorsement Preparation Program, Chemistry"
AP,D869,Biochemistry I,3,3,School of Education,"Bachelor of Science, Science Education (Secondary Chemistry); Bachelor of Arts, Educational Studies in Secondary Chemistry Science Education; Endorsement Preparation Program, Chemistry"
AP,D870,Physical Chemistry I,3,3,School of Education,"Bachelor of Science, Science Education (Secondary Chemistry); Bachelor of Arts, Educational Studies in Secondary Chemistry Science Education; Endorsement Preparation Program, Chemistry"
AP,D871,Secondary Chemistry Curriculum,3,3,School of Education,"Bachelor of Science, Science Education (Secondary Chemistry); Bachelor of Arts, Educational Studies in Secondary Chemistry Science Education; Endorsement Preparation Program, Chemistry"
AP,D872,Secondary Chemistry Curriculum,2,1,School of Education,"Master of Arts in Teaching, Science Education (Secondary Chemistry)"
AP,D873,Laboratory Safety,1,8,School of Education,"Bachelor of Science, Science Education (Secondary Biological Science); Bachelor of Science, Science Education (Secondary Chemistry); Bachelor of Science, Science Education (Secondary Earth Science); Bachelor of Science, Science Education (Secondary Physics); Bachelor of Arts, Educational Studies in Secondary Biological Science Education; Bachelor of Arts, Educational Studies in Secondary Chemistry Science Education; Bachelor of Arts, Educational Studies in Secondary Earth Science Education; Bachelor of Arts, Educational Studies in Secondary Physics Science Education"
AP,D874,Three Dimensional Science and Engineering,3,8,School of Education,"Bachelor of Science, Science Education (Secondary Biological Science); Bachelor of Science, Science Education (Secondary Chemistry); Bachelor of Science, Science Education (Secondary Earth Science); Bachelor of Science, Science Education (Secondary Physics); Bachelor of Arts, Educational Studies in Secondary Biological Science Education; Bachelor of Arts, Educational Studies in Secondary Chemistry Science Education; Bachelor of Arts, Educational Studies in Secondary Earth Science Education; Bachelor of Arts, Educational Studies in Secondary Physics Science Education"
AP,D875,Secondary Science Teaching Methods,3,8,School of Education,"Bachelor of Science, Science Education (Secondary Biological Science); Bachelor of Science, Science Education (Secondary Chemistry); Bachelor of Science, Science Education (Secondary Earth Science); Bachelor of Science, Science Education (Secondary Physics); Bachelor of Arts, Educational Studies in Secondary Biological Science Education; Bachelor of Arts, Educational Studies in Secondary Chemistry Science Education; Bachelor of Arts, Educational Studies in Secondary Earth Science Education; Bachelor of Arts, Educational Studies in Secondary Physics Science Education"
AP,D876,Cell Biology,3,3,School of Education,"Bachelor of Science, Science Education (Secondary Biological Science); Bachelor of Arts, Educational Studies in Secondary Biological Science Education; Endorsement Preparation Program, Biology"
AP,D877,General Biology II,3,3,School of Education,"Bachelor of Science, Science Education (Secondary Biological Science); Bachelor of Arts, Educational Studies in Secondary Biological Science Education; Endorsement Preparation Program, Biology"
AP,D878,General Ecology,3,6,School of Education,"Bachelor of Science, Science Education (Secondary Biological Science); Bachelor of Science, Science Education (Secondary Earth Science); Bachelor of Arts, Educational Studies in Secondary Biological Science Education; Bachelor of Arts, Educational Studies in Secondary Earth Science Education; Endorsement Preparation Program, Biology; Endorsement Preparation Program, Earth Science"
AP,D879,Genetics,3,3,School of Education,"Bachelor of Science, Science Education (Secondary Biological Science); Bachelor of Arts, Educational Studies in Secondary Biological Science Education; Endorsement Preparation Program, Biology"
AP,D880,Evolutionary Biology,3,3,School of Education,"Bachelor of Science, Science Education (Secondary Biological Science); Bachelor of Arts, Educational Studies in Secondary Biological Science Education; Endorsement Preparation Program, Biology"
AP,D881,Advanced Zoology and Botany with Lab,4,3,School of Education,"Bachelor of Science, Science Education (Secondary Biological Science); Bachelor of Arts, Educational Studies in Secondary Biological Science Education; Endorsement Preparation Program, Biology"
AP,D882,Secondary Biology Curriculum,3,3,School of Education,"Bachelor of Science, Science Education (Secondary Biological Science); Bachelor of Arts, Educational Studies in Secondary Biological Science Education; Endorsement Preparation Program, Biology"
AP,D883,Secondary Biology Curriculum,2,1,School of Education,"Master of Arts in Teaching, Science Education (Secondary Biology)"
AP,D884,Laboratory Safety,1,4,School of Education,"Master of Arts in Teaching, Science Education (Secondary Biology); Master of Arts in Teaching, Science Education (Secondary Chemistry); Master of Arts in Teaching, Science Education (Secondary Earth Science); Master of Arts in Teaching, Science Education (Secondary Physics)"
AP,D885,Three Dimensional Science and Engineering,2,4,School of Education,"Master of Arts in Teaching, Science Education (Secondary Biology); Master of Arts in Teaching, Science Education (Secondary Chemistry); Master of Arts in Teaching, Science Education (Secondary Earth Science); Master of Arts in Teaching, Science Education (Secondary Physics)"
AP,D886,Secondary Science Teaching Methods,2,4,School of Education,"Master of Arts in Teaching, Science Education (Secondary Biology); Master of Arts in Teaching, Science Education (Secondary Chemistry); Master of Arts in Teaching, Science Education (Secondary Earth Science); Master of Arts in Teaching, Science Education (Secondary Physics)"
AP,D887,Molecular Biology,3,3,School of Education,"Bachelor of Science, Science Education (Secondary Biological Science); Bachelor of Arts, Educational Studies in Secondary Biological Science Education; Endorsement Preparation Program, Biology"
AP,D888,Probability and Statistics,3,8,School of Education,"Bachelor of Science, Mathematics Education (Secondary); Bachelor of Science, Science Education (Secondary Biological Science); Bachelor of Science, Science Education (Secondary Earth Science); Bachelor of Arts, Educational Studies in Secondary Mathematics Education; Bachelor of Arts, Educational Studies in Secondary Biological Science Education; Bachelor of Arts, Educational Studies in Secondary Earth Science Education; Endorsement Preparation Program, Biology; Endorsement Preparation Program, Earth Science"
AP,D889,Trigonometry,3,2,School of Education,"Bachelor of Science, Mathematics Education (Secondary); Bachelor of Arts, Educational Studies in Secondary Mathematics Education"
AP,D890,Calculus I,3,5,School of Education,"Bachelor of Science, Mathematics Education (Secondary); Bachelor of Science, Science Education (Secondary Physics); Bachelor of Arts, Educational Studies in Secondary Mathematics Education; Bachelor of Arts, Educational Studies in Secondary Physics Science Education; Endorsement Preparation Program, Physics"
AP,D891,Calculus II,3,2,School of Education,"Bachelor of Science, Mathematics Education (Secondary); Bachelor of Arts, Educational Studies in Secondary Mathematics Education"
AP,D892,Multivariable Calculus,3,2,School of Education,"Bachelor of Science, Mathematics Education (Secondary); Bachelor of Arts, Educational Studies in Secondary Mathematics Education"
AP,D893,Linear Algebra,3,2,School of Education,"Bachelor of Science, Mathematics Education (Secondary); Bachelor of Arts, Educational Studies in Secondary Mathematics Education"
AP,D894,Advanced Calculus,3,2,School of Education,"Bachelor of Science, Mathematics Education (Secondary); Bachelor of Arts, Educational Studies in Secondary Mathematics Education"
AP,D895,Geometry for Secondary Mathematics,3,2,School of Education,"Bachelor of Science, Mathematics Education (Secondary); Bachelor of Arts, Educational Studies in Secondary Mathematics Education"
AP,D896,Differential Equations,3,2,School of Education,"Bachelor of Science, Mathematics Education (Secondary); Bachelor of Arts, Educational Studies in Secondary Mathematics Education"
AP,D897,Advanced Probability and Statistics,3,2,School of Education,"Bachelor of Science, Mathematics Education (Secondary); Bachelor of Arts, Educational Studies in Secondary Mathematics Education"
AP,D898,Algebra for Secondary Mathematics Teaching,3,2,School of Education,"Bachelor of Science, Mathematics Education (Secondary); Bachelor of Arts, Educational Studies in Secondary Mathematics Education"
AP,D899,Statistics for Secondary Mathematics Teaching,3,2,School of Education,"Bachelor of Science, Mathematics Education (Secondary); Bachelor of Arts, Educational Studies in Secondary Mathematics Education"
AP,D900,Methods of Teaching Secondary Mathematics,3,2,School of Education,"Bachelor of Science, Mathematics Education (Secondary); Bachelor of Arts, Educational Studies in Secondary Mathematics Education"
AP,D901,Secondary Mathematics Curriculum,3,2,School of Education,"Bachelor of Science, Mathematics Education (Secondary); Bachelor of Arts, Educational Studies in Secondary Mathematics Education"
AP,D902,Secondary Mathematics Curriculum,2,1,School of Education,"Master of Arts in Teaching, Mathematics Education (Secondary)"
AP,D903,Geometry for Secondary Mathematics,2,1,School of Education,"Master of Arts in Teaching, Mathematics Education (Secondary)"
AP,D904,Algebra for Secondary Mathematics Teaching,2,1,School of Education,"Master of Arts in Teaching, Mathematics Education (Secondary)"
AP,D905,Statistics for Secondary Mathematics Teaching,2,1,School of Education,"Master of Arts in Teaching, Mathematics Education (Secondary)"
AP,D906,Methods of Teaching Secondary Mathematics,2,1,School of Education,"Master of Arts in Teaching, Mathematics Education (Secondary)"
AP,D907,Health Services Research,3,1,Leavitt School of Health,Master of Healthcare Administration
AP,D908,Healthcare Management,3,1,Leavitt School of Health,Master of Healthcare Administration
AP,D909,Healthcare Law and Ethics,3,1,Leavitt School of Health,Master of Healthcare Administration
AP,D910,Data Analysis for Healthcare Decisions,3,1,Leavitt School of Health,Master of Healthcare Administration
AP,D911,Transforming Healthcare Through Technology,3,1,Leavitt School of Health,Master of Healthcare Administration
AP,D912,Healthcare Quality,3,1,Leavitt School of Health,Master of Healthcare Administration
AP,D913,Risk Management and Compliance,3,1,Leavitt School of Health,Master of Healthcare Administration
AP,D914,Healthcare Economics,3,1,Leavitt School of Health,Master of Healthcare Administration
AP,D915,Resource Management and Performance,3,1,Leavitt School of Health,Master of Healthcare Administration
AP,D916,MHA Capstone,4,1,Leavitt School of Health,Master of Healthcare Administration
AP,D922,Middle Grades Methods,3,2,School of Education,"Endorsement Preparation Program, Middle Grades Math; Endorsement Preparation Program, Middle Grades Science"
AP,D923,Teaching in Middle School,3,2,School of Education,"Endorsement Preparation Program, Middle Grades Math; Endorsement Preparation Program, Middle Grades Science"
AP,DPT2,Physics: Electricity and Magnetism,2,1,School of Education,Master of Arts Science Education (Secondary Physics)
AP,E004,Introduction to IT,3,6,School of Technology,"Bachelor of Science, Cloud and Network Engineering; Bachelor of Science, Cloud and Network Engineering - Amazon Web Services; Bachelor of Science, Cloud and Network Engineering - Cisco; Bachelor of Science, Cloud and Network Engineering - Microsoft Azure; Bachelor of Science, Information Technology; Bachelor of Science, Information Technology (BSIT to MSIT)"
AP,E005,Business Productivity Software,3,2,School of Technology,"Bachelor of Science, Information Technology; Bachelor of Science, Information Technology (BSIT to MSIT)"
AP,E006,Digital Transformation in the Enterprise,2,2,School of Technology,"Bachelor of Science, Information Technology; Bachelor of Science, Information Technology (BSIT to MSIT)"
AP,E007,Agile Methodology,3,2,School of Technology,"Bachelor of Science, Information Technology; Bachelor of Science, Information Technology (BSIT to MSIT)"
AP,E008,Technology Management,3,1,School of Technology,"Bachelor of Science, Information Technology"
AP,E009,Web Design Fundamentals,3,2,School of Technology,"Bachelor of Science, Information Technology; Bachelor of Science, Information Technology (BSIT to MSIT)"
AP,E010,Foundations of Programming (Python),3,6,School of Technology,"Bachelor of Science, Cloud and Network Engineering; Bachelor of Science, Cloud and Network Engineering - Amazon Web Services; Bachelor of Science, Cloud and Network Engineering - Cisco; Bachelor of Science, Cloud and Network Engineering - Microsoft Azure; Bachelor of Science, Information Technology; Bachelor of Science, Information Technology (BSIT to MSIT)"
AP,E011,Technical Communication,3,3,School of Technology,"Bachelor of Science, Information Technology (BSIT to MSIT); Master of Science, Information Technology; Master of Science, Information Technology - Product Management"
AP,E012,Information Technology Management and,3,3,School of Technology,"Bachelor of Science, Information Technology (BSIT to MSIT); Master of Science, Information Technology; Master of Science, Information Technology - Product Management"
AP,E013,Financial Planning for IT Professionals,3,2,School of Technology,"Master of Science, Information Technology; Master of Science, Information Technology - Product Management"
AP,E014,Problem Solving for Technology Business,2,2,School of Technology,"Master of Science, Information Technology; Master of Science, Information Technology - Product Management"
AP,E015,Project Management,4,3,School of Technology,"Bachelor of Science, Information Technology (BSIT to MSIT); Master of Science, Information Technology; Master of Science, Information Technology - Product Management"
AP,E016,Risk Management and Information Technology,3,2,School of Technology,"Master of Science, Information Technology; Master of Science, Information Technology - Product Management"
AP,E017,Agile Processes and Culture in Technology,3,2,School of Technology,"Master of Science, Information Technology; Master of Science, Information Technology - Product Management"
AP,E018,Cloud Strategy,3,1,School of Technology,"Master of Science, Information Technology"
AP,E019,Cybersecurity Strategy,3,1,School of Technology,"Master of Science, Information Technology"
AP,E020,Data and AI Strategy,2,1,School of Technology,"Master of Science, Information Technology"
AP,E021,Leading a Technology Transformation,3,1,School of Technology,"Master of Science, Information Technology"
AP,E022,Product Strategy,3,1,School of Technology,"Master of Science, Information Technology - Product Management"
AP,E023,Product Design,3,1,School of Technology,"Master of Science, Information Technology - Product Management"
AP,E024,Product Launch,3,1,School of Technology,"Master of Science, Information Technology - Product Management"
AP,E025,Cloud and Network Security Models,4,4,School of Technology,"Bachelor of Science, Cloud and Network Engineering; Bachelor of Science, Cloud and Network Engineering - Amazon Web Services; Bachelor of Science, Cloud and Network Engineering - Cisco; Bachelor of Science, Cloud and Network Engineering - Microsoft Azure"
AP,E026,AI for IT Automation and Security,3,4,School of Technology,"Bachelor of Science, Cloud and Network Engineering; Bachelor of Science, Cloud and Network Engineering - Amazon Web Services; Bachelor of Science, Cloud and Network Engineering - Cisco; Bachelor of Science, Cloud and Network Engineering - Microsoft Azure"
AP,E027,Virtualization and IaaS,3,4,School of Technology,"Bachelor of Science, Cloud and Network Engineering; Bachelor of Science, Cloud and Network Engineering - Amazon Web Services; Bachelor of Science, Cloud and Network Engineering - Cisco; Bachelor of Science, Cloud and Network Engineering - Microsoft Azure"
AP,E028,Hybrid Cloud Infrastructure and Orchestration,4,4,School of Technology,"Bachelor of Science, Cloud and Network Engineering; Bachelor of Science, Cloud and Network Engineering - Amazon Web Services; Bachelor of Science, Cloud and Network Engineering - Cisco; Bachelor of Science, Cloud and Network Engineering - Microsoft Azure"
AP,E029,BSCNE Capstone Project,4,1,School of Technology,"Bachelor of Science, Cloud and Network Engineering"
AP,E030,BSCNE-AWS Capstone Project,4,1,School of Technology,"Bachelor of Science, Cloud and Network Engineering - Amazon Web Services"
AP,E031,BSCNE-Azure Capstone Project,4,1,School of Technology,"Bachelor of Science, Cloud and Network Engineering - Microsoft Azure"
AP,E032,BSCNE-Cisco Capstone Project,4,1,School of Technology,"Bachelor of Science, Cloud and Network Engineering - Cisco"
AP,E033,Azure Solutions Architecture,3,1,School of Technology,"Bachelor of Science, Cloud and Network Engineering - Microsoft Azure"
AP,E054,Foundations of Project Management,3,1,School of Business,"Bachelor of Science, Project Management"
AP,E055,Project Scoping and Scheduling,3,1,School of Business,"Bachelor of Science, Project Management"
AP,E056,Budgeting and Cost Control,3,1,School of Business,"Bachelor of Science, Project Management"
AP,E057,Risk Management and Contingency Planning,3,1,School of Business,"Bachelor of Science, Project Management"
AP,E058,Stakeholder Communication and Collaboration,3,1,School of Business,"Bachelor of Science, Project Management"
AP,E059,"Legal, Ethical, and Cultural Considerations in",3,1,School of Business,"Bachelor of Science, Project Management"
AP,E060,Project Management Methodologies,4,1,School of Business,"Bachelor of Science, Project Management"
AP,E061,Strategic Project Management and Decision,3,1,School of Business,"Bachelor of Science, Project Management"
AP,E062,Applied Project Management Capstone,4,1,School of Business,"Bachelor of Science, Project Management"
AP,E066,Object Oriented Programming in Python,3,1,School of Technology,"Bachelor of Science, AI Engineering"
AP,E067,Calculus I,4,1,School of Technology,"Bachelor of Science, AI Engineering"
AP,E068,Ethical Engineering,3,1,School of Technology,"Bachelor of Science, AI Engineering"
AP,E071,Applied Discrete Mathematics,3,1,School of Technology,"Bachelor of Science, AI Engineering"
AP,E077,Introduction to AI Engineering,3,1,School of Technology,"Bachelor of Science, AI Engineering"
AP,E078,Calculus II for Engineers,3,1,School of Technology,"Bachelor of Science, AI Engineering"
AP,E079,Calculus III for Engineers,3,1,School of Technology,"Bachelor of Science, AI Engineering"
AP,E080,AI Engineering with C#,3,1,School of Technology,"Bachelor of Science, AI Engineering"
AP,E081,Azure AI Fundamentals,3,1,School of Technology,"Bachelor of Science, AI Engineering"
AP,E082,Linear Algebra for Engineers,3,1,School of Technology,"Bachelor of Science, AI Engineering"
AP,E083,Mathematics of AI,3,1,School of Technology,"Bachelor of Science, AI Engineering"
AP,E084,Advanced C#,3,1,School of Technology,"Bachelor of Science, AI Engineering"
AP,E085,C# .NET Back End Development,3,1,School of Technology,"Bachelor of Science, AI Engineering"
AP,E086,Computer Systems for AI,3,1,School of Technology,"Bachelor of Science, AI Engineering"
AP,E087,Deep Learning for AI Engineers,3,1,School of Technology,"Bachelor of Science, AI Engineering"
AP,E088,Natural Language Processing for AI Engineers,3,1,School of Technology,"Bachelor of Science, AI Engineering"
AP,E089,Computer Vision for AI Engineers,3,1,School of Technology,"Bachelor of Science, AI Engineering"
AP,E090,Applied AI Engineering,3,1,School of Technology,"Bachelor of Science, AI Engineering"
AP,E101,Applied Professional Experience,3,1,School of Business,"Bachelor of Science, Project Management"
AP,E200,MSHRM Capstone,3,1,School of Business,"Master of Science, Human Resource Management"
AP,E224,Global and Population Health,4,1,Leavitt School of Health,"Bachelor of Science, Nursing"
AP,E225,Emerging Professional Practice,3,1,Leavitt School of Health,"Bachelor of Science, Nursing"
AP,ELO1,Subject Specific Pedagogy: ELL,3,2,School of Education,"Master of Arts, English Language Learning; Endorsement Preparation Program, English Language Learning"
AP,FEA1,Field Experience for ELL,3,2,School of Education,"Master of Arts, English Language Learning; Endorsement Preparation Program, English Language Learning"
AP,LPA1,"Language Production, Theory and Acquisition",4,2,School of Education,"Master of Arts, English Language Learning; Endorsement Preparation Program, English Language Learning"
AP,MFT2,Mathematics (K-6) Portfolio Oral Defense,2,1,School of Education,"Master of Arts, Mathematics Education (K-6)"
AP,MGT2,IT Project Management,3,1,School of Business,"MBA, IT Management"
AP,MMT2,IT Strategic Solutions,4,1,School of Business,"MBA, IT Management"
AP,NMA1,Professional Role of the ELL Teacher,2,2,School of Education,"Master of Arts, English Language Learning; Endorsement Preparation Program, English Language Learning"
AP,NNA1,"Planning, Implementing, Managing Instruction",4,2,School of Education,"Master of Arts, English Language Learning; Endorsement Preparation Program, English Language Learning"
AP,OOT2,Mathematics History and Technology,2,2,School of Education,Master of Arts in Mathematics Education (Middle Grades); Master of Arts in Mathematics Education (Secondary)
AP,OPT2,Mathematics Learning and Teaching,2,2,School of Education,Master of Arts in Mathematics Education (Middle Grades); Master of Arts in Mathematics Education (Secondary)
AP,PFIT,Business - IT Management Portfolio Requirement,3,1,School of Business,"Bachelor of Science, Information Technology Management"
AP,QDT2,Abstract Algebra,2,1,School of Education,Master of Arts in Mathematics Education (Secondary)
AP,QFT1,Business - IT Management Capstone Project,4,1,School of Business,"Bachelor of Science, Information Technology Management"
AP,QGT1,Business Management Capstone Written Project,4,1,School of Business,"Bachelor of Science, Business Management"
AP,QHT1,Business Management Tasks,3,2,School of Business,"Bachelor of Science, Business Management; Bachelor of Science, Marketing"
AP,QJT2,Calculus I,2,1,School of Education,Master of Arts in Mathematics Education (Middle Grades)
AP,QTT2,Finite Mathematics,2,2,School of Education,"Master of Arts, Mathematics Education (K-6); Master of Arts in Mathematics Education (Middle Grades)"
AP,RKT2,Linear Algebra,2,1,School of Education,Master of Arts in Mathematics Education (Secondary)
AP,RNT2,General Physics,3,2,School of Education,Master of Arts Science Education (Middle Grades); Master of Arts Science Education (Secondary Earth Science)
AP,RXT2,Precalculus and Calculus,2,2,School of Education,Master of Arts Science Education (Secondary Chemistry); Master of Arts Science Education (Secondary Physics)
AP,SLO1,Theories of Second Language Acquisition and Grammar,3,2,School of Education,"Master of Arts, English Language Learning; Endorsement Preparation Program, English Language Learning"
AP,TOC2,Probability and Statistics I,2,2,School of Education,Master of Arts in Mathematics Education (Middle Grades); Master of Arts in Mathematics Education (Secondary)
AP,TQC2,Probability and Statistics II,2,1,School of Education,Master of Arts in Mathematics Education (Secondary)
AP,VZT1,Marketing Applications,3,1,School of Business,"Bachelor of Science, Marketing"
