course_code,status,canonical_title,canonical_cus,first_seen,last_seen,edition_count,span_months,college_count,colleges,title_variant_count,title_variants,first_programs,latest_programs
ABP1,RETIRED,Introduction to Preclinical Experiences,3,2017-01,2017-05,3,4,1,Teachers College,0,,"Bachelor of Arts, Interdisciplinary Studies (K-8) | Bachelor of Arts, Mathematics (5-12) | Bachelor of Arts, Mathematics (5-9) | Bachelor of Arts, Science (5-12, Bio)","Bachelor of Arts, Interdisciplinary Studies (K-8) | Bachelor of Arts, Mathematics (5-12) | Bachelor of Arts, Mathematics (5-9) | Bachelor of Arts, Science (5-12, Bio)"
ABV1,RETIRED,Operating Systems,6,2017-01,2017-09,6,8,1,College of Information Technology,0,,"Bachelor of Science, IT - Networks Administration Emphasis","Bachelor of Science, IT - Networks Administration Emphasis"
AEP1,RETIRED,Preclinical Experiences in Elementary Education,3,2017-01,2017-05,3,4,1,Teachers College,0,,"Bachelor of Arts, Interdisciplinary Studies (K-8)","Bachelor of Arts, Interdisciplinary Studies (K-8)"
AEP2,RETIRED,Preclinical Experiences in Elementary Education,2,2017-01,2017-05,3,4,1,Teachers College,0,,"Master of Arts in Teaching, Elementary Education (K-8) | Post-baccalaureate Teacher Preparation, Elementary Education (K-8)","Master of Arts in Teaching, Elementary Education (K-8) | Post-baccalaureate Teacher Preparation, Elementary Education (K-8)"
AFP1,RETIRED,Pre-Clinical Experiences in Science,3,2017-01,2017-05,3,4,1,Teachers College,1,Preclinical Experiences in Science,"Bachelor of Arts, Science (5-9)","Bachelor of Arts, Science (5-9)"
AFP2,RETIRED,Pre-Clinical Experiences in Science,2,2017-01,2017-05,3,4,1,Teachers College,1,Preclinical Experiences in Science,"Master of Arts in Teaching, Science (5-9) | Post-baccalaureate Teacher Preparation, Science (5-9)","Master of Arts in Teaching, Science (5-9) | Post-baccalaureate Teacher Preparation, Science (5-9)"
AFT2,RETIRED,Accreditation Audit,4,2017-01,2026-06,111,113,2,College of Business | School of Business,0,,"MBA, Healthcare Management","Master of Business Administration, Healthcare Administration"
AGP1,RETIRED,Pre-Clinical Experiences in Mathematics,3,2017-01,2017-05,3,4,1,Teachers College,1,Preclinical Experiences in Mathematics,"Bachelor of Arts, Mathematics (5-9)","Bachelor of Arts, Mathematics (5-9)"
AGP2,RETIRED,Pre-Clinical Experiences in Mathematics,2,2017-01,2017-05,3,4,1,Teachers College,1,Preclinical Experiences in Mathematics,"Master of Arts in Teaching, Mathematics (5-9) | Post-baccalaureate Teacher Preparation, Mathematics (5-9)","Master of Arts in Teaching, Mathematics (5-9) | Post-baccalaureate Teacher Preparation, Mathematics (5-9)"
AIT2,RETIRED,Organic Chemistry,2,2017-01,2026-06,111,113,2,School of Education | Teachers College,0,,"Master of Arts, Science Education (5-12, Chemistry)",Master of Arts Science Education (Secondary Chemistry)
ALP1,RETIRED,Preclinical Experiences in Elementary and Special Education,3,2017-01,2017-05,3,4,1,Teachers College,0,,"Bachelor of Arts, Special Education","Bachelor of Arts, Special Education"
AMP2,RETIRED,Pre-Clinical Experiences in Social Science,2,2017-01,2017-05,3,4,1,Teachers College,1,Preclinical Experiences in Social Science,"Master of Arts in Teaching, Social Science (5-12) | Post-baccalaureate Teacher Preparation, Social Science (5-12)","Master of Arts in Teaching, Social Science (5-12) | Post-baccalaureate Teacher Preparation, Social Science (5-12)"
AMT2,RETIRED,Service Line Development,4,2017-01,2026-06,111,113,2,College of Business | School of Business,0,,"MBA, Healthcare Management","Master of Business Administration, Healthcare Administration"
AOA2,RETIRED,Number Sense and Functions,4,2017-01,2026-06,111,113,2,School of Education | Teachers College,0,,"Master of Arts, Mathematics Education (K-6)","Master of Arts, Mathematics Education (K-6)"
ASA1,RETIRED,Assessment Theory and Practice,3,2017-01,2026-06,111,113,2,School of Education | Teachers College,0,,"Endorsement Preparation Program, English Language Learning (PreK-12) | Master of Arts, English Language Learning (PreK-12)","Endorsement Preparation Program, English Language Learning | Master of Arts, English Language Learning"
ASC1,RETIRED,Marketing Management Concepts,12,2017-01,2020-09,42,44,1,College of Business,0,,"Bachelor of Science, Marketing Management","Bachelor of Science Business Administration, Marketing"
ASP1,RETIRED,Pre-Clinical Experiences in Mathematics,3,2017-01,2017-05,3,4,1,Teachers College,1,Preclinical Experiences in Mathematics,"Bachelor of Arts, Mathematics (5-12)","Bachelor of Arts, Mathematics (5-12)"
ASP2,RETIRED,Pre-Clinical Experiences in Mathematics,2,2017-01,2017-05,3,4,1,Teachers College,1,Preclinical Experiences in Mathematics,"Master of Arts in Teaching, Mathematics (5-12) | Post-baccalaureate Teacher Preparation, Mathematics (5-12)","Master of Arts in Teaching, Mathematics (5-12) | Post-baccalaureate Teacher Preparation, Mathematics (5-12)"
AST1,RETIRED,Marketing Management Tasks,6,2017-01,2020-01,34,36,1,College of Business,0,,"Bachelor of Science, Marketing Management","Bachelor of Science, Marketing Management"
ATP1,RETIRED,Pre-Clinical Experiences in Science,3,2017-01,2017-05,3,4,1,Teachers College,1,Preclinical Experiences in Science,"Bachelor of Arts, Science (5-12, Bio)","Bachelor of Arts, Science (5-12, Bio)"
AUA2,RETIRED,"Graphing, Proportional Reasoning and Equations/Inequalities",4,2017-01,2026-06,111,113,2,School of Education | Teachers College,1,"Graphing, Proportional Reasoning and","Master of Arts, Mathematics Education (K-6)","Master of Arts, Mathematics Education (K-6)"
AUP1,RETIRED,Pre-Clinical Experiences in Science,3,2017-01,2017-05,3,4,1,Teachers College,1,Preclinical Experiences in Science,"Bachelor of Arts, Science (5-12, Chemistry)","Bachelor of Arts, Science (5-12, Chemistry)"
AVA2,RETIRED,Geometry and Statistics,4,2017-01,2026-06,111,113,2,School of Education | Teachers College,0,,"Master of Arts, Mathematics Education (K-6)","Master of Arts, Mathematics Education (K-6)"
AVP1,RETIRED,Pre-Clinical Experiences in Science,3,2017-01,2017-05,3,4,1,Teachers College,1,Preclinical Experiences in Science,"Bachelor of Arts, Science (5-12, Geo)","Bachelor of Arts, Science (5-12, Geo)"
AWP1,RETIRED,Pre-Clinical Experiences in Science,3,2017-01,2017-05,3,4,1,Teachers College,1,Preclinical Experiences in Science,"Bachelor of Arts, Science (5-12, Physics)","Bachelor of Arts, Science (5-12, Physics)"
AXP2,RETIRED,Pre-Clinical Experiences in Science,2,2017-01,2017-05,3,4,1,Teachers College,1,Preclinical Experiences in Science,"Master of Arts in Teaching, Science (5-12) | Post-baccalaureate Teacher Preparation, Science (5-12)","Master of Arts in Teaching, Science (5-12) | Post-baccalaureate Teacher Preparation, Science (5-12)"
BVT1,RETIRED,Physical Chemistry,3,2017-01,2025-01,94,96,2,School of Education | Teachers College,0,,"Bachelor of Arts, Science (5-12, Chemistry)","Bachelor of Arts, Educational Studies in Secondary Chemistry Science Education | Bachelor of Science, Science Education (Secondary Chemistry)"
BVT2,RETIRED,Physical Chemistry,2,2017-01,2026-06,111,113,2,School of Education | Teachers College,0,,"Master of Arts, Science Education (5-12, Chemistry)",Master of Arts Science Education (Secondary Chemistry)
BWT1,RETIRED,Inorganic Chemistry,3,2017-01,2025-01,94,96,2,School of Education | Teachers College,0,,"Bachelor of Arts, Science (5-12, Chemistry)","Bachelor of Arts, Educational Studies in Secondary Chemistry Science Education | Bachelor of Science, Science Education (Secondary Chemistry)"
BWT2,RETIRED,Inorganic Chemistry,2,2017-01,2026-06,111,113,2,School of Education | Teachers College,0,,"Master of Arts, Science Education (5-12, Chemistry)",Master of Arts Science Education (Secondary Chemistry)
BYT1,RETIRED,Physics: Mechanics,3,2017-01,2025-01,94,96,2,School of Education | Teachers College,0,,"Bachelor of Arts, Science (5-12, Physics)","Bachelor of Arts, Educational Studies in Secondary Physics Science Education | Bachelor of Science, Science Education (Secondary Physics)"
BYT2,RETIRED,Physics: Mechanics,2,2017-01,2026-06,111,113,2,School of Education | Teachers College,0,,"Master of Arts, Science Education (5-12, Physics)",Master of Arts Science Education (Secondary Physics)
BZT1,RETIRED,Physics: Waves and Optics,3,2017-01,2025-01,94,96,2,School of Education | Teachers College,0,,"Bachelor of Arts, Science (5-12, Physics)","Bachelor of Arts, Educational Studies in Secondary Physics Science Education | Bachelor of Science, Science Education (Secondary Physics)"
BZT2,RETIRED,Physics: Waves and Optics,2,2017-01,2026-06,111,113,2,School of Education | Teachers College,0,,"Master of Arts, Science Education (5-12, Physics)",Master of Arts Science Education (Secondary Physics)
C100,RETIRED,Introduction to Humanities,3,2017-01,2026-06,111,113,7,College of Business | College of Health Professions | College of Information Technology | Leavitt School of Health | School of Business | School of Education | Teachers College,0,,"Bachelor of Arts, Interdisciplinary Studies (K-8) | Bachelor of Arts, Mathematics (5-12) | Bachelor of Arts, Mathematics (5-9) | Bachelor of Arts, Science (5-12, Bio)","Bachelor of Science, Information Technology Management"
C104,RETIRED,Elementary Social Studies Methods,3,2017-01,2024-09,90,92,2,School of Education | Teachers College,0,,"Bachelor of Arts, Interdisciplinary Studies (K-8) | Bachelor of Arts, Special Education","Bachelor of Arts, Educational Studies in Special and Elementary Education | Bachelor of Arts, Special Education and Elementary Education (Dual Licensure)"
C105,RETIRED,Elementary Visual and Performing Arts Methods,3,2017-01,2024-09,90,92,2,School of Education | Teachers College,1,Elementary Visual and Performing Arts,"Bachelor of Arts, Interdisciplinary Studies (K-8) | Bachelor of Arts, Special Education","Bachelor of Arts, Educational Studies in Special and Elementary Education | Bachelor of Arts, Special Education and Elementary Education (Dual Licensure)"
C107,RETIRED,Anatomy and Physiology I,4,2017-01,2023-07,76,78,3,College of Health Professions | College of Information Technology | Leavitt School of Health,0,,"Bachelor of Science, Health Information Management | Bachelor of Science, Nursing [BSNU] | Bachelor of Science, Nursing [BSRN] | Master of Science, Nursing - Education [MSRNNUEDGR]","Bachelor of Science, Health Information Management"
C108,RETIRED,Elementary Science Methods,3,2017-01,2024-09,90,92,2,School of Education | Teachers College,0,,"Bachelor of Arts, Interdisciplinary Studies (K-8) | Bachelor of Arts, Special Education","Bachelor of Arts, Educational Studies in Special and Elementary Education | Bachelor of Arts, Special Education and Elementary Education (Dual Licensure)"
C109,RETIRED,Elementary Mathematics Methods,3,2017-01,2024-09,90,92,2,School of Education | Teachers College,0,,"Bachelor of Arts, Interdisciplinary Studies (K-8) | Bachelor of Arts, Special Education","Bachelor of Arts, Educational Studies in Mild to Moderate Exceptionalities Special Education | Bachelor of Arts, Educational Studies in Special and Elementary Education | Bachelor of Arts, Special Education and Elementary Education (Dual Licensure) | Bachelor of Arts, Special Education, Mild to Moderate"
C113,RETIRED,Instructional Planning and Presentation in Mathematics,3,2017-01,2020-06,39,41,1,Teachers College,0,,"Bachelor of Arts, Mathematics (5-12) | Bachelor of Arts, Mathematics (5-9)","Bachelor of Science, Mathematics Education (Middle Grades) | Bachelor of Science, Mathematics Education (Secondary)"
C121,RETIRED,Survey of United States History,3,2017-01,2026-06,111,113,4,College of Business | School of Business | School of Education | Teachers College,0,,"Bachelor of Arts, Interdisciplinary Studies (K-8) | Bachelor of Arts, Mathematics (5-12) | Bachelor of Arts, Mathematics (5-9) | Bachelor of Arts, Science (5-12, Bio)","Bachelor of Science, Information Technology Management"
C128,RETIRED,Advanced Professional Roles and Values,2,2017-01,2020-06,39,41,1,College of Health Professions,0,,"Master of Science, Nursing - Education [MSRNNUEDGR] | Master of Science, Nursing - Leadership and Management [MSRNNULMGR] | Master of Science, Nursing - Nursing Informatics [MSRNNUNIGR]","Master of Science, Nursing - Leadership and Management (RN to MSN)"
C132,RETIRED,Elements of Effective Communication,3,2017-01,2017-12,8,11,1,College of Business,0,,"Bachelor of Science, Accounting | Bachelor of Science, Business - Healthcare Management | Bachelor of Science, Business - Human Resource Management | Bachelor of Science, Business - Information Technology Management","Bachelor of Science, Accounting"
C133,RETIRED,Instructional Planning and Presentation in Elementary and,3,2017-01,2020-06,39,41,1,Teachers College,0,,"Bachelor of Arts, Special Education","Bachelor of Arts, Special Education and Elementary Education (Dual Licensure)"
C141,RETIRED,Instructional Planning and Presentation in Elementary,2,2017-01,2020-06,39,41,1,Teachers College,0,,"Master of Arts in Teaching, Elementary Education (K-8) | Post-baccalaureate Teacher Preparation, Elementary Education (K-8)","Master of Arts in Teaching, Elementary Education"
C142,RETIRED,Instructional Planning and Presentation in Mathematics,2,2017-01,2020-06,39,41,1,Teachers College,0,,"Master of Arts in Teaching, Mathematics (5-12) | Master of Arts in Teaching, Mathematics (5-9) | Post-baccalaureate Teacher Preparation, Mathematics (5-12) | Post-baccalaureate Teacher Preparation, Mathematics (5-9)","Master of Arts in Teaching, Mathematics Education (Middle Grades) | Master of Arts in Teaching, Mathematics Education (Secondary)"
C143,RETIRED,Instructional Planning and Presentation in Science,2,2017-01,2020-06,39,41,1,Teachers College,0,,"Master of Arts in Teaching, Science (5-12) | Master of Arts in Teaching, Science (5-9) | Post-baccalaureate Teacher Preparation, Science (5-12) | Post-baccalaureate Teacher Preparation, Science (5-9)","Master of Arts in Teaching, Science Education (Secondary)"
C144,RETIRED,Instructional Planning and Presentation in Social Science,2,2017-01,2017-05,3,4,1,Teachers College,0,,"Master of Arts in Teaching, Social Science (5-12) | Post-baccalaureate Teacher Preparation, Social Science (5-12)","Master of Arts in Teaching, Social Science (5-12) | Post-baccalaureate Teacher Preparation, Social Science (5-12)"
C155,RETIRED,Pathopharmacological Foundations for Advanced Nursing,3,2017-01,2020-06,39,41,1,College of Health Professions,0,,"Master of Science, Nursing - Education [MSNUED] | Master of Science, Nursing - Education [MSRNNUEDGR] | Master of Science, Nursing - Leadership and Management [MSNULM] | Master of Science, Nursing - Leadership and Management [MSRNNULMGR]","Master of Science, Nursing - Leadership and Management (BSN to MSN) | Master of Science, Nursing - Leadership and Management (RN to MSN)"
C157,RETIRED,Essentials of Advanced Nursing Practice Field Experience,2,2017-01,2020-06,39,41,1,College of Health Professions,0,,"Master of Science, Nursing - Education [MSNUED] | Master of Science, Nursing - Education [MSRNNUEDGR] | Master of Science, Nursing - Leadership and Management [MSNULM] | Master of Science, Nursing - Leadership and Management [MSRNNULMGR]","Master of Science, Nursing - Leadership and Management (BSN to MSN) | Master of Science, Nursing - Leadership and Management (RN to MSN)"
C158,RETIRED,Organizational Leadership and Interprofessional Team,3,2017-01,2020-06,39,41,1,College of Health Professions,0,,"Master of Science, Nursing - Education [MSNUED] | Master of Science, Nursing - Education [MSRNNUEDGR] | Master of Science, Nursing - Leadership and Management [MSNULM] | Master of Science, Nursing - Leadership and Management [MSRNNULMGR]","Master of Science, Nursing - Leadership and Management (BSN to MSN) | Master of Science, Nursing - Leadership and Management (RN to MSN)"
C159,RETIRED,"Policy, Politics, and Global Health Trends",3,2017-01,2020-06,39,41,1,College of Health Professions,0,,"Master of Science, Nursing - Education [MSNUED] | Master of Science, Nursing - Education [MSRNNUEDGR] | Master of Science, Nursing - Leadership and Management [MSNULM] | Master of Science, Nursing - Leadership and Management [MSRNNULMGR]","Master of Science, Nursing - Leadership and Management (BSN to MSN) | Master of Science, Nursing - Leadership and Management (RN to MSN)"
C160,RETIRED,Facilitating Learning in the 21st Century,2,2017-01,2018-03,12,14,1,College of Health Professions,0,,"Master of Science, Nursing - Education [MSNUED] | Master of Science, Nursing - Education [MSRNNUEDGR]","Master of Science, Nursing - Education (BSN to MSN) | Master of Science, Nursing - Education (RN to MSN)"
C161,RETIRED,Principles of Organizational Performance Management,2,2017-01,2020-09,40,44,1,College of Health Professions,0,,"Master of Science, Nursing - Leadership and Management [MSNULM] | Master of Science, Nursing - Leadership and Management [MSRNNULMGR]","Master of Science, Nursing - Leadership and Management (BSN to MSN) | Master of Science, Nursing - Leadership and Management (RN to MSN)"
C162,RETIRED,Principles of Healthcare Business and Financial Management,3,2017-01,2020-09,40,44,1,College of Health Professions,0,,"Master of Science, Nursing - Leadership and Management [MSNULM] | Master of Science, Nursing - Leadership and Management [MSRNNULMGR]","Master of Science, Nursing - Leadership and Management (BSN to MSN) | Master of Science, Nursing - Leadership and Management (RN to MSN)"
C163,RETIRED,Strategic Leadership and Future Delivery Models,2,2017-01,2020-09,40,44,1,College of Health Professions,0,,"Master of Science, Nursing - Leadership and Management [MSNULM] | Master of Science, Nursing - Leadership and Management [MSRNNULMGR]","Master of Science, Nursing - Leadership and Management (BSN to MSN) | Master of Science, Nursing - Leadership and Management (RN to MSN)"
C164,RETIRED,Introduction to Physics,4,2017-01,2017-09,6,8,1,College of Information Technology,0,,"Bachelor of Science, Data Management/Data Analytics","Bachelor of Science, Data Management/Data Analytics"
C165,RETIRED,Integrated Physical Sciences,3,2017-01,2026-06,111,113,7,College of Business | College of Information Technology | Leavitt School of Health | School of Business | School of Education | School of Technology | Teachers College,0,,"Bachelor of Arts, Interdisciplinary Studies (K-8) | Bachelor of Arts, Mathematics (5-12) | Bachelor of Arts, Mathematics (5-9) | Bachelor of Arts, Science (5-12, Bio)","Bachelor of Arts, Educational Studies in Elementary Education | Bachelor of Arts, Educational Studies in Mild to Moderate Exceptionalities Special Education | Bachelor of Arts, Educational Studies in Secondary Mathematics Education | Bachelor of Arts, Educational Studies in Special and Elementary Education"
C168,RETIRED,Critical Thinking and Logic,3,2017-01,2026-06,111,113,5,College of Business | College of Health Professions | College of Information Technology | School of Business | Teachers College,0,,"Bachelor of Arts, Interdisciplinary Studies (K-8) | Bachelor of Arts, Mathematics (5-9) | Bachelor of Arts, Science (5-12, Bio) | Bachelor of Arts, Science (5-9)","Bachelor of Science, Information Technology Management"
C169,RETIRED,Scripting and Programming - Applications,4,2017-01,2018-07,16,18,1,College of Information Technology,0,,"Bachelor of Science, Data Management/Data Analytics | Bachelor of Science, Software Development","Bachelor of Science, Data Management/Data Analytics"
C170,RETIRED,Data Management - Applications,4,2017-01,2023-07,76,78,1,College of Information Technology,0,,"Bachelor of Science, Data Management/Data Analytics | Bachelor of Science, IT - Networks Administration Emphasis | Bachelor of Science, IT - Security Emphasis | Bachelor of Science, Information Technology","Bachelor of Science, Data Management/Data Analytics"
C172,RETIRED,Network and Security - Foundations,3,2017-01,2026-06,111,113,3,College of Business | College of Information Technology | School of Business,0,,"Bachelor of Science, Business - Information Technology Management | Bachelor of Science, Data Management/Data Analytics | Bachelor of Science, IT - Networks Administration Emphasis | Bachelor of Science, IT - Security Emphasis","Bachelor of Science, Information Technology Management"
C173,RETIRED,Scripting and Programming - Foundations,3,2017-01,2023-07,76,78,1,College of Information Technology,0,,"Bachelor of Science, Data Management/Data Analytics | Bachelor of Science, IT - Networks Administration Emphasis | Bachelor of Science, IT - Security Emphasis | Bachelor of Science, Information Technology","Bachelor of Science, Data Management/Data Analytics"
C175,RETIRED,Data Management - Foundations,3,2017-01,2026-06,111,113,3,College of Business | College of Information Technology | School of Business,0,,"Bachelor of Science, Business - Information Technology Management | Bachelor of Science, Data Management/Data Analytics | Bachelor of Science, Health Information Management | Bachelor of Science, IT - Networks Administration Emphasis","Bachelor of Science, Information Technology Management"
C176,RETIRED,Business of IT - Project Management,4,2017-01,2023-07,76,78,2,College of Health Professions | College of Information Technology,0,,"Bachelor of Science, Data Management/Data Analytics | Bachelor of Science, Health Information Management | Bachelor of Science, IT - Networks Administration Emphasis | Bachelor of Science, IT - Security Emphasis","Bachelor of Science, Data Management/Data Analytics"
C178,RETIRED,Network and Security - Applications,4,2017-01,2023-01,70,72,1,College of Information Technology,0,,"Bachelor of Science, Data Management/Data Analytics | Bachelor of Science, IT - Networks Administration Emphasis | Bachelor of Science, IT - Security Emphasis | Bachelor of Science, Information Technology","Bachelor of Science, Cybersecurity and Information Assurance"
C179,RETIRED,Business of IT - Applications,4,2017-01,2026-06,111,113,3,College of Business | College of Information Technology | School of Business,0,,"Bachelor of Science, Business - Information Technology Management | Bachelor of Science, Data Management/Data Analytics | Bachelor of Science, Health Information Management | Bachelor of Science, IT - Networks Administration Emphasis","Bachelor of Science, Information Technology Management"
C180,RETIRED,Introduction to Psychology,3,2017-01,2026-06,111,113,4,College of Business | College of Health Professions | College of Information Technology | Leavitt School of Health,0,,"Bachelor of Science, Business - Healthcare Management | Bachelor of Science, Business - Human Resource Management | Bachelor of Science, Health Information Management | Bachelor of Science, Nursing [BSNU]","Bachelor of Science in Psychology | Bachelor of Science, Health Information Management | Bachelor of Science, Health Science | Bachelor of Science, Health and Human Services"
C181,RETIRED,Survey of United States Constitution and Government,3,2017-01,2022-12,69,71,3,College of Health Professions | College of Information Technology | Teachers College,0,,"Bachelor of Arts, Interdisciplinary Studies (K-8) | Bachelor of Arts, Mathematics (5-12) | Bachelor of Arts, Mathematics (5-9) | Bachelor of Arts, Science (5-12, Bio)","Bachelor of Science, Nursing [BSRN]"
C182,RETIRED,Introduction to IT,4,2017-01,2026-02,107,109,3,College of Business | College of Information Technology | School of Business,0,,"Bachelor of Science, Business - Information Technology Management | Bachelor of Science, Business Management | Bachelor of Science, Data Management/Data Analytics | Bachelor of Science, Health Information Management","Bachelor of Science, Business Management"
C185,RETIRED,Network Policies and Services Management,6,2017-01,2019-07,28,30,1,College of Information Technology,0,,"Bachelor of Science, IT - Networks Administration Emphasis","Bachelor of Science, Cloud and Systems Administration"
C186,RETIRED,Server Administration,6,2017-01,2019-07,28,30,1,College of Information Technology,0,,"Bachelor of Science, IT - Networks Administration Emphasis","Bachelor of Science, Cloud and Systems Administration"
C187,RETIRED,Network Reliability and Fault Tolerance,6,2017-01,2019-07,28,30,1,College of Information Technology,0,,"Bachelor of Science, IT - Networks Administration Emphasis","Bachelor of Science, Cloud and Systems Administration"
C188,RETIRED,Software Engineering,4,2017-01,2023-04,73,75,1,College of Information Technology,0,,"Bachelor of Science, Software Development","Bachelor of Science, Computer Science"
C189,RETIRED,Data Structures,4,2017-01,2018-07,16,18,1,College of Information Technology,0,,"Bachelor of Science, Data Management/Data Analytics","Bachelor of Science, Data Management/Data Analytics"
C190,RETIRED,Introduction to Biology,3,2017-01,2026-06,111,113,7,College of Business | College of Health Professions | College of Information Technology | Leavitt School of Health | School of Education | School of Technology | Teachers College,0,,"Bachelor of Arts, Interdisciplinary Studies (K-8) | Bachelor of Arts, Mathematics (5-12) | Bachelor of Arts, Mathematics (5-9) | Bachelor of Arts, Science (5-12, Bio)","Bachelor of Arts, Educational Studies in Elementary Education | Bachelor of Arts, Educational Studies in Mild to Moderate Exceptionalities Special Education | Bachelor of Arts, Educational Studies in Special and Elementary Education | Bachelor of Arts, Elementary Education"
C191,RETIRED,Operating Systems for Programmers,3,2017-01,2024-09,90,92,2,College of Information Technology | School of Technology,0,,"Bachelor of Science, Software Development","Bachelor of Science, Computer Science"
C192,RETIRED,Data Management for Programmers,3,2017-01,2017-09,6,8,1,College of Information Technology,0,,"Bachelor of Science, Software Development","Bachelor of Science, Software Development"
C193,RETIRED,Client-Server Application Development,3,2017-01,2017-09,6,8,1,College of Information Technology,0,,"Bachelor of Science, Software Development","Bachelor of Science, Software Development"
C195,RETIRED,Software II - Advanced Java Concepts,6,2017-01,2023-04,73,75,1,College of Information Technology,0,,"Bachelor of Science, Software Development","Bachelor of Science, Computer Science"
C196,RETIRED,Mobile Application Development,3,2017-01,2022-12,22,71,1,College of Information Technology,0,,"Bachelor of Science, Software Development","Bachelor of Science, Software Development [BSITSW]"
C200,RETIRED,Managing Organizations and Leading People,3,2017-01,2026-06,111,113,2,College of Business | School of Business,0,,"MBA, Healthcare Management | MBA, IT Management | Master of Business Administration | Master of Science, Management and Leadership","MBA, IT Management | Master of Business Administration | Master of Business Administration, Healthcare Administration | Master of Science in Marketing, Digital Marketing Specialization"
C201,RETIRED,Business Acumen,3,2017-01,2026-06,111,113,2,College of Business | School of Business,0,,"Master of Science, Management and Leadership","Master of Science, Management and Leadership"
C202,RETIRED,Managing Human Capital,3,2017-01,2026-06,111,113,2,College of Business | School of Business,0,,"MBA, Healthcare Management | MBA, IT Management | Master of Business Administration | Master of Science, Management and Leadership","MBA, IT Management | Master of Business Administration | Master of Science, Management and Leadership"
C203,RETIRED,Becoming an Effective Leader,3,2017-01,2026-06,111,113,2,College of Business | School of Business,0,,"Master of Science, Management and Leadership","Master of Science, Management and Leadership"
C204,RETIRED,Management Communication,3,2017-01,2026-06,111,113,2,College of Business | School of Business,0,,"Master of Business Administration | Master of Science, Accounting | Master of Science, Management and Leadership","Master of Business Administration | Master of Science in Accounting, Auditing Specialization | Master of Science in Accounting, Financial Reporting Specialization | Master of Science in Accounting, Management Accounting Specialization"
C205,RETIRED,Leading Teams,3,2017-01,2026-06,111,113,2,College of Business | School of Business,0,,"Master of Science, Management and Leadership","Master of Science, Management and Leadership"
C206,RETIRED,Ethical Leadership,3,2017-01,2026-06,111,113,2,College of Business | School of Business,0,,"MBA, Healthcare Management | MBA, IT Management | Master of Business Administration | Master of Science, Management and Leadership","MBA, IT Management | Master of Business Administration | Master of Business Administration, Healthcare Administration | Master of Science, Management and Leadership"
C207,RETIRED,Data-Driven Decision Making,3,2017-01,2026-06,111,113,2,College of Business | School of Business,0,,"MBA, Healthcare Management | MBA, IT Management | Master of Business Administration | Master of Science, Management and Leadership","MBA, IT Management | Master of Business Administration | Master of Business Administration, Healthcare Administration | Master of Science, Human Resource Management"
C208,RETIRED,Change Management and Innovation,3,2017-01,2026-06,111,113,2,College of Business | School of Business,0,,"Master of Science, Management and Leadership","Master of Science, Human Resource Management | Master of Science, Management and Leadership"
C209,RETIRED,Strategic Management,3,2017-01,2026-06,111,113,2,College of Business | School of Business,0,,"Master of Science, Accounting | Master of Science, Management and Leadership","Master of Science, Management and Leadership"
C210,RETIRED,Management and Leadership Capstone,4,2017-01,2026-06,111,113,2,College of Business | School of Business,0,,"Master of Science, Management and Leadership","Master of Science, Management and Leadership"
C211,RETIRED,Global Economics for Managers,3,2017-01,2026-06,111,113,2,College of Business | School of Business,0,,"MBA, Healthcare Management | MBA, IT Management | Master of Business Administration","MBA, IT Management | Master of Business Administration | Master of Business Administration, Healthcare Administration"
C212,RETIRED,Marketing,3,2017-01,2026-06,111,113,2,College of Business | School of Business,0,,"MBA, Healthcare Management | MBA, IT Management | Master of Business Administration","MBA, IT Management | Master of Business Administration | Master of Business Administration, Healthcare Administration"
C213,RETIRED,Accounting for Decision Makers,3,2017-01,2026-06,111,113,2,College of Business | School of Business,0,,"MBA, Healthcare Management | MBA, IT Management | Master of Business Administration","MBA, IT Management | Master of Business Administration | Master of Business Administration, Healthcare Administration"
C214,RETIRED,Financial Management,3,2017-01,2026-06,111,113,2,College of Business | School of Business,0,,"MBA, Healthcare Management | MBA, IT Management | Master of Business Administration | Master of Science, Accounting","MBA, IT Management | Master of Business Administration | Master of Business Administration, Healthcare Administration"
C215,RETIRED,Operations Management,3,2017-01,2026-06,111,113,2,College of Business | School of Business,0,,Master of Business Administration,"Master of Business Administration | Master of Business Administration, Healthcare Administration"
C216,RETIRED,MBA Capstone,4,2017-01,2026-06,111,113,2,College of Business | School of Business,0,,Master of Business Administration,Master of Business Administration
C217,RETIRED,Human Growth and Development Across the Lifespan,3,2017-01,2022-12,69,71,2,College of Health Professions | Teachers College,0,,"Bachelor of Science, Nursing [BSNU] | Bachelor of Science, Nursing [BSRN] | Master of Science, Nursing - Education [MSRNNUEDGR] | Master of Science, Nursing - Leadership and Management [MSRNNULMGR]","Bachelor of Science, Nursing [BSRN]"
C218,RETIRED,"MBA, Information Technology Management Capstone",4,2017-01,2026-06,111,113,2,College of Business | School of Business,1,"MBA, Information Technology Management","MBA, IT Management","MBA, IT Management"
C219,RETIRED,"MBA, Healthcare Management Capstone",4,2017-01,2026-06,111,113,2,College of Business | School of Business,0,,"MBA, Healthcare Management","Master of Business Administration, Healthcare Administration"
C224,RETIRED,Research Foundations,2,2017-01,2026-06,111,113,2,School of Education | Teachers College,0,,"Master of Arts in Teaching, Elementary Education (K-8) | Master of Arts in Teaching, English Education (5-12) | Master of Arts in Teaching, Mathematics (5-12) | Master of Arts in Teaching, Mathematics (5-9)","Master of Arts in Mathematics Education (Middle Grades) | Master of Arts, English Language Learning | Master of Arts, Mathematics Education (K-6)"
C225,RETIRED,Research Questions and Literature Review,2,2017-01,2026-06,111,113,2,School of Education | Teachers College,0,,"Master of Arts in Teaching, Elementary Education (K-8) | Master of Arts in Teaching, English Education (5-12) | Master of Arts in Teaching, Mathematics (5-12) | Master of Arts in Teaching, Mathematics (5-9)","Master of Arts in Mathematics Education (Middle Grades) | Master of Arts, English Language Learning | Master of Arts, Mathematics Education (K-6)"
C226,RETIRED,Research Design and Analysis,2,2017-01,2026-06,111,113,2,School of Education | Teachers College,0,,"Master of Arts, Mathematics Education (5-9) | Master of Arts, Mathematics Education (K-6) | Master of Education, Instructional Design | Master of Education, Learning and Technology","Master of Arts, Mathematics Education (K-6)"
C227,RETIRED,Research Proposals,2,2017-01,2026-06,111,113,2,School of Education | Teachers College,0,,"Master of Arts, Mathematics Education (K-6) | Master of Education, Instructional Design | Master of Education, Learning and Technology | Master of Science, Curriculum and Instruction","Master of Arts, Mathematics Education (K-6)"
C228,RETIRED,Community Health and Population-Focused Nursing,3,2017-01,2021-12,57,59,1,College of Health Professions,0,,"Bachelor of Science, Nursing [BSNU] | Master of Science, Nursing - Education [MSRNNUEDGR] | Master of Science, Nursing - Leadership and Management [MSRNNULMGR] | Master of Science, Nursing - Nursing Informatics [MSRNNUNIGR]","Bachelor of Science, Nursing [BSNU] | Master of Science, Nursing - Education (RN to MSN) | Master of Science, Nursing - Leadership and Management (RN to MSN) | Master of Science, Nursing - Nursing Informatics"
C229,RETIRED,Community Health and Population-Focused Nursing Field,2,2017-01,2021-12,57,59,1,College of Health Professions,0,,"Bachelor of Science, Nursing [BSNU] | Master of Science, Nursing - Education [MSRNNUEDGR] | Master of Science, Nursing - Leadership and Management [MSRNNULMGR] | Master of Science, Nursing - Nursing Informatics [MSRNNUNIGR]","Bachelor of Science, Nursing [BSNU] | Master of Science, Nursing - Education (RN to MSN) | Master of Science, Nursing - Leadership and Management (RN to MSN) | Master of Science, Nursing - Nursing Informatics"
C230,RETIRED,Community Health and Population-Focused Nursing Clinical,2,2017-01,2022-12,69,71,1,College of Health Professions,0,,"Bachelor of Science, Nursing [BSRN]","Bachelor of Science, Nursing [BSRN]"
C232,RETIRED,Introduction to Human Resource Management,3,2017-01,2026-06,111,113,2,College of Business | School of Business,0,,"Bachelor of Science, Accounting | Bachelor of Science, Business - Healthcare Management | Bachelor of Science, Business - Human Resource Management | Bachelor of Science, Business - Information Technology Management","Bachelor of Science, Information Technology Management"
C233,RETIRED,Employment Law,3,2017-01,2026-06,111,113,2,College of Business | School of Business,0,,"Bachelor of Science, Business - Human Resource Management","Bachelor of Science, Information Technology Management"
C234,RETIRED,Workforce Planning: Recruitment and Selection,3,2017-01,2026-06,111,113,2,College of Business | School of Business,1,Workforce Planning: Recruitment and,"Bachelor of Science, Business - Human Resource Management | Bachelor of Science, Business - Information Technology Management | Bachelor of Science, Business Management","Bachelor of Science, Information Technology Management"
C235,RETIRED,Training and Development,3,2017-01,2023-08,77,79,1,College of Business,0,,"Bachelor of Science, Business - Human Resource Management","Bachelor of Science Business Administration, Management"
C236,RETIRED,Compensation and Benefits,3,2017-01,2026-06,111,113,2,College of Business | School of Business,0,,"Bachelor of Science, Business - Human Resource Management","Bachelor of Science, Information Technology Management"
C237,RETIRED,Taxation I,3,2017-01,2026-06,111,113,2,College of Business | School of Business,0,,"Bachelor of Science, Accounting","Bachelor of Science, Accounting"
C238,RETIRED,Taxation II,3,2017-01,2020-01,34,36,1,College of Business,0,,"Bachelor of Science, Accounting","Bachelor of Science, Accounting"
C239,RETIRED,Advanced Tax Concepts,3,2017-01,2024-09,90,92,2,College of Business | School of Business,0,,"Master of Science, Accounting","Master of Science, Accounting"
C240,RETIRED,Auditing,3,2017-01,2020-12,44,47,1,College of Business,0,,"Bachelor of Science, Accounting","Bachelor of Science Business Administration, Accounting"
C241,RETIRED,Business Law for Accountants,3,2017-01,2020-12,44,47,1,College of Business,0,,"Bachelor of Science, Accounting","Bachelor of Science Business Administration, Accounting"
C242,RETIRED,Accounting Information Systems,3,2017-01,2020-12,44,47,1,College of Business,0,,"Bachelor of Science, Accounting","Bachelor of Science Business Administration, Accounting"
C243,RETIRED,Advanced Financial Accounting,3,2017-01,2024-09,90,92,2,College of Business | School of Business,0,,"Master of Science, Accounting","Master of Science, Accounting"
C244,RETIRED,Advanced Auditing,3,2017-01,2021-12,57,59,1,College of Business,0,,"Master of Science, Accounting","Master of Science, Accounting"
C245,RETIRED,Accounting Research,3,2017-01,2021-12,57,59,1,College of Business,0,,"Master of Science, Accounting","Master of Science, Accounting"
C246,RETIRED,Fundamentals of Interconnecting Network Devices,6,2017-01,2019-12,33,35,1,College of Information Technology,0,,"Bachelor of Science, IT - Security Emphasis","Bachelor of Science, Network Operations and Security"
C247,RETIRED,Interconnecting Network Devices,6,2017-01,2019-12,33,35,1,College of Information Technology,0,,"Bachelor of Science, IT - Security Emphasis","Bachelor of Science, Network Operations and Security"
C248,RETIRED,Intermediate Accounting I,3,2017-01,2020-01,34,36,1,College of Business,0,,"Bachelor of Science, Accounting","Bachelor of Science, Accounting"
C249,RETIRED,Intermediate Accounting II,3,2017-01,2020-01,34,36,1,College of Business,0,,"Bachelor of Science, Accounting","Bachelor of Science, Accounting"
C250,RETIRED,Cost and Managerial Accounting,3,2017-01,2020-01,34,36,1,College of Business,0,,"Bachelor of Science, Accounting","Bachelor of Science, Accounting"
C251,RETIRED,Accounting Capstone,5,2017-01,2020-01,34,36,1,College of Business,0,,"Bachelor of Science, Accounting","Bachelor of Science, Accounting"
C252,RETIRED,Governmental and Nonprofit Accounting,3,2017-01,2021-12,57,59,1,College of Business,0,,"Master of Science, Accounting","Master of Science, Accounting"
C253,RETIRED,Advanced Managerial Accounting,3,2017-01,2024-09,90,92,2,College of Business | School of Business,0,,"Master of Science, Accounting","Master of Science, Accounting"
C254,RETIRED,Fraud and Forensic Accounting,3,2017-01,2024-09,90,92,2,College of Business | School of Business,0,,"Master of Science, Accounting","Master of Science, Accounting"
C255,RETIRED,Introduction to Geography,3,2017-01,2023-07,76,78,2,College of Business | College of Information Technology,0,,"Bachelor of Science, Business - Healthcare Management | Bachelor of Science, Business - Human Resource Management | Bachelor of Science, Business - Information Technology Management | Bachelor of Science, Business Management","Bachelor of Science, Data Management/Data Analytics"
C257,RETIRED,Data Analytics and Information Governance,4,2017-01,2017-05,3,4,1,College of Information Technology,0,,"Bachelor of Science, Health Information Management","Bachelor of Science, Health Information Management"
C260,RETIRED,Classification Systems,4,2017-01,2017-05,3,4,1,College of Information Technology,0,,"Bachelor of Science, Health Information Management","Bachelor of Science, Health Information Management"
C262,RETIRED,Advanced Geosciences,4,2017-01,2017-05,3,4,1,Teachers College,0,,"Bachelor of Arts, Science (5-12, Geo)","Bachelor of Arts, Science (5-12, Geo)"
C263,RETIRED,The Ocean Systems,4,2017-01,2025-01,94,96,2,School of Education | Teachers College,0,,"Bachelor of Arts, Science (5-12, Geo)","Bachelor of Arts, Educational Studies in Secondary Earth Science Education | Bachelor of Science, Science Education (Secondary Earth Science)"
C264,RETIRED,Climate Change,4,2017-01,2025-01,94,96,2,School of Education | Teachers College,0,,"Bachelor of Arts, Science (5-12, Chemistry)","Bachelor of Arts, Educational Studies in Secondary Chemistry Science Education | Bachelor of Science, Science Education (Secondary Chemistry)"
C265,RETIRED,Advanced Geosciences,3,2017-01,2017-05,3,4,1,Teachers College,0,,"Master of Arts, Science Education (5-12, Geo)","Master of Arts, Science Education (5-12, Geo)"
C266,RETIRED,The Ocean Systems,3,2017-01,2026-06,111,113,2,School of Education | Teachers College,0,,"Master of Arts, Science Education (5-12, Geo)",Master of Arts Science Education (Secondary Earth Science)
C267,RETIRED,Climate Change,3,2017-01,2026-06,111,113,2,School of Education | Teachers College,0,,"Master of Arts, Science Education (5-12, Chemistry)",Master of Arts Science Education (Secondary Chemistry)
C268,RETIRED,Spreadsheets,3,2017-01,2026-01,106,108,3,College of Business | College of Information Technology | School of Technology,0,,"Bachelor of Science, Accounting | Bachelor of Science, Business - Healthcare Management | Bachelor of Science, Business - Human Resource Management | Bachelor of Science, Business - Information Technology Management","Bachelor of Science, Information Technology | Bachelor of Science, Information Technology (BSIT to MSITM)"
C269,RETIRED,Children's Literature,3,2017-01,2019-03,24,26,1,Teachers College,0,,"Bachelor of Arts, Interdisciplinary Studies (K-8) | Bachelor of Arts, Special Education","Bachelor of Arts, Special Education"
C272,RETIRED,Foundational Perspectives of Education,3,2017-01,2020-06,39,41,1,Teachers College,0,,"Bachelor of Arts, Interdisciplinary Studies (K-8) | Bachelor of Arts, Mathematics (5-12) | Bachelor of Arts, Mathematics (5-9) | Bachelor of Arts, Science (5-12, Bio)","Bachelor of Arts, Elementary Education | Bachelor of Arts, Special Education and Elementary Education (Dual Licensure) | Bachelor of Arts, Special Education, Mild to Moderate | Bachelor of Science, Mathematics Education (Middle Grades)"
C273,RETIRED,Introduction to Sociology,3,2017-01,2026-06,111,113,4,College of Business | College of Health Professions | Leavitt School of Health | School of Business,0,,"Bachelor of Science, Nursing [BSNU] | Bachelor of Science, Nursing [BSRN] | Master of Science, Nursing - Education [MSRNNUEDGR] | Master of Science, Nursing - Leadership and Management [MSRNNULMGR]","Bachelor of Science in Psychology | Bachelor of Science, Accounting | Bachelor of Science, Business Management | Bachelor of Science, Communications"
C277,RETIRED,Finite Mathematics,4,2017-01,2026-01,106,108,3,College of Information Technology | School of Education | School of Technology,0,,"Bachelor of Science, Information Technology","Bachelor of Science, Information Technology | Bachelor of Science, Information Technology (BSIT to MSITM)"
C278,RETIRED,College Algebra,4,2017-01,2026-06,111,113,4,College of Business | College of Information Technology | School of Education | Teachers College,0,,"Bachelor of Arts, Mathematics (5-12) | Bachelor of Arts, Mathematics (5-9) | Bachelor of Arts, Science (5-12, Bio) | Bachelor of Arts, Science (5-12, Geo)","Bachelor of Arts, Educational Studies in Secondary Chemistry Science Education | Bachelor of Arts, Educational Studies in Secondary Mathematics Education | Bachelor of Arts, Educational Studies in Secondary Physics Science Education | Bachelor of Science, Mathematics Education (Secondary)"
C279,RETIRED,Pre-Calculus,4,2017-01,2017-05,3,4,1,Teachers College,0,,"Bachelor of Arts, Mathematics (5-12) | Bachelor of Arts, Mathematics (5-9) | Bachelor of Arts, Science (5-12, Chemistry) | Bachelor of Arts, Science (5-12, Geo)","Bachelor of Arts, Mathematics (5-12) | Bachelor of Arts, Mathematics (5-9) | Bachelor of Arts, Science (5-12, Chemistry) | Bachelor of Arts, Science (5-12, Geo)"
C280,RETIRED,Probability and Statistics I,4,2017-01,2025-02,95,97,2,School of Education | Teachers College,0,,"Bachelor of Arts, Mathematics (5-12) | Bachelor of Arts, Mathematics (5-9) | Bachelor of Arts, Science (5-12, Bio)","Bachelor of Arts, Educational Studies in Middle Grades Mathematics Education | Bachelor of Science, Mathematics Education (Middle Grades)"
C281,RETIRED,College Geometry,4,2017-01,2018-08,17,19,1,Teachers College,0,,"Bachelor of Arts, Mathematics (5-12) | Bachelor of Arts, Mathematics (5-9)","Bachelor of Arts, Mathematics (5-12) | Bachelor of Arts, Mathematics (5-9)"
C282,RETIRED,Calculus I,4,2017-01,2025-02,95,97,2,School of Education | Teachers College,0,,"Bachelor of Arts, Mathematics (5-9) | Bachelor of Arts, Science (5-12, Chemistry) | Bachelor of Arts, Science (5-12, Physics)","Bachelor of Arts, Educational Studies in Middle Grades Mathematics Education | Bachelor of Science, Mathematics Education (Middle Grades)"
C283,RETIRED,Calculus II,4,2017-01,2025-01,94,96,2,School of Education | Teachers College,0,,"Bachelor of Arts, Mathematics (5-12) | Bachelor of Arts, Science (5-12, Physics)","Bachelor of Arts, Educational Studies in Secondary Mathematics Education | Bachelor of Arts, Educational Studies in Secondary Physics Science Education | Bachelor of Science, Mathematics Education (Secondary) | Bachelor of Science, Science Education (Secondary Physics)"
C284,RETIRED,Mathematics Learning and Teaching,4,2017-01,2025-02,95,97,2,School of Education | Teachers College,0,,"Bachelor of Arts, Mathematics (5-12) | Bachelor of Arts, Mathematics (5-9)","Bachelor of Arts, Educational Studies in Middle Grades Mathematics Education | Bachelor of Science, Mathematics Education (Middle Grades)"
C285,RETIRED,Mathematics History and Technology,4,2017-01,2025-02,95,97,2,School of Education | Teachers College,0,,"Bachelor of Arts, Mathematics (5-12) | Bachelor of Arts, Mathematics (5-9)","Bachelor of Arts, Educational Studies in Middle Grades Mathematics Education | Bachelor of Science, Mathematics Education (Middle Grades)"
C286,RETIRED,Middle School Mathematics: Content Knowledge,7,2017-01,2017-05,3,4,1,Teachers College,0,,"Bachelor of Arts, Mathematics (5-9)","Bachelor of Arts, Mathematics (5-9)"
C287,RETIRED,Mathematics: Content Knowledge,7,2017-01,2017-05,3,4,1,Teachers College,0,,"Bachelor of Arts, Mathematics (5-12)","Bachelor of Arts, Mathematics (5-12)"
C288,RETIRED,General Chemistry I,4,2017-01,2018-04,13,15,1,Teachers College,0,,"Bachelor of Arts, Science (5-12, Bio) | Bachelor of Arts, Science (5-12, Chemistry) | Bachelor of Arts, Science (5-12, Geo) | Bachelor of Arts, Science (5-12, Physics)","Bachelor of Arts, Science (5-12, Bio) | Bachelor of Arts, Science (5-12, Chemistry) | Bachelor of Arts, Science (5-12, Geo) | Bachelor of Arts, Science (5-12, Physics)"
C289,RETIRED,General Chemistry II,4,2017-01,2018-04,13,15,1,Teachers College,0,,"Bachelor of Arts, Science (5-12, Bio) | Bachelor of Arts, Science (5-12, Chemistry) | Bachelor of Arts, Science (5-12, Geo) | Bachelor of Arts, Science (5-12, Physics)","Bachelor of Arts, Science (5-12, Chemistry)"
C292,RETIRED,Science Teaching and Learning,4,2017-01,2017-05,3,4,1,Teachers College,0,,"Bachelor of Arts, Science (5-12, Bio) | Bachelor of Arts, Science (5-12, Chemistry) | Bachelor of Arts, Science (5-12, Geo) | Bachelor of Arts, Science (5-12, Physics)","Bachelor of Arts, Science (5-12, Bio) | Bachelor of Arts, Science (5-12, Chemistry) | Bachelor of Arts, Science (5-12, Geo) | Bachelor of Arts, Science (5-12, Physics)"
C293,RETIRED,Middle School Science: Content Knowledge,9,2017-01,2017-05,3,4,1,Teachers College,0,,"Bachelor of Arts, Science (5-9)","Bachelor of Arts, Science (5-9)"
C294,RETIRED,Biology: Content Knowledge,7,2017-01,2017-05,3,4,1,Teachers College,0,,"Bachelor of Arts, Science (5-12, Bio)","Bachelor of Arts, Science (5-12, Bio)"
C295,RETIRED,Chemistry: Content Knowledge,7,2017-01,2017-05,3,4,1,Teachers College,0,,"Bachelor of Arts, Science (5-12, Chemistry)","Bachelor of Arts, Science (5-12, Chemistry)"
C296,RETIRED,Earth Science: Content Knowledge,7,2017-01,2017-05,3,4,1,Teachers College,0,,"Bachelor of Arts, Science (5-12, Geo)","Bachelor of Arts, Science (5-12, Geo)"
C297,RETIRED,Physics: Content Knowledge,7,2017-01,2017-05,3,4,1,Teachers College,0,,"Bachelor of Arts, Science (5-12, Physics)","Bachelor of Arts, Science (5-12, Physics)"
C299,RETIRED,Designing Customized Security,6,2017-01,2019-12,33,35,1,College of Information Technology,0,,"Bachelor of Science, IT - Security Emphasis","Bachelor of Science, Network Operations and Security"
C301,RETIRED,Translational Research for Practice and Populations,2,2017-01,2020-06,39,41,1,College of Health Professions,0,,"Master of Science, Nursing - Education [MSNUED] | Master of Science, Nursing - Education [MSRNNUEDGR] | Master of Science, Nursing - Leadership and Management [MSNULM] | Master of Science, Nursing - Leadership and Management [MSRNNULMGR]","Master of Science, Nursing - Leadership and Management (BSN to MSN) | Master of Science, Nursing - Leadership and Management (RN to MSN)"
C304,RETIRED,Professional Roles and Values,3,2017-01,2022-12,69,71,1,College of Health Professions,0,,"Bachelor of Science, Nursing [BSNU] | Bachelor of Science, Nursing [BSRN]","Bachelor of Science, Nursing [BSRN]"
C306,RETIRED,Finite Mathematics,4,2017-01,2023-11,80,82,2,School of Education | Teachers College,0,,"Bachelor of Arts, Mathematics (5-9)","Bachelor of Science, Mathematics Education (Middle Grades)"
C307,RETIRED,"Supervised Demonstration Teaching in Elementary Education,",3,2017-01,2023-11,80,82,2,School of Education | Teachers College,0,,"Bachelor of Arts, Interdisciplinary Studies (K-8)","Bachelor of Arts, Elementary Education"
C308,RETIRED,"Supervised Demonstration Teaching in Elementary Education,",3,2017-01,2023-11,80,82,2,School of Education | Teachers College,0,,"Bachelor of Arts, Interdisciplinary Studies (K-8)","Bachelor of Arts, Elementary Education"
C309,RETIRED,"Supervised Demonstration Teaching in Elementary Education,",3,2017-01,2023-11,80,82,2,School of Education | Teachers College,0,,"Bachelor of Arts, Interdisciplinary Studies (K-8)","Bachelor of Arts, Elementary Education"
C310,RETIRED,"Supervised Demonstration Teaching in Elementary Education,",3,2017-01,2023-11,80,82,2,School of Education | Teachers College,0,,"Bachelor of Arts, Interdisciplinary Studies (K-8)","Bachelor of Arts, Elementary Education"
C311,RETIRED,Supervised Demonstration Teaching in Elementary and Special,3,2017-01,2023-11,80,82,2,School of Education | Teachers College,0,,"Bachelor of Arts, Special Education","Bachelor of Arts, Special Education and Elementary Education (Dual Licensure)"
C312,RETIRED,Supervised Demonstration Teaching in Elementary and Special,3,2017-01,2023-11,80,82,2,School of Education | Teachers College,0,,"Bachelor of Arts, Special Education","Bachelor of Arts, Special Education and Elementary Education (Dual Licensure)"
C313,RETIRED,Supervised Demonstration Teaching in Elementary and Special,3,2017-01,2023-11,80,82,2,School of Education | Teachers College,0,,"Bachelor of Arts, Special Education","Bachelor of Arts, Special Education and Elementary Education (Dual Licensure)"
C314,RETIRED,Supervised Demonstration Teaching in Elementary and Special,3,2017-01,2023-11,80,82,2,School of Education | Teachers College,0,,"Bachelor of Arts, Special Education","Bachelor of Arts, Special Education and Elementary Education (Dual Licensure)"
C315,RETIRED,"Supervised Demonstration Teaching in Mathematics,",3,2017-01,2023-11,80,82,2,School of Education | Teachers College,1,"Supervised Demonstration Teaching in Mathematics, Obs 1","Bachelor of Arts, Mathematics (5-12) | Bachelor of Arts, Mathematics (5-9)","Bachelor of Science, Mathematics Education (Middle Grades) | Bachelor of Science, Mathematics Education (Secondary)"
C316,RETIRED,"Supervised Demonstration Teaching in Mathematics,",3,2017-01,2023-11,80,82,2,School of Education | Teachers College,1,"Supervised Demonstration Teaching in Mathematics, Obs 3","Bachelor of Arts, Mathematics (5-12) | Bachelor of Arts, Mathematics (5-9)","Bachelor of Science, Mathematics Education (Middle Grades) | Bachelor of Science, Mathematics Education (Secondary)"
C317,RETIRED,"Supervised Demonstration Teaching in Mathematics,",3,2017-01,2023-11,80,82,2,School of Education | Teachers College,0,,"Bachelor of Arts, Mathematics (5-12) | Bachelor of Arts, Mathematics (5-9)","Bachelor of Science, Mathematics Education (Middle Grades) | Bachelor of Science, Mathematics Education (Secondary)"
C318,RETIRED,"Supervised Demonstration Teaching in Mathematics,",3,2017-01,2023-11,80,82,2,School of Education | Teachers College,0,,"Bachelor of Arts, Mathematics (5-12) | Bachelor of Arts, Mathematics (5-9)","Bachelor of Science, Mathematics Education (Middle Grades) | Bachelor of Science, Mathematics Education (Secondary)"
C319,RETIRED,"Supervised Demonstration Teaching in Science, Observations",3,2017-01,2023-11,80,82,2,School of Education | Teachers College,0,,"Bachelor of Arts, Science (5-12, Bio) | Bachelor of Arts, Science (5-12, Chemistry) | Bachelor of Arts, Science (5-12, Geo) | Bachelor of Arts, Science (5-12, Physics)","Bachelor of Science, Science Education (Middle Grades) | Bachelor of Science, Science Education (Secondary Biological Science) | Bachelor of Science, Science Education (Secondary Chemistry) | Bachelor of Science, Science Education (Secondary Earth Science)"
C320,RETIRED,"Supervised Demonstration Teaching in Science, Observation 3",3,2017-01,2023-11,80,82,2,School of Education | Teachers College,0,,"Bachelor of Arts, Science (5-12, Bio) | Bachelor of Arts, Science (5-12, Chemistry) | Bachelor of Arts, Science (5-12, Geo) | Bachelor of Arts, Science (5-12, Physics)","Bachelor of Science, Science Education (Middle Grades) | Bachelor of Science, Science Education (Secondary Biological Science) | Bachelor of Science, Science Education (Secondary Chemistry) | Bachelor of Science, Science Education (Secondary Earth Science)"
C321,RETIRED,"Supervised Demonstration Teaching in Science, Observations",3,2017-01,2023-11,80,82,2,School of Education | Teachers College,0,,"Bachelor of Arts, Science (5-12, Bio) | Bachelor of Arts, Science (5-12, Chemistry) | Bachelor of Arts, Science (5-12, Geo) | Bachelor of Arts, Science (5-12, Physics)","Bachelor of Science, Science Education (Middle Grades) | Bachelor of Science, Science Education (Secondary Biological Science) | Bachelor of Science, Science Education (Secondary Chemistry) | Bachelor of Science, Science Education (Secondary Earth Science)"
C322,RETIRED,"Supervised Demonstration Teaching in Science, Observation 6",3,2017-01,2023-11,80,82,2,School of Education | Teachers College,0,,"Bachelor of Arts, Science (5-12, Bio) | Bachelor of Arts, Science (5-12, Chemistry) | Bachelor of Arts, Science (5-12, Geo) | Bachelor of Arts, Science (5-12, Physics)","Bachelor of Science, Science Education (Middle Grades) | Bachelor of Science, Science Education (Secondary Biological Science) | Bachelor of Science, Science Education (Secondary Chemistry) | Bachelor of Science, Science Education (Secondary Earth Science)"
C323,RETIRED,"Supervised Demonstration Teaching in Elementary Education,",3,2017-01,2020-06,39,41,1,Teachers College,0,,"Master of Arts in Teaching, Elementary Education (K-8) | Post-baccalaureate Teacher Preparation, Elementary Education (K-8)","Master of Arts in Teaching, Elementary Education"
C324,RETIRED,"Supervised Demonstration Teaching in Elementary Education,",3,2017-01,2020-06,39,41,1,Teachers College,0,,"Master of Arts in Teaching, Elementary Education (K-8) | Post-baccalaureate Teacher Preparation, Elementary Education (K-8)","Master of Arts in Teaching, Elementary Education"
C325,RETIRED,"Supervised Demonstration Teaching in Elementary Education,",3,2017-01,2020-06,39,41,1,Teachers College,0,,"Master of Arts in Teaching, Elementary Education (K-8) | Post-baccalaureate Teacher Preparation, Elementary Education (K-8)","Master of Arts in Teaching, Elementary Education"
C326,RETIRED,"Supervised Demonstration Teaching in Elementary Education,",3,2017-01,2020-06,39,41,1,Teachers College,0,,"Master of Arts in Teaching, Elementary Education (K-8) | Post-baccalaureate Teacher Preparation, Elementary Education (K-8)","Master of Arts in Teaching, Elementary Education"
C327,RETIRED,"Supervised Demonstration Teaching in Mathematics,",3,2017-01,2020-06,39,41,1,Teachers College,0,,"Master of Arts in Teaching, Mathematics (5-12) | Master of Arts in Teaching, Mathematics (5-9) | Post-baccalaureate Teacher Preparation, Mathematics (5-12) | Post-baccalaureate Teacher Preparation, Mathematics (5-9)","Master of Arts in Teaching, Mathematics Education (Middle Grades) | Master of Arts in Teaching, Mathematics Education (Secondary)"
C328,RETIRED,"Supervised Demonstration Teaching in Mathematics,",3,2017-01,2020-06,39,41,1,Teachers College,0,,"Master of Arts in Teaching, Mathematics (5-12) | Master of Arts in Teaching, Mathematics (5-9) | Post-baccalaureate Teacher Preparation, Mathematics (5-12) | Post-baccalaureate Teacher Preparation, Mathematics (5-9)","Master of Arts in Teaching, Mathematics Education (Middle Grades) | Master of Arts in Teaching, Mathematics Education (Secondary)"
C329,RETIRED,"Supervised Demonstration Teaching in Mathematics,",3,2017-01,2020-06,39,41,1,Teachers College,0,,"Master of Arts in Teaching, Mathematics (5-12) | Master of Arts in Teaching, Mathematics (5-9) | Post-baccalaureate Teacher Preparation, Mathematics (5-12) | Post-baccalaureate Teacher Preparation, Mathematics (5-9)","Master of Arts in Teaching, Mathematics Education (Middle Grades) | Master of Arts in Teaching, Mathematics Education (Secondary)"
C330,RETIRED,"Supervised Demonstration Teaching in Mathematics,",3,2017-01,2020-06,39,41,1,Teachers College,0,,"Master of Arts in Teaching, Mathematics (5-12) | Master of Arts in Teaching, Mathematics (5-9) | Post-baccalaureate Teacher Preparation, Mathematics (5-12) | Post-baccalaureate Teacher Preparation, Mathematics (5-9)","Master of Arts in Teaching, Mathematics Education (Middle Grades) | Master of Arts in Teaching, Mathematics Education (Secondary)"
C331,RETIRED,"Supervised Demonstration Teaching in Science, Observations",3,2017-01,2020-06,39,41,1,Teachers College,0,,"Master of Arts in Teaching, Science (5-12) | Master of Arts in Teaching, Science (5-9) | Post-baccalaureate Teacher Preparation, Science (5-12) | Post-baccalaureate Teacher Preparation, Science (5-9)","Master of Arts in Teaching, Science Education (Secondary)"
C332,RETIRED,"Supervised Demonstration Teaching in Science, Observation 3",3,2017-01,2020-06,39,41,1,Teachers College,0,,"Master of Arts in Teaching, Science (5-12) | Master of Arts in Teaching, Science (5-9) | Post-baccalaureate Teacher Preparation, Science (5-12) | Post-baccalaureate Teacher Preparation, Science (5-9)","Master of Arts in Teaching, Science Education (Secondary)"
C333,RETIRED,"Supervised Demonstration Teaching in Science, Observations",3,2017-01,2020-06,39,41,1,Teachers College,0,,"Master of Arts in Teaching, Science (5-12) | Master of Arts in Teaching, Science (5-9) | Post-baccalaureate Teacher Preparation, Science (5-12) | Post-baccalaureate Teacher Preparation, Science (5-9)","Master of Arts in Teaching, Science Education (Secondary)"
C334,RETIRED,"Supervised Demonstration Teaching in Science, Observation 6",3,2017-01,2020-06,39,41,1,Teachers College,0,,"Master of Arts in Teaching, Science (5-12) | Master of Arts in Teaching, Science (5-9) | Post-baccalaureate Teacher Preparation, Science (5-12) | Post-baccalaureate Teacher Preparation, Science (5-9)","Master of Arts in Teaching, Science Education (Secondary)"
C335,RETIRED,"Supervised Demonstration Teaching in Social Science,",3,2017-01,2017-05,3,4,1,Teachers College,0,,"Master of Arts in Teaching, Social Science (5-12) | Post-baccalaureate Teacher Preparation, Social Science (5-12)","Master of Arts in Teaching, Social Science (5-12) | Post-baccalaureate Teacher Preparation, Social Science (5-12)"
C336,RETIRED,"Supervised Demonstration Teaching in Social Science,",3,2017-01,2017-05,3,4,1,Teachers College,0,,"Master of Arts in Teaching, Social Science (5-12) | Post-baccalaureate Teacher Preparation, Social Science (5-12)","Master of Arts in Teaching, Social Science (5-12) | Post-baccalaureate Teacher Preparation, Social Science (5-12)"
C337,RETIRED,"Supervised Demonstration Teaching in Social Science,",3,2017-01,2017-05,3,4,1,Teachers College,0,,"Master of Arts in Teaching, Social Science (5-12) | Post-baccalaureate Teacher Preparation, Social Science (5-12)","Master of Arts in Teaching, Social Science (5-12) | Post-baccalaureate Teacher Preparation, Social Science (5-12)"
C338,RETIRED,"Supervised Demonstration Teaching in Social Science,",3,2017-01,2017-05,3,4,1,Teachers College,0,,"Master of Arts in Teaching, Social Science (5-12) | Post-baccalaureate Teacher Preparation, Social Science (5-12)","Master of Arts in Teaching, Social Science (5-12) | Post-baccalaureate Teacher Preparation, Social Science (5-12)"
C339,RETIRED,Cohort Seminar,1,2017-01,2025-02,95,97,2,School of Education | Teachers College,0,,"Master of Arts in Teaching, Elementary Education (K-8) | Master of Arts in Teaching, English Education (5-12) | Master of Arts in Teaching, Mathematics (5-12) | Master of Arts in Teaching, Mathematics (5-9)","Master of Arts in Teaching, Mathematics Education (Middle Grades)"
C340,RETIRED,Cohort Seminar in Special Education,3,2017-01,2024-09,90,92,2,School of Education | Teachers College,0,,"Bachelor of Arts, Special Education","Bachelor of Arts, Special Education and Elementary Education (Dual Licensure) | Bachelor of Arts, Special Education, Mild to Moderate"
C341,RETIRED,Cohort Seminar,3,2017-01,2025-02,95,97,2,School of Education | Teachers College,0,,"Bachelor of Arts, Interdisciplinary Studies (K-8) | Bachelor of Arts, Mathematics (5-12) | Bachelor of Arts, Mathematics (5-9) | Bachelor of Arts, Science (5-12, Bio)","Bachelor of Science, Mathematics Education (Middle Grades) | Bachelor of Science, Science Education (Middle Grades)"
C342,RETIRED,Teacher Work Sample in Elementary Education,1,2017-01,2017-05,3,4,1,Teachers College,0,,"Master of Arts in Teaching, Elementary Education (K-8) | Post-baccalaureate Teacher Preparation, Elementary Education (K-8)","Master of Arts in Teaching, Elementary Education (K-8) | Post-baccalaureate Teacher Preparation, Elementary Education (K-8)"
C347,RETIRED,Professional Portfolio,1,2017-01,2025-02,95,97,2,School of Education | Teachers College,0,,"Master of Arts in Teaching, Elementary Education (K-8) | Master of Arts in Teaching, English Education (5-12) | Master of Arts in Teaching, Mathematics (5-12) | Master of Arts in Teaching, Mathematics (5-9)","Master of Arts in Teaching, Mathematics Education (Middle Grades)"
C348,RETIRED,Professional Portfolio,1,2017-01,2020-06,39,41,1,Teachers College,0,,"Bachelor of Arts, Interdisciplinary Studies (K-8) | Bachelor of Arts, Mathematics (5-12) | Bachelor of Arts, Mathematics (5-9) | Bachelor of Arts, Science (5-12, Bio)","Bachelor of Arts, Elementary Education | Bachelor of Arts, Special Education and Elementary Education (Dual Licensure) | Bachelor of Arts, Special Education, Mild to Moderate | Bachelor of Science, Mathematics Education (Middle Grades)"
C349,RETIRED,Health Assessment,3,2017-01,2021-12,57,59,1,College of Health Professions,0,,"Bachelor of Science, Nursing [BSNU] | Master of Science, Nursing - Education [MSRNNUEDGR] | Master of Science, Nursing - Leadership and Management [MSRNNULMGR] | Master of Science, Nursing - Nursing Informatics [MSRNNUNIGR]","Bachelor of Science, Nursing [BSNU] | Master of Science, Nursing - Education (RN to MSN) | Master of Science, Nursing - Leadership and Management (RN to MSN) | Master of Science, Nursing - Nursing Informatics"
C350,RETIRED,Comprehensive Health Assessment for Patients and,3,2017-01,2020-06,39,41,1,College of Health Professions,0,,"Master of Science, Nursing - Education [MSNUED] | Master of Science, Nursing - Education [MSRNNUEDGR] | Master of Science, Nursing - Leadership and Management [MSNULM] | Master of Science, Nursing - Leadership and Management [MSRNNULMGR]","Master of Science, Nursing - Leadership and Management (BSN to MSN) | Master of Science, Nursing - Leadership and Management (RN to MSN)"
C351,RETIRED,Professional Presence and Influence,2,2017-01,2020-06,39,41,1,College of Health Professions,0,,"Master of Science, Nursing - Education [MSNUED] | Master of Science, Nursing - Education [MSRNNUEDGR] | Master of Science, Nursing - Leadership and Management [MSNULM] | Master of Science, Nursing - Leadership and Management [MSRNNULMGR]","Master of Science, Nursing - Leadership and Management (BSN to MSN) | Master of Science, Nursing - Leadership and Management (RN to MSN)"
C352,RETIRED,Contemporary Pharmacotherapeutics,2,2017-01,2020-06,39,41,1,College of Health Professions,0,,"Master of Science, Nursing - Education [MSNUED] | Master of Science, Nursing - Education [MSRNNUEDGR] | Master of Science, Nursing - Leadership and Management [MSNULM] | Master of Science, Nursing - Leadership and Management [MSRNNULMGR]","Master of Science, Nursing - Leadership and Management (BSN to MSN) | Master of Science, Nursing - Leadership and Management (RN to MSN)"
C358,RETIRED,Foundations of Nursing Education,3,2017-01,2018-03,12,14,1,College of Health Professions,0,,"Master of Science, Nursing - Education [MSNUED] | Master of Science, Nursing - Education [MSRNNUEDGR]","Master of Science, Nursing - Education (BSN to MSN) | Master of Science, Nursing - Education (RN to MSN)"
C359,RETIRED,Future Directions in Contemporary Learning and Education,2,2017-01,2018-03,12,14,1,College of Health Professions,0,,"Master of Science, Nursing - Education [MSNUED] | Master of Science, Nursing - Education [MSRNNUEDGR]","Master of Science, Nursing - Education (BSN to MSN) | Master of Science, Nursing - Education (RN to MSN)"
C360,RETIRED,Teacher Work Sample in English Language Learning,1,2017-01,2026-06,111,113,2,School of Education | Teachers College,1,Teacher Work Sample in English Language,"Master of Arts, English Language Learning (PreK-12)","Master of Arts, English Language Learning"
C361,RETIRED,Evidence Based Practice and Applied Nursing Research,3,2017-01,2022-12,69,71,1,College of Health Professions,0,,"Bachelor of Science, Nursing [BSNU] | Bachelor of Science, Nursing [BSRN] | Master of Science, Nursing - Education [MSRNNUEDGR] | Master of Science, Nursing - Leadership and Management [MSRNNULMGR]","Bachelor of Science, Nursing [BSRN]"
C362,RETIRED,Calculus I,4,2017-01,2025-01,94,96,2,School of Education | Teachers College,0,,"Bachelor of Arts, Mathematics (5-12)","Bachelor of Arts, Educational Studies in Secondary Mathematics Education | Bachelor of Science, Mathematics Education (Secondary)"
C363,RETIRED,Calculus I,2,2017-01,2026-06,111,113,2,School of Education | Teachers College,0,,"Master of Arts, Mathematics Education (5-12)",Master of Arts in Mathematics Education (Secondary)
C365,RETIRED,Language Arts Instruction and Intervention,3,2017-01,2024-09,90,92,2,School of Education | Teachers College,0,,"Bachelor of Arts, Interdisciplinary Studies (K-8) | Bachelor of Arts, Special Education","Bachelor of Arts, Educational Studies in Mild to Moderate Exceptionalities Special Education | Bachelor of Arts, Educational Studies in Special and Elementary Education | Bachelor of Arts, Special Education and Elementary Education (Dual Licensure) | Bachelor of Arts, Special Education, Mild to Moderate"
C366,RETIRED,Elementary Reading and Literacy Methods,3,2017-01,2017-05,3,4,1,Teachers College,0,,"Bachelor of Arts, Interdisciplinary Studies (K-8) | Bachelor of Arts, Special Education","Bachelor of Arts, Interdisciplinary Studies (K-8) | Bachelor of Arts, Special Education"
C367,RETIRED,Elementary Physical Education and Health Methods,3,2017-01,2024-09,90,92,2,School of Education | Teachers College,1,Elementary Physical Education and Health,"Bachelor of Arts, Interdisciplinary Studies (K-8) | Bachelor of Arts, Special Education","Bachelor of Arts, Educational Studies in Special and Elementary Education | Bachelor of Arts, Special Education and Elementary Education (Dual Licensure)"
C368,RETIRED,Instructional Planning and Presentation in Elementary,3,2017-01,2020-06,39,41,1,Teachers College,0,,"Bachelor of Arts, Interdisciplinary Studies (K-8)","Bachelor of Arts, Elementary Education"
C369,RETIRED,Instructional Planning and Presentation in Science,3,2017-01,2020-06,39,41,1,Teachers College,0,,"Bachelor of Arts, Science (5-12, Bio) | Bachelor of Arts, Science (5-12, Chemistry) | Bachelor of Arts, Science (5-12, Geo) | Bachelor of Arts, Science (5-12, Physics)","Bachelor of Science, Science Education (Middle Grades) | Bachelor of Science, Science Education (Secondary Biological Science) | Bachelor of Science, Science Education (Secondary Chemistry) | Bachelor of Science, Science Education (Secondary Earth Science)"
C371,RETIRED,Concepts in Science,2,2018-05,2025-02,82,81,2,School of Education | Teachers College,0,,"Bachelor of Science, Science Education (Middle Grades) | Bachelor of Science, Science Education (Secondary Biological Science) | Bachelor of Science, Science Education (Secondary Chemistry) | Bachelor of Science, Science Education (Secondary Earth Science)","Bachelor of Arts, Educational Studies in Middle Grades Science Education | Bachelor of Science, Science Education (Middle Grades)"
C373,RETIRED,General Chemistry I with Lab,4,2018-05,2025-01,81,80,2,School of Education | Teachers College,0,,"Bachelor of Science, Science Education (Secondary Chemistry)","Bachelor of Arts, Educational Studies in Secondary Chemistry Science Education | Bachelor of Science, Science Education (Secondary Chemistry)"
C374,RETIRED,General Chemistry II with Lab,4,2018-05,2025-01,81,80,2,School of Education | Teachers College,0,,"Bachelor of Science, Science Education (Secondary Chemistry)","Bachelor of Arts, Educational Studies in Secondary Chemistry Science Education | Bachelor of Science, Science Education (Secondary Chemistry)"
C375,RETIRED,Survey of World History,3,2017-01,2023-06,75,77,2,School of Education | Teachers College,0,,"Bachelor of Arts, Interdisciplinary Studies (K-8) | Bachelor of Arts, Mathematics (5-9) | Bachelor of Arts, Science (5-9) | Bachelor of Arts, Special Education","Bachelor of Arts, Educational Studies in Elementary Education | Bachelor of Arts, Elementary Education | Bachelor of Arts, Special Education and Elementary Education (Dual Licensure) | Bachelor of Arts, Special Education, Mild to Moderate"
C379,RETIRED,Elementary Reading and Literacy Methods,2,2017-01,2017-05,3,4,1,Teachers College,0,,"Master of Arts in Teaching, Elementary Education (K-8) | Post-baccalaureate Teacher Preparation, Elementary Education (K-8)","Master of Arts in Teaching, Elementary Education (K-8) | Post-baccalaureate Teacher Preparation, Elementary Education (K-8)"
C380,RETIRED,Language Arts Instruction and Intervention,2,2017-01,2024-09,90,92,2,School of Education | Teachers College,0,,"Master of Arts in Teaching, Elementary Education (K-8) | Post-baccalaureate Teacher Preparation, Elementary Education (K-8)","Master of Arts in Teaching, Special Education"
C381,RETIRED,Elementary Mathematics Methods,2,2017-01,2024-08,89,91,2,School of Education | Teachers College,0,,"Master of Arts in Teaching, Elementary Education (K-8) | Post-baccalaureate Teacher Preparation, Elementary Education (K-8)","Master of Arts in Teaching, Elementary Education"
C382,RETIRED,Elementary Science Methods,2,2017-01,2024-08,89,91,2,School of Education | Teachers College,0,,"Master of Arts in Teaching, Elementary Education (K-8) | Post-baccalaureate Teacher Preparation, Elementary Education (K-8)","Master of Arts in Teaching, Elementary Education"
C388,RETIRED,"Science, Technology, and Society",5,2017-01,2025-02,95,97,2,School of Education | Teachers College,0,,"Bachelor of Arts, Science (5-12, Bio) | Bachelor of Arts, Science (5-12, Chemistry) | Bachelor of Arts, Science (5-12, Geo) | Bachelor of Arts, Science (5-12, Physics)","Bachelor of Arts, Educational Studies in Middle Grades Science Education | Bachelor of Science, Science Education (Middle Grades)"
C389,RETIRED,"Science, Technology, and Society",2,2017-01,2026-06,111,113,2,School of Education | Teachers College,0,,"Master of Arts in Teaching, Science (5-12) | Master of Arts in Teaching, Science (5-9) | Master of Arts, Science Education (5-12, Bio) | Master of Arts, Science Education (5-12, Chemistry)",Master of Arts Science Education (Middle Grades) | Master of Arts Science Education (Secondary Biological Science) | Master of Arts Science Education (Secondary Chemistry) | Master of Arts Science Education (Secondary Earth Science)
C393,RETIRED,IT Foundations,4,2017-01,2023-07,76,78,1,College of Information Technology,0,,"Bachelor of Science, Data Management/Data Analytics | Bachelor of Science, IT - Networks Administration Emphasis | Bachelor of Science, IT - Security Emphasis | Bachelor of Science, Information Technology","Bachelor of Science, Data Management/Data Analytics"
C394,RETIRED,IT Applications,4,2017-01,2023-07,76,78,1,College of Information Technology,0,,"Bachelor of Science, Data Management/Data Analytics | Bachelor of Science, IT - Networks Administration Emphasis | Bachelor of Science, IT - Security Emphasis | Bachelor of Science, Information Technology","Bachelor of Science, Data Management/Data Analytics"
C395,RETIRED,Instructional Planning and Presentation in English,2,2017-01,2020-06,39,41,1,Teachers College,0,,"Master of Arts in Teaching, English Education (5-12)","Master of Arts in Teaching, English Education (Secondary)"
C396,RETIRED,English Pedagogy,3,2017-01,2025-01,94,96,2,School of Education | Teachers College,0,,"Master of Arts in Teaching, English Education (5-12)","Master of Arts in Teaching, English Education (Secondary)"
C397,RETIRED,Pre-Clinical Experiences in English,2,2017-01,2017-07,4,6,1,Teachers College,1,Preclinical Experiences in English,"Master of Arts in Teaching, English Education (5-12)","Master of Arts in Teaching, English Education (5-12)"
C398,RETIRED,"Supervised Demonstration Teaching in English, Observations 1",3,2017-01,2020-06,39,41,1,Teachers College,0,,"Master of Arts in Teaching, English Education (5-12)","Master of Arts in Teaching, English Education (Secondary)"
C399,RETIRED,"Supervised Demonstration Teaching in English, Observation 3",3,2017-01,2020-06,39,41,1,Teachers College,0,,"Master of Arts in Teaching, English Education (5-12)","Master of Arts in Teaching, English Education (Secondary)"
C400,RETIRED,"Supervised Demonstration Teaching in English, Observations 4",3,2017-01,2020-06,39,41,1,Teachers College,0,,"Master of Arts in Teaching, English Education (5-12)","Master of Arts in Teaching, English Education (Secondary)"
C401,RETIRED,"Supervised Demonstration Teaching in English, Observation 6",3,2017-01,2020-06,39,41,1,Teachers College,0,,"Master of Arts in Teaching, English Education (5-12)","Master of Arts in Teaching, English Education (Secondary)"
C405,RETIRED,Anatomy and Physiology II,4,2017-01,2022-12,69,71,1,College of Health Professions,0,,"Bachelor of Science, Nursing [BSNU] | Bachelor of Science, Nursing [BSRN] | Master of Science, Nursing - Education [MSRNNUEDGR] | Master of Science, Nursing - Leadership and Management [MSRNNULMGR]","Bachelor of Science, Nursing [BSRN]"
C408,RETIRED,Leadership and Innovation,1,2017-01,2017-01,1,0,1,College of Business,0,,"Master of Science, Integrated Healthcare Management","Master of Science, Integrated Healthcare Management"
C409,RETIRED,Innovation Project,2,2017-01,2017-01,1,0,1,College of Business,0,,"Master of Science, Integrated Healthcare Management","Master of Science, Integrated Healthcare Management"
C410,RETIRED,Collaborative Leadership Project,2,2017-01,2018-04,13,15,2,College of Business | College of Health Professions,0,,"Master of Science, Integrated Healthcare Management","Master of Science, Integrated Healthcare Management"
C411,RETIRED,Healthcare Systems and Policy,2,2017-01,2017-01,1,0,1,College of Business,0,,"Master of Science, Integrated Healthcare Management","Master of Science, Integrated Healthcare Management"
C412,RETIRED,Healthcare Systems Project,2,2017-01,2017-01,1,0,1,College of Business,0,,"Master of Science, Integrated Healthcare Management","Master of Science, Integrated Healthcare Management"
C413,RETIRED,Quality Improvement,1,2017-01,2017-01,1,0,1,College of Business,0,,"Master of Science, Integrated Healthcare Management","Master of Science, Integrated Healthcare Management"
C414,RETIRED,Healthcare Quality Project,2,2017-01,2017-01,1,0,1,College of Business,0,,"Master of Science, Integrated Healthcare Management","Master of Science, Integrated Healthcare Management"
C415,RETIRED,Healthcare Financial Management,2,2017-01,2017-01,1,0,1,College of Business,0,,"Master of Science, Integrated Healthcare Management","Master of Science, Integrated Healthcare Management"
C416,RETIRED,Healthcare Financial Management Project,2,2017-01,2017-01,1,0,1,College of Business,0,,"Master of Science, Integrated Healthcare Management","Master of Science, Integrated Healthcare Management"
C417,RETIRED,Analytical Methods of Healthcare Professionals,2,2017-01,2018-04,13,15,2,College of Business | College of Health Professions,0,,"Master of Science, Integrated Healthcare Management","Master of Science, Integrated Healthcare Management"
C418,RETIRED,Enterprise Risk Management,2,2017-01,2017-01,1,0,1,College of Business,0,,"Master of Science, Integrated Healthcare Management","Master of Science, Integrated Healthcare Management"
C419,RETIRED,Enterprise Risk Management Project,2,2017-01,2017-01,1,0,1,College of Business,0,,"Master of Science, Integrated Healthcare Management","Master of Science, Integrated Healthcare Management"
C420,RETIRED,Health Information Technology,1,2017-01,2017-01,1,0,1,College of Business,0,,"Master of Science, Integrated Healthcare Management","Master of Science, Integrated Healthcare Management"
C421,RETIRED,Health Information Technology Project,2,2017-01,2018-04,13,15,2,College of Business | College of Health Professions,0,,"Master of Science, Integrated Healthcare Management","Master of Science, Integrated Healthcare Management"
C422,RETIRED,Population Health and Care Coordination Project,2,2017-01,2017-01,1,0,1,College of Business,0,,"Master of Science, Integrated Healthcare Management","Master of Science, Integrated Healthcare Management"
C423,RETIRED,Challenges in Community Health Project,2,2017-01,2018-04,13,15,2,College of Business | College of Health Professions,0,,"Master of Science, Integrated Healthcare Management","Master of Science, Integrated Healthcare Management"
C424,RETIRED,Integrated Healthcare Project,3,2017-01,2018-04,13,15,2,College of Business | College of Health Professions,0,,"Master of Science, Integrated Healthcare Management","Master of Science, Integrated Healthcare Management"
C425,RETIRED,"Healthcare Delivery Systems, Regulation, and Compliance",3,2017-01,2024-05,86,88,2,College of Business | School of Business,0,,"Bachelor of Science, Business - Healthcare Management","Bachelor of Science, Healthcare Administration"
C426,RETIRED,Healthcare Values and Ethics,3,2017-01,2024-05,86,88,2,College of Business | School of Business,0,,"Bachelor of Science, Business - Healthcare Management","Bachelor of Science, Healthcare Administration"
C427,RETIRED,Technology Applications in Healthcare,3,2017-01,2024-05,86,88,2,College of Business | School of Business,0,,"Bachelor of Science, Business - Healthcare Management","Bachelor of Science, Healthcare Administration"
C428,RETIRED,Financial Resource Management in Healthcare,3,2017-01,2024-05,86,88,2,College of Business | School of Business,0,,"Bachelor of Science, Business - Healthcare Management","Bachelor of Science, Healthcare Administration"
C429,RETIRED,Healthcare Operations Management,3,2017-01,2024-05,86,88,2,College of Business | School of Business,0,,"Bachelor of Science, Business - Healthcare Management","Bachelor of Science, Healthcare Administration"
C430,RETIRED,Healthcare Quality Improvement and Risk Management,3,2017-01,2024-05,86,88,2,College of Business | School of Business,0,,"Bachelor of Science, Business - Healthcare Management","Bachelor of Science, Healthcare Administration"
C431,RETIRED,Healthcare Research and Statistics,3,2017-01,2024-05,86,88,2,College of Business | School of Business,0,,"Bachelor of Science, Business - Healthcare Management","Bachelor of Science, Healthcare Administration"
C432,RETIRED,Healthcare Management and Strategy,3,2017-01,2024-05,86,88,2,College of Business | School of Business,0,,"Bachelor of Science, Business - Healthcare Management","Bachelor of Science, Healthcare Administration"
C433,RETIRED,Integrated Healthcare Management Capstone Project,3,2017-01,2018-04,13,15,2,College of Business | College of Health Professions,0,,"Master of Science, Integrated Healthcare Management","Master of Science, Integrated Healthcare Management"
C439,RETIRED,Healthcare Management Capstone,4,2017-01,2024-05,86,88,2,College of Business | School of Business,0,,"Bachelor of Science, Business - Healthcare Management","Bachelor of Science, Healthcare Administration"
C451,RETIRED,Integrated Natural Science,4,2017-01,2017-12,8,11,1,College of Business,0,,"Bachelor of Science, Accounting | Bachelor of Science, Business - Healthcare Management | Bachelor of Science, Business - Human Resource Management | Bachelor of Science, Business - Information Technology Management","Bachelor of Science, Accounting"
C452,RETIRED,Integrated Natural Science Applications,4,2017-01,2018-07,16,18,1,College of Business,0,,"Bachelor of Science, Accounting | Bachelor of Science, Business - Healthcare Management | Bachelor of Science, Business - Human Resource Management | Bachelor of Science, Business - Information Technology Management","Bachelor of Science, Business Management"
C453,RETIRED,Clinical Microbiology,4,2017-01,2022-12,69,71,1,College of Health Professions,0,,"Bachelor of Science, Nursing [BSNU] | Bachelor of Science, Nursing [BSRN] | Master of Science, Nursing - Education [MSRNNUEDGR] | Master of Science, Nursing - Leadership and Management [MSRNNULMGR]","Bachelor of Science, Nursing [BSRN]"
C455,RETIRED,English Composition I,3,2017-01,2026-06,111,113,6,College of Business | College of Health Professions | College of Information Technology | School of Business | School of Education | Teachers College,0,,"Bachelor of Arts, Interdisciplinary Studies (K-8) | Bachelor of Arts, Mathematics (5-12) | Bachelor of Arts, Mathematics (5-9) | Bachelor of Arts, Science (5-12, Bio)","Bachelor of Science, Information Technology Management"
C456,RETIRED,English Composition II,3,2017-01,2026-06,111,113,6,College of Business | College of Health Professions | College of Information Technology | School of Business | School of Education | Teachers College,0,,"Bachelor of Arts, Interdisciplinary Studies (K-8) | Bachelor of Arts, Mathematics (5-12) | Bachelor of Arts, Mathematics (5-9) | Bachelor of Arts, Science (5-12, Bio)","Bachelor of Science, Information Technology Management"
C457,RETIRED,Foundations of College Mathematics,3,2017-03,2019-03,23,24,1,Teachers College,0,,"Bachelor of Arts, Interdisciplinary Studies (K-8) | Bachelor of Arts, Special Education","Bachelor of Arts, Special Education"
C458,RETIRED,"Health, Fitness and Wellness",4,2017-01,2026-06,111,113,8,College of Business | College of Health Professions | College of Information Technology | Leavitt School of Health | School of Business | School of Education | School of Technology | Teachers College,1,"Health, Fitness, and Wellness","Bachelor of Arts, Interdisciplinary Studies (K-8) | Bachelor of Arts, Special Education","Bachelor of Science in Psychology | Bachelor of Science, AI Engineering | Bachelor of Science, Accounting | Bachelor of Science, Business Management"
C459,RETIRED,Introduction to Probability and Statistics,3,2017-01,2020-01,34,36,4,College of Business | College of Health Professions | College of Information Technology | Teachers College,0,,"Bachelor of Science, Accounting | Bachelor of Science, Business - Healthcare Management | Bachelor of Science, Business - Human Resource Management | Bachelor of Science, Business - Information Technology Management","Bachelor of Science, Accounting | Bachelor of Science, Business - Healthcare Management | Bachelor of Science, Business - Human Resource Management | Bachelor of Science, Business - Information Technology Management"
C460,RETIRED,Mathematics for Elementary Educators I,3,2017-01,2020-06,39,41,1,Teachers College,0,,"Bachelor of Arts, Interdisciplinary Studies (K-8) | Bachelor of Arts, Special Education","Bachelor of Arts, Elementary Education | Bachelor of Arts, Special Education and Elementary Education (Dual Licensure) | Bachelor of Arts, Special Education, Mild to Moderate"
C461,RETIRED,Mathematics for Elementary Educators II,3,2017-01,2020-06,39,41,1,Teachers College,0,,"Bachelor of Arts, Interdisciplinary Studies (K-8) | Bachelor of Arts, Special Education","Bachelor of Arts, Elementary Education | Bachelor of Arts, Special Education and Elementary Education (Dual Licensure) | Bachelor of Arts, Special Education, Mild to Moderate"
C462,RETIRED,Mathematics for Elementary Educators III,3,2017-01,2020-06,39,41,1,Teachers College,0,,"Bachelor of Arts, Interdisciplinary Studies (K-8) | Bachelor of Arts, Special Education","Bachelor of Arts, Elementary Education | Bachelor of Arts, Special Education and Elementary Education (Dual Licensure) | Bachelor of Arts, Special Education, Mild to Moderate"
C463,RETIRED,Intermediate Algebra,3,2017-01,2020-01,34,36,4,College of Business | College of Health Professions | College of Information Technology | Teachers College,0,,"Bachelor of Arts, Interdisciplinary Studies (K-8) | Bachelor of Arts, Mathematics (5-9) | Bachelor of Arts, Science (5-12, Bio) | Bachelor of Arts, Science (5-12, Geo)","Bachelor of Science, Accounting | Bachelor of Science, Business - Healthcare Management | Bachelor of Science, Business - Human Resource Management | Bachelor of Science, Business - Information Technology Management"
C464,RETIRED,Introduction to Communication,3,2017-01,2026-06,111,113,6,College of Business | College of Health Professions | College of Information Technology | School of Business | School of Education | Teachers College,0,,"Bachelor of Arts, Interdisciplinary Studies (K-8) | Bachelor of Arts, Mathematics (5-12) | Bachelor of Arts, Mathematics (5-9) | Bachelor of Arts, Science (5-12, Bio)","Bachelor of Science, Information Technology Management"
C465,RETIRED,Care of the Developing Family,4,2017-01,2022-12,69,71,1,College of Health Professions,0,,"Bachelor of Science, Nursing [BSRN]","Bachelor of Science, Nursing [BSRN]"
C466,RETIRED,Medication Dosage Calculations,1,2017-01,2022-12,69,71,1,College of Health Professions,0,,"Bachelor of Science, Nursing [BSRN]","Bachelor of Science, Nursing [BSRN]"
C467,RETIRED,Pharmacology,2,2017-01,2022-12,69,71,1,College of Health Professions,0,,"Bachelor of Science, Nursing [BSRN]","Bachelor of Science, Nursing [BSRN]"
C468,RETIRED,Information Management and the Application of Technology,3,2017-01,2022-12,69,71,1,College of Health Professions,0,,"Bachelor of Science, Nursing [BSNU] | Bachelor of Science, Nursing [BSRN]","Bachelor of Science, Nursing [BSRN]"
C469,RETIRED,Caring Arts and Science Across the Lifespan Part I,4,2017-01,2022-12,69,71,1,College of Health Professions,0,,"Bachelor of Science, Nursing [BSRN]","Bachelor of Science, Nursing [BSRN]"
C470,RETIRED,Caring Arts and Science Across the Lifespan Part I Clinical,2,2017-01,2022-12,69,71,1,College of Health Professions,0,,"Bachelor of Science, Nursing [BSRN]","Bachelor of Science, Nursing [BSRN]"
C471,RETIRED,Caring Arts and Science Across the Lifespan Part II,4,2017-01,2022-12,69,71,1,College of Health Professions,0,,"Bachelor of Science, Nursing [BSRN]","Bachelor of Science, Nursing [BSRN]"
C472,RETIRED,Caring Arts and Science Across the Lifespan Part II Clinical,2,2017-01,2022-12,69,71,1,College of Health Professions,0,,"Bachelor of Science, Nursing [BSRN]","Bachelor of Science, Nursing [BSRN]"
C473,RETIRED,Care of Adults with Complex Illnesses,3,2017-01,2022-12,69,71,1,College of Health Professions,0,,"Bachelor of Science, Nursing [BSRN]","Bachelor of Science, Nursing [BSRN]"
C474,RETIRED,Clinical Learning for Complex Illnesses in Adults,3,2017-01,2022-12,69,71,1,College of Health Professions,0,,"Bachelor of Science, Nursing [BSRN]","Bachelor of Science, Nursing [BSRN]"
C475,RETIRED,Care of the Older Adult,3,2017-01,2022-12,69,71,1,College of Health Professions,0,,"Bachelor of Science, Nursing [BSNU] | Bachelor of Science, Nursing [BSRN] | Master of Science, Nursing - Education [MSRNNUEDGR] | Master of Science, Nursing - Leadership and Management [MSRNNULMGR]","Bachelor of Science, Nursing [BSRN]"
C476,RETIRED,Psychiatric and Mental Health Nursing,3,2017-01,2022-12,69,71,1,College of Health Professions,0,,"Bachelor of Science, Nursing [BSRN]","Bachelor of Science, Nursing [BSRN]"
C477,RETIRED,Nursing Care of Children,4,2017-01,2022-12,69,71,1,College of Health Professions,0,,"Bachelor of Science, Nursing [BSRN]","Bachelor of Science, Nursing [BSRN]"
C478,RETIRED,Critical Care Nursing Clinical Learning,2,2017-01,2022-12,69,71,1,College of Health Professions,0,,"Bachelor of Science, Nursing [BSRN]","Bachelor of Science, Nursing [BSRN]"
C480,RETIRED,Networks,4,2017-01,2023-07,76,78,1,College of Information Technology,0,,"Bachelor of Science, Data Management/Data Analytics | Bachelor of Science, IT - Networks Administration Emphasis | Bachelor of Science, IT - Security Emphasis | Bachelor of Science, Information Technology","Bachelor of Science, Data Management/Data Analytics"
C482,RETIRED,Software I,6,2017-01,2023-04,73,75,1,College of Information Technology,0,,"Bachelor of Science, Software Development","Bachelor of Science, Computer Science"
C483,RETIRED,Principles of Management,4,2017-01,2026-06,111,113,5,College of Business | College of Health Professions | College of Information Technology | School of Business | School of Technology,0,,"Bachelor of Science, Accounting | Bachelor of Science, Business - Healthcare Management | Bachelor of Science, Business - Human Resource Management | Bachelor of Science, Business - Information Technology Management","Bachelor of Science, Accounting | Bachelor of Science, Business Management | Bachelor of Science, Communications | Bachelor of Science, Finance"
C484,RETIRED,Organizational Behavior and Leadership,3,2017-01,2026-01,106,108,2,College of Information Technology | School of Technology,0,,"Bachelor of Science, Health Information Management | Bachelor of Science, IT - Security Emphasis | Bachelor of Science, Information Technology | Bachelor of Science, Software Development","Bachelor of Science, Information Technology | Bachelor of Science, Information Technology (BSIT to MSITM)"
C486,RETIRED,Organizational Systems: Safety and Regulation,1,2017-01,2022-12,69,71,1,College of Health Professions,0,,"Bachelor of Science, Nursing [BSRN]","Bachelor of Science, Nursing [BSRN]"
C487,RETIRED,Psych/Mental Health Clinical,2,2017-01,2022-12,69,71,1,College of Health Professions,0,,"Bachelor of Science, Nursing [BSRN]","Bachelor of Science, Nursing [BSRN]"
C488,RETIRED,Critical Care Nursing,4,2017-01,2022-12,69,71,1,College of Health Professions,0,,"Bachelor of Science, Nursing [BSRN]","Bachelor of Science, Nursing [BSRN]"
C489,RETIRED,Organizational Systems and Quality Leadership,3,2017-01,2022-12,69,71,1,College of Health Professions,0,,"Bachelor of Science, Nursing [BSNU] | Bachelor of Science, Nursing [BSRN] | Master of Science, Nursing - Education [MSRNNUEDGR] | Master of Science, Nursing - Leadership and Management [MSRNNULMGR]","Bachelor of Science, Nursing [BSRN]"
C490,RETIRED,Professional Nursing Role Transition,3,2017-01,2022-12,69,71,1,College of Health Professions,0,,"Bachelor of Science, Nursing [BSRN]","Bachelor of Science, Nursing [BSRN]"
C491,RETIRED,Nursing Clinical Practicum,4,2017-01,2022-12,69,71,1,College of Health Professions,0,,"Bachelor of Science, Nursing [BSRN]","Bachelor of Science, Nursing [BSRN]"
C492,RETIRED,Physical Assessment,4,2017-01,2022-12,69,71,1,College of Health Professions,0,,"Bachelor of Science, Nursing [BSRN]","Bachelor of Science, Nursing [BSRN]"
C493,RETIRED,Leadership and Professional Image,2,2017-01,2021-12,57,59,1,College of Health Professions,0,,"Bachelor of Science, Nursing [BSNU]","Bachelor of Science, Nursing [BSNU]"
C494,RETIRED,Advanced Standing for RN License,50,2017-01,2026-06,111,113,2,College of Health Professions | Leavitt School of Health,0,,"Bachelor of Science, Nursing [BSNU] | Master of Science, Nursing - Education [MSRNNUEDGR] | Master of Science, Nursing - Leadership and Management [MSRNNULMGR] | Master of Science, Nursing - Nursing Informatics [MSRNNUNIGR]","Bachelor of Science, Nursing | Master of Science, Nursing - Education (RN to MSN) | Master of Science, Nursing - Leadership and Management (RN to MSN) | Master of Science, Nursing - Nursing Informatics (RN to MSN)"
C498,RETIRED,"MS, Information Technology Management Capstone",4,2017-01,2026-01,106,108,2,College of Information Technology | School of Technology,2,"MS Information Technology Management Capstone | MS, Information Technology Management","Master of Science, Information Technology Management","Master of Science, Information Technology Management | Master of Science, Information Technology Management portion"
C501,RETIRED,Healthcare Informatics,4,2017-01,2017-05,3,4,1,College of Information Technology,0,,"Bachelor of Science, Health Information Management","Bachelor of Science, Health Information Management"
C502,RETIRED,Healthcare Statistics and Research,3,2017-01,2017-05,3,4,1,College of Information Technology,0,,"Bachelor of Science, Health Information Management","Bachelor of Science, Health Information Management"
C504,RETIRED,Professional Practice Experience and Portfolio - Management,4,2017-01,2021-08,52,55,2,College of Health Professions | College of Information Technology,0,,"Bachelor of Science, Health Information Management","Bachelor of Science, Health Information Management"
C506,RETIRED,Health Informatics Capstone Project,4,2017-01,2017-05,3,4,1,College of Information Technology,0,,"Bachelor of Science, Health Information Management","Bachelor of Science, Health Information Management"
C508,RETIRED,Pharmacology,3,2017-01,2017-05,3,4,1,College of Information Technology,0,,"Bachelor of Science, Health Information Management","Bachelor of Science, Health Information Management"
C509,RETIRED,Professional Practice Experience and Portfolio - Technical,3,2017-01,2021-08,52,55,2,College of Health Professions | College of Information Technology,0,,"Bachelor of Science, Health Information Management","Bachelor of Science, Health Information Management"
C540,RETIRED,MS SPED Teacher Work Sample,6,2017-01,2020-05,38,40,1,Teachers College,0,,"Master of Science, Special Education","Master of Science, Special Education"
C551,RETIRED,Foundational Perspectives of Education,2,2017-07,2020-06,36,35,1,Teachers College,0,,"Master of Arts in Teaching, Elementary Education (K-8) | Master of Arts in Teaching, English Education (5-12) | Master of Arts in Teaching, Mathematics (5-12) | Master of Arts in Teaching, Mathematics (5-9)","Master of Arts in Teaching, Elementary Education | Master of Arts in Teaching, English Education (Secondary) | Master of Arts in Teaching, Mathematics Education (Middle Grades) | Master of Arts in Teaching, Mathematics Education (Secondary)"
C552,RETIRED,Psychology for Educators,2,2017-07,2018-05,11,10,1,Teachers College,0,,"Master of Arts in Teaching, Elementary Education (K-8) | Master of Arts in Teaching, English Education (5-12) | Master of Arts in Teaching, Mathematics (5-12) | Master of Arts in Teaching, Mathematics (5-9)","Master of Arts in Teaching, Elementary Education (K-8) | Master of Arts in Teaching, English Education (5-12) | Master of Arts in Teaching, Mathematics (5-12) | Master of Arts in Teaching, Mathematics (5-9)"
C553,RETIRED,"Classroom Management, Engagement, and Motivation",2,2017-07,2020-06,36,35,1,Teachers College,0,,"Master of Arts in Teaching, Elementary Education (K-8) | Master of Arts in Teaching, English Education (5-12) | Master of Arts in Teaching, Mathematics (5-12) | Master of Arts in Teaching, Mathematics (5-9)","Master of Arts in Teaching, Elementary Education | Master of Arts in Teaching, English Education (Secondary) | Master of Arts in Teaching, Mathematics Education (Middle Grades) | Master of Arts in Teaching, Mathematics Education (Secondary)"
C554,RETIRED,Educational Assessment,2,2017-07,2020-06,36,35,1,Teachers College,0,,"Master of Arts in Teaching, Elementary Education (K-8) | Master of Arts in Teaching, English Education (5-12) | Master of Arts in Teaching, Mathematics (5-12) | Master of Arts in Teaching, Mathematics (5-9)","Master of Arts in Teaching, Elementary Education | Master of Arts in Teaching, English Education (Secondary) | Master of Arts in Teaching, Mathematics Education (Middle Grades) | Master of Arts in Teaching, Mathematics Education (Secondary)"
C561,RETIRED,"MS, Curriculum and Instruction Capstone",6,2017-01,2020-09,42,44,1,Teachers College,0,,"Master of Science, Curriculum and Instruction","Master of Science, Curriculum and Instruction"
C572,RETIRED,"Classroom Management, Engagement, and Motivation",4,2017-07,2020-06,36,35,1,Teachers College,0,,"Bachelor of Arts, Interdisciplinary Studies (K-8) | Bachelor of Arts, Mathematics (5-12) | Bachelor of Arts, Mathematics (5-9) | Bachelor of Arts, Science (5-12, Bio)","Bachelor of Arts, Elementary Education | Bachelor of Arts, Special Education and Elementary Education (Dual Licensure) | Bachelor of Arts, Special Education, Mild to Moderate | Bachelor of Science, Mathematics Education (Middle Grades)"
C612,RETIRED,Mathematics: Content Knowledge,1,2017-07,2026-06,108,107,2,School of Education | Teachers College,0,,"Master of Arts, Mathematics Education (5-12)",Master of Arts in Mathematics Education (Secondary)
C613,RETIRED,Middle School Mathematics: Content Knowledge,1,2017-07,2026-06,108,107,2,School of Education | Teachers College,1,Middle School Mathematics: Content,"Master of Arts, Mathematics Education (5-9)",Master of Arts in Mathematics Education (Middle Grades)
C614,RETIRED,Biology: Content Knowledge,1,2017-07,2026-06,108,107,2,School of Education | Teachers College,0,,"Master of Arts, Science Education (5-12, Bio)",Master of Arts Science Education (Secondary Biological Science)
C615,RETIRED,Physics: Content Knowledge,1,2017-07,2026-06,108,107,2,School of Education | Teachers College,0,,"Master of Arts, Science Education (5-12, Physics)",Master of Arts Science Education (Secondary Physics)
C616,RETIRED,Middle School Science: Content Knowledge,1,2017-07,2026-06,108,107,2,School of Education | Teachers College,0,,"Master of Arts, Science Education (5-9)",Master of Arts Science Education (Middle Grades)
C617,RETIRED,Chemistry: Content Knowledge,1,2017-07,2026-06,108,107,2,School of Education | Teachers College,0,,"Master of Arts, Science Education (5-12, Chemistry)",Master of Arts Science Education (Secondary Chemistry)
C618,RETIRED,Earth Science: Content Knowledge,1,2017-07,2026-06,108,107,2,School of Education | Teachers College,0,,"Master of Arts, Science Education (5-12, Geo)",Master of Arts Science Education (Secondary Earth Science)
C624,RETIRED,Biochemistry,3,2017-01,2025-01,94,96,2,School of Education | Teachers College,0,,"Bachelor of Arts, Science (5-12, Chemistry)","Bachelor of Arts, Educational Studies in Secondary Chemistry Science Education | Bachelor of Science, Science Education (Secondary Chemistry)"
C625,RETIRED,Biochemistry,2,2017-07,2026-06,108,107,2,School of Education | Teachers College,0,,"Master of Arts, Science Education (5-12, Chemistry)",Master of Arts Science Education (Secondary Chemistry)
C626,RETIRED,"MED, Learning and Technology Capstone",6,2017-01,2022-10,67,69,1,Teachers College,0,,"Master of Education, Learning and Technology","Master of Education, Learning and Technology"
C627,RETIRED,"MA, Science Education (5-9) Teacher Work Sample",6,2017-01,2017-05,3,4,1,Teachers College,0,,"Master of Arts, Science Education (5-9)","Master of Arts, Science Education (5-9)"
C630,RETIRED,"MA, Science Education (5-12, Chemistry) Teacher Work",6,2017-01,2017-05,3,4,1,Teachers College,0,,"Master of Arts, Science Education (5-12, Chemistry)","Master of Arts, Science Education (5-12, Chemistry)"
C631,RETIRED,"MA, Science Education (5-12, Geo) Teacher Work Sample",6,2017-01,2017-05,3,4,1,Teachers College,0,,"Master of Arts, Science Education (5-12, Geo)","Master of Arts, Science Education (5-12, Geo)"
C633,RETIRED,"MA, Mathematics Education (5-9) Teacher Work Sample",6,2017-01,2017-05,3,4,1,Teachers College,0,,"Master of Arts, Mathematics Education (5-9)","Master of Arts, Mathematics Education (5-9)"
C634,RETIRED,"MA, Mathematics Education (5-12) Teacher Work Sample",6,2017-01,2017-05,3,4,1,Teachers College,0,,"Master of Arts, Mathematics Education (5-12)","Master of Arts, Mathematics Education (5-12)"
C635,RETIRED,"MA, Mathematics Education (K-6) Capstone",6,2017-01,2026-06,111,113,2,School of Education | Teachers College,0,,"Master of Arts, Mathematics Education (K-6)","Master of Arts, Mathematics Education (K-6)"
C636,RETIRED,"MED, Instructional Design Capstone",6,2017-01,2022-10,67,69,1,Teachers College,0,,"Master of Education, Instructional Design","Master of Education, Instructional Design"
C645,RETIRED,Science Methods,3,2017-07,2025-01,91,90,2,School of Education | Teachers College,0,,"Master of Arts in Teaching, Science (5-12) | Master of Arts, Science Education (5-12, Bio) | Master of Arts, Science Education (5-12, Chemistry) | Master of Arts, Science Education (5-12, Geo)","Master of Arts in Teaching, Science Education (Secondary)"
C646,RETIRED,Trigonometry and Precalculus,4,2017-07,2025-02,92,91,2,School of Education | Teachers College,0,,"Bachelor of Arts, Mathematics (5-12) | Bachelor of Arts, Mathematics (5-9) | Bachelor of Arts, Science (5-12, Chemistry) | Bachelor of Arts, Science (5-12, Geo)","Bachelor of Arts, Educational Studies in Middle Grades Mathematics Education | Bachelor of Science, Mathematics Education (Middle Grades)"
C647,RETIRED,Trigonometry and Precalculus,2,2017-07,2026-06,108,107,2,School of Education | Teachers College,0,,"Master of Arts, Mathematics Education (5-12) | Master of Arts, Mathematics Education (5-9) | Master of Arts, Science Education (5-12, Geo)",Master of Arts in Mathematics Education (Middle Grades) | Master of Arts in Mathematics Education (Secondary)
C649,RETIRED,Geology I: Physical,4,2017-07,2025-01,91,90,2,School of Education | Teachers College,0,,"Bachelor of Arts, Science (5-12, Geo)","Bachelor of Arts, Educational Studies in Secondary Earth Science Education | Bachelor of Science, Science Education (Secondary Earth Science)"
C650,RETIRED,Geology I: Physical,3,2017-07,2026-06,108,107,2,School of Education | Teachers College,0,,"Master of Arts, Science Education (5-12, Geo)",Master of Arts Science Education (Secondary Earth Science)
C652,RETIRED,Heredity and Genetics,3,2017-07,2025-02,92,91,2,School of Education | Teachers College,0,,"Bachelor of Arts, Science (5-12, Bio) | Bachelor of Arts, Science (5-9)","Bachelor of Arts, Educational Studies in Middle Grades Science Education | Bachelor of Science, Science Education (Middle Grades)"
C653,RETIRED,Heredity and Genetics,2,2017-07,2026-06,108,107,2,School of Education | Teachers College,0,,"Master of Arts, Science Education (5-12, Bio) | Master of Arts, Science Education (5-9)",Master of Arts Science Education (Middle Grades) | Master of Arts Science Education (Secondary Biological Science)
C654,RETIRED,Zoology,3,2017-07,2025-01,91,90,2,School of Education | Teachers College,0,,"Bachelor of Arts, Science (5-12, Bio)","Bachelor of Arts, Educational Studies in Secondary Biological Science Education | Bachelor of Science, Science Education (Secondary Biological Science)"
C655,RETIRED,Zoology,2,2017-07,2026-06,108,107,2,School of Education | Teachers College,0,,"Master of Arts, Science Education (5-12, Bio)",Master of Arts Science Education (Secondary Biological Science)
C656,RETIRED,Calculus III,3,2017-07,2025-01,91,90,2,School of Education | Teachers College,0,,"Bachelor of Arts, Mathematics (5-12)","Bachelor of Arts, Educational Studies in Secondary Mathematics Education | Bachelor of Science, Mathematics Education (Secondary)"
C657,RETIRED,Calculus III,2,2017-07,2026-06,108,107,2,School of Education | Teachers College,0,,"Master of Arts, Mathematics Education (5-12)",Master of Arts in Mathematics Education (Secondary)
C659,RETIRED,Conceptual Physics,3,2017-07,2026-06,108,107,2,School of Education | Teachers College,0,,"Master of Arts, Science Education (5-12, Physics)",Master of Arts Science Education (Secondary Physics)
C670,RETIRED,Concepts in Science,1,2018-05,2026-06,98,97,2,School of Education | Teachers College,0,,Master of Arts Science Education (Middle Grades) | Master of Arts Science Education (Secondary Biological Science) | Master of Arts Science Education (Secondary Chemistry) | Master of Arts Science Education (Secondary Earth Science),Master of Arts Science Education (Middle Grades) | Master of Arts Science Education (Secondary Biological Science) | Master of Arts Science Education (Secondary Chemistry) | Master of Arts Science Education (Secondary Earth Science)
C672,RETIRED,General Chemistry I with Lab,3,2018-05,2026-06,98,97,2,School of Education | Teachers College,0,,Master of Arts Science Education (Secondary Chemistry),Master of Arts Science Education (Secondary Chemistry)
C673,RETIRED,General Chemistry II with Lab,3,2018-05,2026-06,98,97,2,School of Education | Teachers College,0,,Master of Arts Science Education (Secondary Chemistry),Master of Arts Science Education (Secondary Chemistry)
C682,RETIRED,Mathematics for Elementary Educators,3,2017-01,2020-06,39,41,1,Teachers College,0,,"Master of Arts in Teaching, Elementary Education (K-8) | Post-baccalaureate Teacher Preparation, Elementary Education (K-8)","Master of Arts in Teaching, Elementary Education"
C683,RETIRED,Natural Science Lab,2,2017-01,2026-06,111,113,4,College of Information Technology | School of Education | School of Technology | Teachers College,0,,"Bachelor of Arts, Interdisciplinary Studies (K-8) | Bachelor of Arts, Mathematics (5-12) | Bachelor of Arts, Mathematics (5-9) | Bachelor of Arts, Science (5-12, Bio)","Bachelor of Arts, Educational Studies in Elementary Education | Bachelor of Arts, Elementary Education | Bachelor of Science, Computer Science | Bachelor of Science, Computer Science (BSCS to MSCS)"
C688,RETIRED,Cyberwarfare,3,2017-01,2018-12,21,23,1,College of Information Technology,0,,"Master of Science, Cybersecurity and Information Assurance","Master of Science, Cybersecurity and Information Assurance"
C697,RETIRED,Operating Systems I,4,2017-01,2019-07,28,30,1,College of Information Technology,0,,"Bachelor of Science, IT - Networks Administration Emphasis | Bachelor of Science, IT - Security Emphasis | Bachelor of Science, Information Technology","Bachelor of Science, Cloud and Systems Administration"
C698,RETIRED,Operating Systems II,4,2017-01,2019-07,28,30,1,College of Information Technology,0,,"Bachelor of Science, IT - Networks Administration Emphasis | Bachelor of Science, IT - Security Emphasis | Bachelor of Science, Information Technology","Bachelor of Science, Cloud and Systems Administration"
C700,RETIRED,Secure Network Design,3,2017-01,2023-04,73,75,1,College of Information Technology,0,,"Master of Science, Cybersecurity and Information Assurance","Master of Science, Cybersecurity and Information Assurance"
C701,RETIRED,Ethical Hacking,4,2017-01,2023-04,73,75,1,College of Information Technology,0,,"Master of Science, Cybersecurity and Information Assurance","Master of Science, Cybersecurity and Information Assurance"
C702,RETIRED,Forensics and Network Intrusion,4,2017-01,2023-04,73,75,1,College of Information Technology,0,,"Master of Science, Cybersecurity and Information Assurance","Master of Science, Cybersecurity and Information Assurance"
C706,RETIRED,Secure Software Design,2,2017-01,2023-04,73,75,1,College of Information Technology,0,,"Master of Science, Cybersecurity and Information Assurance","Master of Science, Cybersecurity and Information Assurance"
C708,RETIRED,Principles of Finance,3,2017-01,2020-01,34,36,1,College of Business,0,,"Bachelor of Science, Accounting | Bachelor of Science, Business - Healthcare Management | Bachelor of Science, Business - Human Resource Management | Bachelor of Science, Business - Information Technology Management","Bachelor of Science, Accounting | Bachelor of Science, Business - Healthcare Management | Bachelor of Science, Business - Human Resource Management | Bachelor of Science, Business - Information Technology Management"
C711,RETIRED,Introduction to Business,3,2017-01,2018-07,16,18,1,College of Business,0,,"Bachelor of Science, Accounting | Bachelor of Science, Business - Healthcare Management | Bachelor of Science, Business - Human Resource Management | Bachelor of Science, Business - Information Technology Management","Bachelor of Science, Business Management | Bachelor of Science, Marketing Management"
C712,RETIRED,Marketing Fundamentals,3,2017-01,2020-01,34,36,1,College of Business,0,,"Bachelor of Science, Accounting | Bachelor of Science, Business - Human Resource Management | Bachelor of Science, Business - Information Technology Management | Bachelor of Science, Business Management","Bachelor of Science, Accounting | Bachelor of Science, Business - Healthcare Management | Bachelor of Science, Business - Human Resource Management | Bachelor of Science, Business - Information Technology Management"
C713,RETIRED,Business Law,3,2017-01,2020-01,34,36,1,College of Business,0,,"Bachelor of Science, Accounting | Bachelor of Science, Business - Healthcare Management | Bachelor of Science, Business - Human Resource Management | Bachelor of Science, Business - Information Technology Management","Bachelor of Science, Accounting | Bachelor of Science, Business - Healthcare Management | Bachelor of Science, Business - Human Resource Management | Bachelor of Science, Business - Information Technology Management"
C714,RETIRED,Business Strategy,3,2017-01,2020-01,34,36,1,College of Business,0,,"Bachelor of Science, Business Management","Bachelor of Science, Accounting | Bachelor of Science, Business - Healthcare Management | Bachelor of Science, Business - Human Resource Management | Bachelor of Science, Business - Information Technology Management"
C715,RETIRED,Organizational Behavior,3,2017-01,2026-06,111,113,4,College of Business | College of Health Professions | College of Information Technology | School of Business,0,,"Bachelor of Science, Accounting | Bachelor of Science, Business - Healthcare Management | Bachelor of Science, Business - Human Resource Management | Bachelor of Science, Business - Information Technology Management","Bachelor of Science, Accounting | Bachelor of Science, Business Management | Bachelor of Science, Communications | Bachelor of Science, Finance"
C715A,RETIRED,Organizational Behavior,3,2024-01,2024-08,8,7,2,College of Business | School of Business,0,,Certificate: Leadership,Certificate: Leadership
C716,RETIRED,Business Communication,3,2017-01,2026-06,111,113,2,College of Business | School of Business,0,,"Bachelor of Science, Accounting | Bachelor of Science, Business - Healthcare Management | Bachelor of Science, Business - Human Resource Management | Bachelor of Science, Business - Information Technology Management","Bachelor of Science, Accounting | Bachelor of Science, Business Management | Bachelor of Science, Healthcare Administration | Bachelor of Science, Human Resource Management"
C717,RETIRED,Business Ethics,3,2017-01,2026-06,111,113,4,College of Business | College of Health Professions | College of Information Technology | School of Business,0,,"Bachelor of Science, Accounting | Bachelor of Science, Business - Healthcare Management | Bachelor of Science, Business - Human Resource Management | Bachelor of Science, Business - Information Technology Management","Bachelor of Science, Accounting | Bachelor of Science, Business Management | Bachelor of Science, Finance | Bachelor of Science, Human Resource Management"
C718,RETIRED,Microeconomics,3,2017-01,2020-01,34,36,1,College of Business,0,,"Bachelor of Science, Accounting | Bachelor of Science, Business - Healthcare Management | Bachelor of Science, Business - Human Resource Management | Bachelor of Science, Business - Information Technology Management","Bachelor of Science, Accounting | Bachelor of Science, Business - Healthcare Management | Bachelor of Science, Business - Human Resource Management | Bachelor of Science, Business - Information Technology Management"
C719,RETIRED,Macroeconomics,3,2017-01,2020-01,34,36,1,College of Business,0,,"Bachelor of Science, Accounting | Bachelor of Science, Business - Healthcare Management | Bachelor of Science, Business - Human Resource Management | Bachelor of Science, Business - Information Technology Management","Bachelor of Science, Accounting | Bachelor of Science, Business - Healthcare Management | Bachelor of Science, Business - Human Resource Management | Bachelor of Science, Business - Information Technology Management"
C720,RETIRED,Operations and Supply Chain Management,3,2017-01,2026-06,111,113,2,College of Business | School of Business,0,,"Bachelor of Science, Accounting | Bachelor of Science, Business Management","Bachelor of Science, Accounting | Bachelor of Science, Finance | Bachelor of Science, Healthcare Administration | Bachelor of Science, Information Technology Management"
C721,RETIRED,Change Management,3,2017-01,2026-06,111,113,4,College of Business | College of Information Technology | School of Business | School of Technology,0,,"Bachelor of Science, Business - Human Resource Management | Bachelor of Science, Business - Information Technology Management | Bachelor of Science, Business Management | Bachelor of Science, Marketing Management","Bachelor of Science, Accounting | Bachelor of Science, Business Management | Bachelor of Science, Communications | Bachelor of Science, Data Analytics"
C722,RETIRED,Project Management,3,2017-01,2026-06,111,113,2,College of Business | School of Business,0,,"Bachelor of Science, Accounting | Bachelor of Science, Business - Healthcare Management | Bachelor of Science, Business - Human Resource Management | Bachelor of Science, Business - Information Technology Management","Bachelor of Science, Accounting | Bachelor of Science, Business Management | Bachelor of Science, Communications | Bachelor of Science, Finance"
C723,RETIRED,Quantitative Analysis For Business,3,2017-01,2026-06,111,113,2,College of Business | School of Business,0,,"Bachelor of Science, Accounting | Bachelor of Science, Business - Healthcare Management | Bachelor of Science, Business - Human Resource Management | Bachelor of Science, Business - Information Technology Management","Bachelor of Science, Accounting | Bachelor of Science, Business Management | Bachelor of Science, Finance | Bachelor of Science, Human Resource Management"
C724,RETIRED,Information Systems Management,3,2017-01,2026-06,111,113,4,College of Business | College of Information Technology | School of Business | School of Technology,0,,"Bachelor of Science, Accounting | Bachelor of Science, Business - Healthcare Management | Bachelor of Science, Business - Human Resource Management | Bachelor of Science, Business - Information Technology Management","Bachelor of Science, Information Technology Management"
C725,RETIRED,Information Security and Assurance,2,2019-01,2023-04,52,51,1,College of Information Technology,0,,"Master of Science, Cybersecurity and Information Assurance","Master of Science, Cybersecurity and Information Assurance"
C726,RETIRED,Cybersecurity Architecture and Engineering,4,2019-01,2023-04,52,51,1,College of Information Technology,0,,"Master of Science, Cybersecurity and Information Assurance","Master of Science, Cybersecurity and Information Assurance"
C727,RETIRED,Cybersecurity Management I - Strategic,4,2019-01,2023-04,52,51,1,College of Information Technology,0,,"Master of Science, Cybersecurity and Information Assurance","Master of Science, Cybersecurity and Information Assurance"
C728,RETIRED,Secondary Disciplinary Literacy,3,2017-07,2025-02,92,91,2,School of Education | Teachers College,0,,"Bachelor of Arts, Mathematics (5-12) | Bachelor of Arts, Mathematics (5-9) | Bachelor of Arts, Science (5-12, Bio) | Bachelor of Arts, Science (5-12, Chemistry)","Bachelor of Arts, Educational Studies in Middle Grades Mathematics Education | Bachelor of Arts, Educational Studies in Middle Grades Science Education | Bachelor of Science, Mathematics Education (Middle Grades) | Bachelor of Science, Science Education (Middle Grades)"
C729,RETIRED,Secondary Disciplinary Literacy,3,2018-09,2020-06,22,21,1,Teachers College,0,,"Master of Arts in Teaching, English Education (Secondary) | Master of Arts in Teaching, Mathematics Education (Middle Grades) | Master of Arts in Teaching, Mathematics Education (Secondary) | Master of Arts in Teaching, Science Education (Secondary)","Master of Arts in Teaching, English Education (Secondary) | Master of Arts in Teaching, Mathematics Education (Middle Grades) | Master of Arts in Teaching, Mathematics Education (Secondary) | Master of Arts in Teaching, Science Education (Secondary)"
C730,RETIRED,Secondary Reading Instruction and Interventions,3,2017-07,2025-02,92,91,2,School of Education | Teachers College,1,Secondary Reading Instruction and,"Bachelor of Arts, Mathematics (5-12) | Bachelor of Arts, Mathematics (5-9) | Bachelor of Arts, Science (5-12, Bio) | Bachelor of Arts, Science (5-12, Chemistry)","Bachelor of Arts, Educational Studies in Middle Grades Mathematics Education | Bachelor of Arts, Educational Studies in Middle Grades Science Education | Bachelor of Science, Mathematics Education (Middle Grades) | Bachelor of Science, Science Education (Middle Grades)"
C731,RETIRED,Secondary Reading Instruction and Interventions,3,2018-09,2020-06,22,21,1,Teachers College,0,,"Master of Arts in Teaching, English Education (Secondary) | Master of Arts in Teaching, Mathematics Education (Middle Grades) | Master of Arts in Teaching, Mathematics Education (Secondary) | Master of Arts in Teaching, Science Education (Secondary)","Master of Arts in Teaching, English Education (Secondary) | Master of Arts in Teaching, Mathematics Education (Middle Grades) | Master of Arts in Teaching, Mathematics Education (Secondary) | Master of Arts in Teaching, Science Education (Secondary)"
C732,RETIRED,Elementary Disciplinary Literacy,3,2017-07,2024-09,87,86,2,School of Education | Teachers College,0,,"Bachelor of Arts, Interdisciplinary Studies (K-8) | Bachelor of Arts, Special Education","Bachelor of Arts, Educational Studies in Special and Elementary Education | Bachelor of Arts, Special Education and Elementary Education (Dual Licensure)"
C733,RETIRED,Elementary Disciplinary Literacy,3,2017-07,2020-06,36,35,1,Teachers College,0,,"Master of Arts in Teaching, Elementary Education (K-8) | Post-baccalaureate Teacher Preparation, Elementary Education (K-8)","Master of Arts in Teaching, Elementary Education"
C734,RETIRED,Psychology for Educators,3,2017-01,2017-05,3,4,1,Teachers College,0,,"Bachelor of Arts, Interdisciplinary Studies (K-8) | Bachelor of Arts, Mathematics (5-12) | Bachelor of Arts, Mathematics (5-9) | Bachelor of Arts, Science (5-12, Bio)","Bachelor of Arts, Interdisciplinary Studies (K-8) | Bachelor of Arts, Mathematics (5-12) | Bachelor of Arts, Mathematics (5-9) | Bachelor of Arts, Science (5-12, Bio)"
C736,RETIRED,Evolution,4,2017-01,2025-01,94,96,2,School of Education | Teachers College,0,,"Bachelor of Arts, Science (5-12, Bio)","Bachelor of Arts, Educational Studies in Secondary Biological Science Education | Bachelor of Science, Science Education (Secondary Biological Science)"
C737,RETIRED,Evolution,3,2017-01,2026-06,111,113,2,School of Education | Teachers College,0,,"Master of Arts, Science Education (5-12, Bio)",Master of Arts Science Education (Secondary Biological Science)
C738,RETIRED,"Space, Time and Motion",4,2017-01,2025-01,94,96,2,School of Education | Teachers College,0,,"Bachelor of Arts, Science (5-12, Physics)","Bachelor of Arts, Educational Studies in Secondary Physics Science Education | Bachelor of Science, Science Education (Secondary Physics)"
C739,RETIRED,"Space, Time and Motion",3,2017-01,2026-06,111,113,2,School of Education | Teachers College,0,,"Master of Arts, Science Education (5-12, Physics)",Master of Arts Science Education (Secondary Physics)
C740,RETIRED,Fundamentals of Data Analytics,2,2017-01,2020-09,42,44,1,College of Information Technology,0,,"Master of Science, Data Analytics","Master of Science, Data Analytics"
C741,RETIRED,Statistics for Data Analysis,3,2017-01,2020-09,42,44,1,College of Information Technology,0,,"Master of Science, Data Analytics","Master of Science, Data Analytics"
C742,RETIRED,Data Science Tools and Techniques,3,2017-01,2018-11,20,22,1,College of Information Technology,0,,"Master of Science, Data Analytics","Master of Science, Data Analytics"
C743,RETIRED,Data Mining and Analytics I,3,2017-01,2020-09,42,44,1,College of Information Technology,0,,"Master of Science, Data Analytics","Master of Science, Data Analytics"
C744,RETIRED,Data Mining and Analytics II,3,2017-01,2020-09,42,44,1,College of Information Technology,0,,"Master of Science, Data Analytics","Master of Science, Data Analytics"
C745,RETIRED,Advanced Data Visualization,3,2017-01,2020-09,42,44,1,College of Information Technology,0,,"Master of Science, Data Analytics","Master of Science, Data Analytics"
C746,RETIRED,Advanced SQL,4,2017-01,2018-11,20,22,1,College of Information Technology,0,,"Master of Science, Data Analytics","Master of Science, Data Analytics"
C747,RETIRED,SAS Programming I: Fundamentals,4,2017-01,2020-09,42,44,1,College of Information Technology,0,,"Master of Science, Data Analytics","Master of Science, Data Analytics"
C748,RETIRED,SAS Programming II: Business Analysis Applications,4,2017-01,2020-09,42,44,1,College of Information Technology,0,,"Master of Science, Data Analytics","Master of Science, Data Analytics"
C749,RETIRED,Introduction to Data Science,4,2017-01,2023-07,76,78,1,College of Information Technology,0,,"Bachelor of Science, Data Management/Data Analytics","Bachelor of Science, Data Management/Data Analytics"
C750,RETIRED,Data Wrangling with MongoDB,3,2017-01,2021-09,53,56,1,College of Information Technology,0,,"Bachelor of Science, Data Management/Data Analytics","Bachelor of Science, Data Management/Data Analytics"
C751,RETIRED,Data Analysis with R,2,2017-01,2023-07,76,78,1,College of Information Technology,0,,"Bachelor of Science, Data Management/Data Analytics","Bachelor of Science, Data Management/Data Analytics"
C752,RETIRED,Data Visualization,3,2017-01,2017-09,6,8,1,College of Information Technology,0,,"Bachelor of Science, Data Management/Data Analytics","Bachelor of Science, Data Management/Data Analytics"
C753,RETIRED,Machine Learning,3,2017-01,2023-07,76,78,1,College of Information Technology,0,,"Bachelor of Science, Data Management/Data Analytics","Bachelor of Science, Data Management/Data Analytics"
C754,RETIRED,Structured Query Language,4,2017-01,2018-07,16,18,1,College of Information Technology,0,,"Bachelor of Science, Data Management/Data Analytics","Bachelor of Science, Computer Science | Bachelor of Science, Data Management/Data Analytics | Bachelor of Science, Software Development"
C755,RETIRED,Database Server Administration,6,2017-01,2020-09,42,44,1,College of Information Technology,0,,"Bachelor of Science, Data Management/Data Analytics","Bachelor of Science, Data Management/Data Analytics"
C756,RETIRED,Data Analytics,4,2017-01,2023-07,76,78,1,College of Information Technology,0,,"Bachelor of Science, Data Management/Data Analytics","Bachelor of Science, Data Management/Data Analytics"
C757,RETIRED,Advanced Biology,4,2017-01,2017-05,3,4,1,Teachers College,0,,"Bachelor of Arts, Science (5-12, Bio)","Bachelor of Arts, Science (5-12, Bio)"
C758,RETIRED,Advanced Biology,3,2017-01,2017-05,3,4,1,Teachers College,0,,"Master of Arts, Science Education (5-12, Bio)","Master of Arts, Science Education (5-12, Bio)"
C762,RETIRED,Teacher Performance Assessment in Science,2,2017-01,2020-06,39,41,1,Teachers College,0,,"Bachelor of Arts, Science (5-12, Bio) | Bachelor of Arts, Science (5-12, Chemistry) | Bachelor of Arts, Science (5-12, Geo) | Bachelor of Arts, Science (5-12, Physics)","Bachelor of Science, Science Education (Middle Grades) | Bachelor of Science, Science Education (Secondary Biological Science) | Bachelor of Science, Science Education (Secondary Chemistry) | Bachelor of Science, Science Education (Secondary Earth Science)"
C763,RETIRED,Healthcare Information Systems Management,3,2017-01,2019-01,22,24,2,College of Health Professions | College of Information Technology,0,,"Bachelor of Science, Health Information Management","Bachelor of Science, Health Information Management"
C764,RETIRED,"MA, Science Education (5-12 Physics)Teacher Performance",6,2017-01,2017-05,3,4,1,Teachers College,1,"MA, Science Education (5-12 Physics) Teacher Performance","Master of Arts, Science Education (5-12, Physics)","Master of Arts, Science Education (5-12, Physics)"
C765,RETIRED,"MA, Science Education (5-12 Bio)Teacher Performance",6,2017-01,2017-05,3,4,1,Teachers College,0,,"Master of Arts, Science Education (5-12, Bio)","Master of Arts, Science Education (5-12, Bio)"
C768,RETIRED,Technical Communication,3,2017-01,2023-07,76,78,1,College of Information Technology,0,,"Bachelor of Science, Data Management/Data Analytics | Bachelor of Science, IT - Networks Administration Emphasis | Bachelor of Science, IT - Security Emphasis | Bachelor of Science, Information Technology","Bachelor of Science, Data Management/Data Analytics"
C769,RETIRED,IT Capstone Written Project,4,2017-01,2026-01,106,108,2,College of Information Technology | School of Technology,0,,"Bachelor of Science, Data Management/Data Analytics | Bachelor of Science, IT - Networks Administration Emphasis | Bachelor of Science, IT - Security Emphasis | Bachelor of Science, Information Technology","Bachelor of Science, Information Technology | Bachelor of Science, Information Technology (BSIT to MSITM)"
C772,RETIRED,Data Analytics Graduate Capstone,3,2017-01,2020-09,42,44,1,College of Information Technology,0,,"Master of Science, Data Analytics","Master of Science, Data Analytics"
C773,RETIRED,User Interface Design,4,2017-01,2026-01,106,108,2,College of Information Technology | School of Technology,0,,"Bachelor of Science, Information Technology | Bachelor of Science, Software Development","Bachelor of Science, Information Technology | Bachelor of Science, Information Technology (BSIT to MSITM)"
C777,RETIRED,Web Development Applications,6,2017-01,2026-01,106,108,2,College of Information Technology | School of Technology,0,,"Bachelor of Science, Information Technology | Bachelor of Science, Software Development","Bachelor of Science, Information Technology | Bachelor of Science, Information Technology (BSIT to MSITM)"
C779,RETIRED,Web Development Foundations,3,2017-01,2023-07,76,78,1,College of Information Technology,0,,"Bachelor of Science, Data Management/Data Analytics | Bachelor of Science, IT - Networks Administration Emphasis | Bachelor of Science, IT - Security Emphasis | Bachelor of Science, Information Technology","Bachelor of Science, Data Management/Data Analytics"
C783,RETIRED,Project Management,4,2017-01,2026-06,111,113,2,College of Information Technology | School of Technology,0,,"Master of Science, Information Technology Management","Master of Science, Data Analytics - Decision Process Engineering"
C784,RETIRED,Applied Healthcare Statistics,4,2017-01,2026-06,111,113,3,College of Health Professions | Leavitt School of Health | School of Business,0,,"Bachelor of Science, Nursing [BSNU] | Bachelor of Science, Nursing [BSRN] | Master of Science, Nursing - Education [MSRNNUEDGR] | Master of Science, Nursing - Leadership and Management [MSRNNULMGR]","Bachelor of Science, Health Information Management | Bachelor of Science, Health Science | Bachelor of Science, Health and Human Services | Bachelor of Science, Healthcare Administration"
C785,RETIRED,Biochemistry,3,2017-01,2022-12,69,71,1,College of Health Professions,0,,"Bachelor of Science, Nursing [BSNU] | Bachelor of Science, Nursing [BSRN] | Master of Science, Nursing - Education [MSRNNUEDGR] | Master of Science, Nursing - Leadership and Management [MSRNNULMGR]","Bachelor of Science, Nursing [BSRN]"
C787,RETIRED,Health and Wellness Through Nutritional Science,3,2017-01,2022-12,69,71,1,College of Health Professions,0,,"Bachelor of Science, Nursing [BSNU] | Bachelor of Science, Nursing [BSRN] | Master of Science, Nursing - Education [MSRNNUEDGR] | Master of Science, Nursing - Leadership and Management [MSRNNULMGR]","Bachelor of Science, Nursing [BSRN]"
C790,RETIRED,Foundations in Nursing Informatics,2,2017-01,2026-06,111,113,2,College of Health Professions | Leavitt School of Health,0,,"Master of Science, Nursing - Nursing Informatics [MSNUNI] | Master of Science, Nursing - Nursing Informatics [MSRNNUNIGR]","Master of Science, Nursing - Nursing Informatics (BSN to MSN) | Master of Science, Nursing - Nursing Informatics (RN to MSN)"
C791,RETIRED,Advanced Information Management and the Application of,3,2017-01,2020-06,39,41,1,College of Health Professions,0,,"Master of Science, Nursing - Education [MSNUED] | Master of Science, Nursing - Education [MSRNNUEDGR] | Master of Science, Nursing - Leadership and Management [MSNULM] | Master of Science, Nursing - Leadership and Management [MSRNNULMGR]","Master of Science, Nursing - Leadership and Management (BSN to MSN) | Master of Science, Nursing - Leadership and Management (RN to MSN)"
C792,RETIRED,Data Modeling and Database Management Systems,2,2017-01,2026-06,111,113,2,College of Health Professions | Leavitt School of Health,1,Data Modeling and Database Management,"Master of Science, Nursing - Nursing Informatics [MSNUNI] | Master of Science, Nursing - Nursing Informatics [MSRNNUNIGR]","Master of Science, Nursing - Nursing Informatics (BSN to MSN) | Master of Science, Nursing - Nursing Informatics (RN to MSN)"
C793,RETIRED,Nursing Informatics Field Experience,4,2017-01,2018-11,20,22,1,College of Health Professions,0,,"Master of Science, Nursing - Nursing Informatics [MSNUNI] | Master of Science, Nursing - Nursing Informatics [MSRNNUNIGR]","Master of Science, Nursing - Nursing Informatics (BSN to MSN) | Master of Science, Nursing - Nursing Informatics (RN to MSN)"
C794,RETIRED,Nursing Informatics Capstone,2,2017-01,2018-11,20,22,1,College of Health Professions,0,,"Master of Science, Nursing - Nursing Informatics [MSNUNI] | Master of Science, Nursing - Nursing Informatics [MSRNNUNIGR]","Master of Science, Nursing - Nursing Informatics (BSN to MSN) | Master of Science, Nursing - Nursing Informatics (RN to MSN)"
C795,RETIRED,Cybersecurity Management II - Tactical,4,2019-01,2023-04,52,51,1,College of Information Technology,0,,"Master of Science, Cybersecurity and Information Assurance","Master of Science, Cybersecurity and Information Assurance"
C796,RETIRED,Cybersecurity Graduate Capstone,3,2019-01,2023-04,52,51,1,College of Information Technology,0,,"Master of Science, Cybersecurity and Information Assurance","Master of Science, Cybersecurity and Information Assurance"
C797,RETIRED,Data Science and Analytics,2,2017-01,2026-06,111,113,2,College of Health Professions | Leavitt School of Health,0,,"Master of Science, Nursing - Nursing Informatics [MSNUNI] | Master of Science, Nursing - Nursing Informatics [MSRNNUNIGR]","Master of Science, Nursing - Nursing Informatics (BSN to MSN) | Master of Science, Nursing - Nursing Informatics (RN to MSN)"
C798,RETIRED,Informatics System Analysis and Design,3,2017-01,2026-06,111,113,2,College of Health Professions | Leavitt School of Health,0,,"Master of Science, Nursing - Nursing Informatics [MSNUNI] | Master of Science, Nursing - Nursing Informatics [MSRNNUNIGR]","Master of Science, Nursing - Nursing Informatics (BSN to MSN) | Master of Science, Nursing - Nursing Informatics (RN to MSN)"
C799,RETIRED,Healthcare Ecosystems,3,2017-01,2025-01,94,96,3,College of Health Professions | College of Information Technology | Leavitt School of Health,0,,"Bachelor of Science, Health Information Management","Bachelor of Science, Health Information Management"
C800,RETIRED,Introduction to Healthcare IT Systems,4,2017-07,2021-08,49,49,2,College of Health Professions | College of Information Technology,0,,"Bachelor of Science, Health Information Management","Bachelor of Science, Health Information Management"
C801,RETIRED,Health Information Law and Regulations,4,2017-01,2026-06,111,113,3,College of Health Professions | College of Information Technology | Leavitt School of Health,0,,"Bachelor of Science, Health Information Management","Bachelor of Science, Health Information Management"
C802,RETIRED,Foundations in Healthcare Information Management,4,2017-07,2026-06,108,107,3,College of Health Professions | College of Information Technology | Leavitt School of Health,1,Foundations in Healthcare Information,"Bachelor of Science, Health Information Management","Bachelor of Science, Health Information Management"
C803,RETIRED,Data Analytics and Information Governance,4,2017-07,2026-06,108,107,3,College of Health Professions | College of Information Technology | Leavitt School of Health,0,,"Bachelor of Science, Health Information Management","Bachelor of Science, Health Information Management"
C804,RETIRED,Medical Terminology,3,2017-01,2026-06,111,113,3,College of Health Professions | College of Information Technology | Leavitt School of Health,0,,"Bachelor of Science, Health Information Management","Bachelor of Science, Health Information Management | Bachelor of Science, Health and Human Services"
C805,RETIRED,Pathophysiology,3,2017-01,2026-06,111,113,3,College of Health Professions | College of Information Technology | Leavitt School of Health,0,,"Bachelor of Science, Health Information Management","Bachelor of Science, Health Information Management"
C806,RETIRED,Introduction to Pharmacology,3,2017-07,2023-07,73,72,3,College of Health Professions | College of Information Technology | Leavitt School of Health,0,,"Bachelor of Science, Health Information Management","Bachelor of Science, Health Information Management"
C807,RETIRED,Healthcare Compliance,3,2017-01,2026-06,111,113,3,College of Health Professions | College of Information Technology | Leavitt School of Health,0,,"Bachelor of Science, Health Information Management","Bachelor of Science, Health Information Management"
C808,RETIRED,Classification Systems,4,2017-07,2026-06,108,107,3,College of Health Professions | College of Information Technology | Leavitt School of Health,0,,"Bachelor of Science, Health Information Management","Bachelor of Science, Health Information Management"
C810,RETIRED,Foundations in Healthcare Data Management,4,2017-07,2026-06,108,107,3,College of Health Professions | College of Information Technology | Leavitt School of Health,0,,"Bachelor of Science, Health Information Management","Bachelor of Science, Health Information Management"
C811,RETIRED,Healthcare Financial Resource Management,4,2017-01,2026-06,111,113,3,College of Health Professions | College of Information Technology | Leavitt School of Health,0,,"Bachelor of Science, Health Information Management","Bachelor of Science, Health Information Management"
C812,RETIRED,Healthcare Reimbursement,4,2017-01,2026-06,111,113,3,College of Health Professions | College of Information Technology | Leavitt School of Health,0,,"Bachelor of Science, Health Information Management","Bachelor of Science, Health Information Management"
C813,RETIRED,Healthcare Statistics and Research,3,2017-07,2026-06,108,107,3,College of Health Professions | College of Information Technology | Leavitt School of Health,0,,"Bachelor of Science, Health Information Management","Bachelor of Science, Health Information Management"
C815,RETIRED,Quality and Performance Management and Methods,4,2017-01,2026-06,111,113,3,College of Health Professions | College of Information Technology | Leavitt School of Health,1,Quality and Performance Management and,"Bachelor of Science, Health Information Management","Bachelor of Science, Health Information Management"
C816,RETIRED,Healthcare System Applications,4,2017-07,2026-06,108,107,3,College of Health Professions | College of Information Technology | Leavitt School of Health,0,,"Bachelor of Science, Health Information Management","Bachelor of Science, Health Information Management"
C818,RETIRED,Health Information Management Capstone,4,2017-07,2021-08,49,49,2,College of Health Professions | College of Information Technology,0,,"Bachelor of Science, Health Information Management","Bachelor of Science, Health Information Management"
C820,RETIRED,Professional Leadership and Communication for Healthcare,2,2017-01,2023-07,76,78,3,College of Health Professions | College of Information Technology | Leavitt School of Health,1,Inter-professional Communication and Leadership in Healthcare,"Bachelor of Science, Nursing [BSNU] | Bachelor of Science, Nursing [BSRN] | Master of Science, Nursing - Education [MSRNNUEDGR] | Master of Science, Nursing - Leadership and Management [MSRNNULMGR]","Bachelor of Science, Health Information Management"
C821,RETIRED,Nursing Education Field Experience,4,2017-01,2018-03,12,14,1,College of Health Professions,0,,"Master of Science, Nursing - Education [MSNUED] | Master of Science, Nursing - Education [MSRNNUEDGR]","Master of Science, Nursing - Education (BSN to MSN) | Master of Science, Nursing - Education (RN to MSN)"
C822,RETIRED,Nurse Educator Capstone,2,2017-01,2018-03,12,14,1,College of Health Professions,0,,"Master of Science, Nursing - Education [MSNUED] | Master of Science, Nursing - Education [MSRNNUEDGR]","Master of Science, Nursing - Education (BSN to MSN) | Master of Science, Nursing - Education (RN to MSN)"
C823,RETIRED,Nursing Leadership and Management Field Experience,4,2017-01,2020-09,40,44,1,College of Health Professions,0,,"Master of Science, Nursing - Leadership and Management [MSNULM] | Master of Science, Nursing - Leadership and Management [MSRNNULMGR]","Master of Science, Nursing - Leadership and Management (BSN to MSN) | Master of Science, Nursing - Leadership and Management (RN to MSN)"
C824,RETIRED,Nursing Leadership and Management Capstone,2,2017-01,2020-09,40,44,1,College of Health Professions,0,,"Master of Science, Nursing - Leadership and Management [MSNULM] | Master of Science, Nursing - Leadership and Management [MSRNNULMGR]","Master of Science, Nursing - Leadership and Management (BSN to MSN) | Master of Science, Nursing - Leadership and Management (RN to MSN)"
C825,RETIRED,Introduction to Nursing Arts and Science,3,2017-01,2022-12,69,71,1,College of Health Professions,0,,"Bachelor of Science, Nursing [BSRN]","Bachelor of Science, Nursing [BSRN]"
C826,RETIRED,Community Health and Population-Focused Nursing,3,2017-01,2022-12,69,71,1,College of Health Professions,0,,"Bachelor of Science, Nursing [BSRN]","Bachelor of Science, Nursing [BSRN]"
C828,RETIRED,Teacher Performance Assessment in Elementary Education,2,2017-01,2020-06,39,41,1,Teachers College,0,,"Bachelor of Arts, Interdisciplinary Studies (K-8)","Bachelor of Arts, Elementary Education"
C829,RETIRED,Teacher Performance Assessment in Elementary and Special,2,2017-01,2020-06,39,41,1,Teachers College,0,,"Bachelor of Arts, Special Education","Bachelor of Arts, Special Education and Elementary Education (Dual Licensure)"
C830,RETIRED,Teacher Performance Assessment in Mathematics Education,2,2017-01,2020-06,39,41,1,Teachers College,0,,"Bachelor of Arts, Mathematics (5-12) | Bachelor of Arts, Mathematics (5-9)","Bachelor of Science, Mathematics Education (Middle Grades) | Bachelor of Science, Mathematics Education (Secondary)"
C832,RETIRED,Chemistry with Lab,4,2018-05,2025-02,82,81,2,School of Education | Teachers College,0,,"Bachelor of Science, Science Education (Middle Grades) | Bachelor of Science, Science Education (Secondary Biological Science) | Bachelor of Science, Science Education (Secondary Earth Science) | Bachelor of Science, Science Education (Secondary Physics)","Bachelor of Arts, Educational Studies in Middle Grades Science Education | Bachelor of Science, Science Education (Middle Grades)"
C833,RETIRED,Chemistry with Lab,3,2018-05,2026-06,98,97,2,School of Education | Teachers College,0,,Master of Arts Science Education (Middle Grades) | Master of Arts Science Education (Secondary Biological Science) | Master of Arts Science Education (Secondary Earth Science) | Master of Arts Science Education (Secondary Physics),Master of Arts Science Education (Middle Grades) | Master of Arts Science Education (Secondary Biological Science) | Master of Arts Science Education (Secondary Earth Science) | Master of Arts Science Education (Secondary Physics)
C836,RETIRED,Fundamentals of Information Security,3,2017-07,2023-04,70,69,1,College of Information Technology,0,,"Bachelor of Science, Cybersecurity and Information Assurance","Bachelor of Science, Computer Science"
C837,RETIRED,Managing Web Security,4,2017-07,2020-09,39,38,1,College of Information Technology,0,,"Bachelor of Science, Cybersecurity and Information Assurance","Bachelor of Science, Cybersecurity and Information Assurance"
C838,RETIRED,Managing Cloud Security,4,2017-07,2023-01,67,66,1,College of Information Technology,0,,"Bachelor of Science, Cybersecurity and Information Assurance","Bachelor of Science, Cybersecurity and Information Assurance"
C839,RETIRED,Introduction to Cryptography,4,2017-07,2023-01,67,66,1,College of Information Technology,0,,"Bachelor of Science, Cybersecurity and Information Assurance","Bachelor of Science, Cybersecurity and Information Assurance"
C840,RETIRED,Digital Forensics in Cybersecurity,4,2017-07,2023-01,67,66,1,College of Information Technology,0,,"Bachelor of Science, Cybersecurity and Information Assurance","Bachelor of Science, Cybersecurity and Information Assurance"
C841,RETIRED,Legal Issues in Information Security,4,2017-07,2025-06,96,95,2,College of Information Technology | School of Technology,0,,"Bachelor of Science, Cybersecurity and Information Assurance","Bachelor of Science, Cybersecurity and Information Assurance"
C842,RETIRED,Cyber Defense and Countermeasures,4,2017-07,2023-01,67,66,1,College of Information Technology,0,,"Bachelor of Science, Cybersecurity and Information Assurance","Bachelor of Science, Cybersecurity and Information Assurance"
C843,RETIRED,Managing Information Security,6,2017-07,2025-06,96,95,2,College of Information Technology | School of Technology,0,,"Bachelor of Science, Cybersecurity and Information Assurance","Bachelor of Science, Cybersecurity and Information Assurance"
C844,RETIRED,Emerging Technologies in Cybersecurity,4,2017-07,2025-06,96,95,2,College of Information Technology | School of Technology,0,,"Bachelor of Science, Cybersecurity and Information Assurance","Bachelor of Science, Cybersecurity and Information Assurance"
C845,RETIRED,Information Systems Security,4,2017-07,2026-06,108,107,2,College of Information Technology | School of Technology,0,,"Bachelor of Science, Cybersecurity and Information Assurance","Bachelor of Science, Cybersecurity and Information Assurance"
C846,RETIRED,Business of IT - Applications,4,2017-01,2023-07,74,78,1,College of Information Technology,0,,"Bachelor of Science, Software Development","Bachelor of Science, Data Management/Data Analytics"
C847,RETIRED,"Fundamentals of Diversity, Inclusion, and Exceptional Learners",3,2017-01,2020-06,39,41,1,Teachers College,0,,"Bachelor of Arts, Interdisciplinary Studies (K-8) | Bachelor of Arts, Mathematics (5-12) | Bachelor of Arts, Mathematics (5-9) | Bachelor of Arts, Science (5-12, Bio)","Bachelor of Arts, Elementary Education | Bachelor of Arts, Special Education and Elementary Education (Dual Licensure) | Bachelor of Arts, Special Education, Mild to Moderate | Bachelor of Science, Mathematics Education (Middle Grades)"
C848,RETIRED,"Fundamentals of Diversity, Inclusion, and Exceptional Learners",2,2017-01,2020-06,39,41,1,Teachers College,0,,"Master of Arts in Teaching, English Education (5-12) | Master of Arts in Teaching, Social Science (5-12) | Post-baccalaureate Teacher Preparation, Social Science (5-12)","Master of Arts in Teaching, Elementary Education | Master of Arts in Teaching, English Education (Secondary) | Master of Arts in Teaching, Mathematics Education (Middle Grades) | Master of Arts in Teaching, Mathematics Education (Secondary)"
C849,RETIRED,Cloud Foundations,3,2017-09,2022-07,59,58,1,College of Information Technology,0,,"Bachelor of Science, Information Technology | Bachelor of Science, Network Operations and Security","Bachelor of Science, Network Operations and Security"
C850,RETIRED,Emerging Technologies,2,2017-09,2026-01,101,100,2,College of Information Technology | School of Technology,0,,"Bachelor of Science, Information Technology | Bachelor of Science, Network Operations and Security","Bachelor of Science, Information Technology"
C851,RETIRED,Linux Foundations,3,2017-09,2022-07,59,58,1,College of Information Technology,0,,"Bachelor of Science, Information Technology | Bachelor of Science, Network Operations and Security","Bachelor of Science, Network Operations and Security"
C852,RETIRED,Teacher Performance Assessment in Social Science,1,2017-01,2017-05,3,4,1,Teachers College,0,,"Master of Arts in Teaching, Social Science (5-12) | Post-baccalaureate Teacher Preparation, Social Science (5-12)","Master of Arts in Teaching, Social Science (5-12) | Post-baccalaureate Teacher Preparation, Social Science (5-12)"
C853,RETIRED,Teacher Performance Assessment in English,1,2017-01,2025-01,94,96,2,School of Education | Teachers College,0,,"Master of Arts in Teaching, English Education (5-12)","Master of Arts in Teaching, English Education (Secondary)"
C854,RETIRED,Nursing Informatics Field Experience,4,2018-12,2026-06,91,90,2,College of Health Professions | Leavitt School of Health,0,,"Master of Science, Nursing - Nursing Informatics (BSN to MSN) | Master of Science, Nursing - Nursing Informatics (RN to MSN)","Master of Science, Nursing - Nursing Informatics (BSN to MSN) | Master of Science, Nursing - Nursing Informatics (RN to MSN)"
C855,RETIRED,Nursing Informatics Capstone,2,2018-12,2026-06,91,90,2,College of Health Professions | Leavitt School of Health,0,,"Master of Science, Nursing - Nursing Informatics (BSN to MSN) | Master of Science, Nursing - Nursing Informatics (RN to MSN)","Master of Science, Nursing - Nursing Informatics (BSN to MSN) | Master of Science, Nursing - Nursing Informatics (RN to MSN)"
C856,RETIRED,User Experience Design,3,2017-10,2022-12,63,62,1,College of Information Technology,0,,"Bachelor of Science, Software Development","Bachelor of Science, Software Development [BSITSWC] | Bachelor of Science, Software Development [BSITSW]"
C857,RETIRED,Software Quality Assurance,3,2017-10,2023-04,67,66,1,College of Information Technology,0,,"Bachelor of Science, Software Development","Bachelor of Science, Computer Science"
C859,RETIRED,Introduction to Programming in Python,3,2017-10,2023-07,70,69,1,College of Information Technology,0,,"Bachelor of Science, Data Management/Data Analytics","Bachelor of Science, Data Management/Data Analytics"
C860,RETIRED,Innovation Project,3,2017-03,2018-04,12,13,2,College of Business | College of Health Professions,0,,"Master of Science, Integrated Healthcare Management","Master of Science, Integrated Healthcare Management"
C861,RETIRED,Healthcare Systems Project,3,2017-03,2018-04,12,13,2,College of Business | College of Health Professions,0,,"Master of Science, Integrated Healthcare Management","Master of Science, Integrated Healthcare Management"
C862,RETIRED,Healthcare Quality Project,3,2017-03,2018-04,12,13,2,College of Business | College of Health Professions,0,,"Master of Science, Integrated Healthcare Management","Master of Science, Integrated Healthcare Management"
C863,RETIRED,Healthcare Financial Management Project,3,2017-03,2018-04,12,13,2,College of Business | College of Health Professions,0,,"Master of Science, Integrated Healthcare Management","Master of Science, Integrated Healthcare Management"
C864,RETIRED,Enterprise Risk Management Project,3,2017-03,2018-04,12,13,2,College of Business | College of Health Professions,0,,"Master of Science, Integrated Healthcare Management","Master of Science, Integrated Healthcare Management"
C865,RETIRED,Population Health and Care Coordination Project,3,2017-03,2018-04,12,13,2,College of Business | College of Health Professions,0,,"Master of Science, Integrated Healthcare Management","Master of Science, Integrated Healthcare Management"
C867,RETIRED,Scripting and Programming - Applications,4,2017-10,2026-06,105,104,2,College of Information Technology | School of Technology,0,,"Bachelor of Science, Software Development","Bachelor of Science, Computer Science | Bachelor of Science, Computer Science (BSCS to MSCS)"
C868,RETIRED,Software Development Capstone,3,2017-10,2022-12,63,62,1,College of Information Technology,0,,"Bachelor of Science, Software Development","Bachelor of Science, Software Development [BSITSWC] | Bachelor of Science, Software Development [BSITSW]"
C870,RETIRED,Human Anatomy and Physiology,3,2017-07,2026-06,108,107,2,School of Education | Teachers College,0,,"Master of Arts, Science Education (5-12, Bio)",Master of Arts Science Education (Secondary Biological Science)
C871,RETIRED,"MA, Science Education Teacher Performance Assessment",6,2017-07,2026-06,108,107,2,School of Education | Teachers College,1,"MA, Science Education Teacher Performance","Master of Arts, Science Education (5-12, Bio) | Master of Arts, Science Education (5-12, Chemistry) | Master of Arts, Science Education (5-12, Geo) | Master of Arts, Science Education (5-12, Physics)",Master of Arts Science Education (Middle Grades) | Master of Arts Science Education (Secondary Biological Science) | Master of Arts Science Education (Secondary Chemistry) | Master of Arts Science Education (Secondary Earth Science)
C873,RETIRED,Teacher Performance Assessment in Elementary Education,1,2017-07,2024-08,86,85,2,School of Education | Teachers College,1,Teacher Performance Assessment in,"Master of Arts in Teaching, Elementary Education (K-8) | Post-baccalaureate Teacher Preparation, Elementary Education (K-8)","Master of Arts in Teaching, Elementary Education"
C874,RETIRED,"MA, Mathematics Education (5-12) Teacher Performance",6,2017-07,2026-06,108,107,2,School of Education | Teachers College,1,"MA, Mathematics Education (5-12) Teacher","Master of Arts, Mathematics Education (5-12)",Master of Arts in Mathematics Education (Secondary)
C875,RETIRED,Human Anatomy and Physiology,4,2017-07,2025-01,91,90,2,School of Education | Teachers College,0,,"Bachelor of Arts, Science (5-12, Bio)","Bachelor of Arts, Educational Studies in Secondary Biological Science Education | Bachelor of Science, Science Education (Secondary Biological Science)"
C876,RETIRED,Conceptual Physics,5,2017-07,2025-01,91,90,2,School of Education | Teachers College,0,,"Bachelor of Arts, Science (5-12, Physics)","Bachelor of Arts, Educational Studies in Secondary Physics Science Education | Bachelor of Science, Science Education (Secondary Physics)"
C877,RETIRED,Mathematical Modeling and Applications,3,2017-07,2025-01,91,90,2,School of Education | Teachers College,0,,"Bachelor of Arts, Mathematics (5-12)","Bachelor of Arts, Educational Studies in Secondary Mathematics Education | Bachelor of Science, Mathematics Education (Secondary)"
C878,RETIRED,Mathematical Modeling and Applications,2,2017-07,2026-06,108,107,2,School of Education | Teachers College,0,,"Master of Arts, Mathematics Education (5-12)",Master of Arts in Mathematics Education (Secondary)
C879,RETIRED,Algebra for Secondary Mathematics Teaching,3,2017-07,2025-02,92,91,2,School of Education | Teachers College,0,,"Bachelor of Arts, Mathematics (5-12) | Bachelor of Arts, Mathematics (5-9)","Bachelor of Arts, Educational Studies in Middle Grades Mathematics Education | Bachelor of Science, Mathematics Education (Middle Grades)"
C880,RETIRED,Algebra for Secondary Mathematics Teaching,2,2017-07,2026-06,108,107,2,School of Education | Teachers College,0,,"Master of Arts in Teaching, Mathematics (5-12) | Master of Arts in Teaching, Mathematics (5-9) | Master of Arts, Mathematics Education (5-12) | Master of Arts, Mathematics Education (5-9)",Master of Arts in Mathematics Education (Middle Grades) | Master of Arts in Mathematics Education (Secondary)
C881,RETIRED,Geometry for Secondary Mathematics Teaching,3,2017-07,2025-01,91,90,2,School of Education | Teachers College,1,Geometry for Secondary Mathematics,"Bachelor of Arts, Mathematics (5-12)","Bachelor of Arts, Educational Studies in Secondary Mathematics Education | Bachelor of Science, Mathematics Education (Secondary)"
C882,RETIRED,Geometry for Secondary Mathematics Teaching,2,2017-07,2026-06,108,107,2,School of Education | Teachers College,1,Geometry for Secondary Mathematics,"Master of Arts in Teaching, Mathematics (5-12) | Master of Arts, Mathematics Education (5-12)",Master of Arts in Mathematics Education (Secondary)
C883,RETIRED,Statistics and Probability for Secondary Mathematics Teaching,3,2017-07,2025-01,91,90,2,School of Education | Teachers College,1,Statistics and Probability for Secondary,"Bachelor of Arts, Mathematics (5-12)","Bachelor of Arts, Educational Studies in Secondary Mathematics Education | Bachelor of Science, Mathematics Education (Secondary)"
C884,RETIRED,Statistics and Probability for Secondary Mathematics Teaching,2,2017-07,2026-06,108,107,2,School of Education | Teachers College,1,Statistics and Probability for Secondary,"Master of Arts in Teaching, Mathematics (5-12) | Master of Arts, Mathematics Education (5-12)",Master of Arts in Mathematics Education (Secondary)
C885,RETIRED,Advanced Calculus,3,2017-07,2025-01,91,90,2,School of Education | Teachers College,0,,"Bachelor of Arts, Mathematics (5-12)","Bachelor of Arts, Educational Studies in Secondary Mathematics Education | Bachelor of Science, Mathematics Education (Secondary)"
C886,RETIRED,Advanced Calculus,2,2017-07,2026-06,108,107,2,School of Education | Teachers College,0,,"Master of Arts, Mathematics Education (5-12)",Master of Arts in Mathematics Education (Secondary)
C887,RETIRED,"MA, Mathematics Education (5-9) Teacher Performance",6,2017-07,2026-06,108,107,2,School of Education | Teachers College,1,"MA, Mathematics Education (5-9) Teacher","Master of Arts, Mathematics Education (5-9)",Master of Arts in Mathematics Education (Middle Grades)
C888,RETIRED,Molecular and Cellular Biology,4,2017-07,2025-01,91,90,2,School of Education | Teachers College,0,,"Bachelor of Arts, Science (5-12, Bio)","Bachelor of Arts, Educational Studies in Secondary Biological Science Education | Bachelor of Science, Science Education (Secondary Biological Science)"
C889,RETIRED,Molecular and Cellular Biology,3,2017-07,2026-06,108,107,2,School of Education | Teachers College,0,,"Master of Arts, Science Education (5-12, Bio)",Master of Arts Science Education (Secondary Biological Science)
C890,RETIRED,Ecology and Environmental Science,3,2017-07,2025-02,92,91,2,School of Education | Teachers College,0,,"Bachelor of Arts, Science (5-12, Bio) | Bachelor of Arts, Science (5-12, Geo) | Bachelor of Arts, Science (5-9)","Bachelor of Arts, Educational Studies in Middle Grades Science Education | Bachelor of Science, Science Education (Middle Grades)"
C891,RETIRED,Ecology and Environmental Science,2,2017-07,2026-06,108,107,2,School of Education | Teachers College,0,,"Master of Arts, Science Education (5-12, Bio) | Master of Arts, Science Education (5-12, Geo) | Master of Arts, Science Education (5-9)",Master of Arts Science Education (Middle Grades) | Master of Arts Science Education (Secondary Biological Science) | Master of Arts Science Education (Secondary Earth Science)
C892,RETIRED,Geology II: Earth Systems,4,2017-07,2025-01,91,90,2,School of Education | Teachers College,0,,"Bachelor of Arts, Science (5-12, Geo)","Bachelor of Arts, Educational Studies in Secondary Earth Science Education | Bachelor of Science, Science Education (Secondary Earth Science)"
C893,RETIRED,Geology II: Earth Systems,3,2017-07,2026-06,108,107,2,School of Education | Teachers College,0,,"Master of Arts, Science Education (5-12, Geo)",Master of Arts Science Education (Secondary Earth Science)
C894,RETIRED,Astronomy,3,2017-07,2025-02,92,91,2,School of Education | Teachers College,0,,"Bachelor of Arts, Science (5-12, Geo) | Bachelor of Arts, Science (5-9)","Bachelor of Arts, Educational Studies in Middle Grades Science Education | Bachelor of Science, Science Education (Middle Grades)"
C895,RETIRED,Astronomy,2,2017-07,2026-06,108,107,2,School of Education | Teachers College,0,,"Master of Arts, Science Education (5-12, Geo) | Master of Arts, Science Education (5-9)",Master of Arts Science Education (Middle Grades) | Master of Arts Science Education (Secondary Earth Science)
C896,RETIRED,Science Methods,4,2017-07,2018-04,10,9,1,Teachers College,0,,"Bachelor of Arts, Science (5-12, Bio) | Bachelor of Arts, Science (5-12, Chemistry) | Bachelor of Arts, Science (5-12, Geo) | Bachelor of Arts, Science (5-12, Physics)","Bachelor of Arts, Science (5-12, Bio) | Bachelor of Arts, Science (5-12, Chemistry) | Bachelor of Arts, Science (5-12, Geo) | Bachelor of Arts, Science (5-12, Physics)"
C897,RETIRED,Mathematics: Content Knowledge,2,2017-07,2025-01,91,90,2,School of Education | Teachers College,0,,"Bachelor of Arts, Mathematics (5-12)","Bachelor of Science, Mathematics Education (Secondary)"
C898,RETIRED,Earth Science: Content Knowledge,2,2017-07,2025-01,91,90,2,School of Education | Teachers College,0,,"Bachelor of Arts, Science (5-12, Geo)","Bachelor of Science, Science Education (Secondary Earth Science)"
C900,RETIRED,Biology: Content Knowledge,2,2017-07,2025-01,91,90,2,School of Education | Teachers College,0,,"Bachelor of Arts, Science (5-12, Bio)","Bachelor of Science, Science Education (Secondary Biological Science)"
C901,RETIRED,Physics: Content Knowledge,2,2017-07,2025-01,91,90,2,School of Education | Teachers College,0,,"Bachelor of Arts, Science (5-12, Physics)","Bachelor of Science, Science Education (Secondary Physics)"
C902,RETIRED,Middle School Science: Content Knowledge,2,2017-07,2025-02,92,91,2,School of Education | Teachers College,0,,"Bachelor of Arts, Science (5-9)","Bachelor of Science, Science Education (Middle Grades)"
C903,RETIRED,Middle School Mathematics: Content Knowledge,2,2017-07,2025-02,92,91,2,School of Education | Teachers College,1,Middle School Mathematics: Content,"Bachelor of Arts, Mathematics (5-9)","Bachelor of Science, Mathematics Education (Middle Grades)"
C904,RETIRED,Teacher Performance Assessment in Science,1,2017-07,2025-01,91,90,2,School of Education | Teachers College,0,,"Master of Arts in Teaching, Science (5-12) | Post-baccalaureate Teacher Preparation, Science (5-12)","Master of Arts in Teaching, Science Education (Secondary)"
C907,RETIRED,Introduction to Biology,2,2017-07,2026-06,108,107,2,School of Education | Teachers College,0,,"Master of Arts, Science Education (5-12, Bio) | Master of Arts, Science Education (5-9)",Master of Arts Science Education (Middle Grades) | Master of Arts Science Education (Secondary Biological Science)
C908,RETIRED,Integrated Physical Sciences,2,2017-07,2026-06,108,107,2,School of Education | Teachers College,0,,"Master of Arts, Science Education (5-12, Chemistry) | Master of Arts, Science Education (5-12, Physics) | Master of Arts, Science Education (5-9)",Master of Arts Science Education (Middle Grades) | Master of Arts Science Education (Secondary Chemistry) | Master of Arts Science Education (Secondary Physics)
C909,RETIRED,Elementary Reading Methods and Interventions,3,2017-07,2024-09,87,86,2,School of Education | Teachers College,1,Elementary Reading Methods and,"Bachelor of Arts, Interdisciplinary Studies (K-8) | Bachelor of Arts, Special Education","Bachelor of Arts, Educational Studies in Mild to Moderate Exceptionalities Special Education | Bachelor of Arts, Educational Studies in Special and Elementary Education | Bachelor of Arts, Special Education and Elementary Education (Dual Licensure) | Bachelor of Arts, Special Education, Mild to Moderate"
C910,RETIRED,Elementary Reading Methods and Interventions,2,2017-07,2024-09,87,86,2,School of Education | Teachers College,1,Elementary Reading Methods and,"Master of Arts in Teaching, Elementary Education (K-8) | Post-baccalaureate Teacher Preparation, Elementary Education (K-8)","Master of Arts in Teaching, Special Education"
C912,RETIRED,College Algebra,3,2017-07,2026-06,108,107,2,School of Education | Teachers College,0,,"Master of Arts, Mathematics Education (5-9)",Master of Arts in Mathematics Education (Middle Grades)
C913,RETIRED,Psychology for Educators,4,2017-07,2020-06,36,35,1,Teachers College,0,,"Bachelor of Arts, Interdisciplinary Studies (K-8) | Bachelor of Arts, Mathematics (5-12) | Bachelor of Arts, Mathematics (5-9) | Bachelor of Arts, Science (5-12, Bio)","Bachelor of Arts, Elementary Education | Bachelor of Arts, Special Education and Elementary Education (Dual Licensure) | Bachelor of Arts, Special Education, Mild to Moderate | Bachelor of Science, Mathematics Education (Middle Grades)"
C914,RETIRED,Teacher Performance Assessment in Mathematics Education,1,2017-07,2025-02,92,91,2,School of Education | Teachers College,1,Teacher Performance Assessment in,"Master of Arts in Teaching, Mathematics (5-12) | Master of Arts in Teaching, Mathematics (5-9)","Master of Arts in Teaching, Mathematics Education (Middle Grades)"
C915,RETIRED,Chemistry: Content Knowledge,2,2017-07,2025-01,91,90,2,School of Education | Teachers College,0,,"Bachelor of Arts, Science (5-12, Chemistry)","Bachelor of Science, Science Education (Secondary Chemistry)"
C916,RETIRED,Scripting and Automation,2,2017-10,2022-04,55,54,1,College of Information Technology,0,,"Bachelor of Science, Cloud and Systems Administration","Bachelor of Science, Cloud Computing"
C917,RETIRED,Network Design Foundations,4,2017-09,2019-12,28,27,1,College of Information Technology,0,,"Bachelor of Science, Network Operations and Security","Bachelor of Science, Network Operations and Security"
C918,RETIRED,Evolving Roles of Nurse Educators in Diverse Environments,2,2018-04,2026-06,99,98,2,College of Health Professions | Leavitt School of Health,1,Evolving Roles of Nurse Educators in Diverse,"Master of Science, Nursing - Education (BSN to MSN) | Master of Science, Nursing - Education (RN to MSN)","Master of Science, Nursing - Education (BSN to MSN) | Master of Science, Nursing - Education (RN to MSN) | Post-Master's Certificate, Nursing - Nursing Education (Post-MSN)"
C919,RETIRED,Facilitation of Context-Based Student-Centered Learning,2,2018-04,2026-06,99,98,2,College of Health Professions | Leavitt School of Health,1,Facilitation of Context-Based Student-,"Master of Science, Nursing - Education (BSN to MSN) | Master of Science, Nursing - Education (RN to MSN)","Master of Science, Nursing - Education (BSN to MSN) | Master of Science, Nursing - Education (RN to MSN) | Post-Master's Certificate, Nursing - Nursing Education (Post-MSN)"
C920,RETIRED,Contemporary Curriculum Design and Development in Nursing,2,2018-04,2026-06,99,98,2,College of Health Professions | Leavitt School of Health,1,Contemporary Curriculum Design and,"Master of Science, Nursing - Education (BSN to MSN) | Master of Science, Nursing - Education (RN to MSN)","Master of Science, Nursing - Education (BSN to MSN) | Master of Science, Nursing - Education (RN to MSN) | Post-Master's Certificate, Nursing - Nursing Education (Post-MSN)"
C921,RETIRED,Assessment and Evaluation Strategies for Measuring Student,3,2018-04,2026-06,99,98,2,College of Health Professions | Leavitt School of Health,1,Assessment and Evaluation Strategies for,"Master of Science, Nursing - Education (BSN to MSN) | Master of Science, Nursing - Education (RN to MSN)","Master of Science, Nursing - Education (BSN to MSN) | Master of Science, Nursing - Education (RN to MSN) | Post-Master's Certificate, Nursing - Nursing Education (Post-MSN)"
C922,RETIRED,Emerging Trends and Challenges in 21st Century Nursing,2,2018-04,2026-06,99,98,2,College of Health Professions | Leavitt School of Health,1,Emerging Trends and Challenges in 21st,"Master of Science, Nursing - Education (BSN to MSN) | Master of Science, Nursing - Education (RN to MSN)","Master of Science, Nursing - Education (BSN to MSN) | Master of Science, Nursing - Education (RN to MSN) | Post-Master's Certificate, Nursing - Nursing Education (Post-MSN)"
C923,RETIRED,Cloud Applications,3,2017-10,2022-04,55,54,1,College of Information Technology,0,,"Bachelor of Science, Cloud and Systems Administration","Bachelor of Science, Cloud Computing"
C924,RETIRED,Cloud Deployment and Operations,3,2017-10,2022-07,58,57,1,College of Information Technology,0,,"Bachelor of Science, Cloud and Systems Administration","Bachelor of Science, Network Operations and Security"
C925,RETIRED,Earth: Inside and Out,4,2017-07,2025-02,92,91,2,School of Education | Teachers College,0,,"Bachelor of Arts, Science (5-9)","Bachelor of Arts, Educational Studies in Middle Grades Science Education | Bachelor of Science, Science Education (Middle Grades)"
C926,RETIRED,Earth: Inside and Out,3,2017-07,2026-06,108,107,2,School of Education | Teachers College,0,,"Master of Arts, Science Education (5-9)",Master of Arts Science Education (Middle Grades)
C927,RETIRED,Managing Technology Operations and Innovation,3,2018-07,2026-01,91,90,2,College of Information Technology | School of Technology,1,Managing Technology Operations and,"Master of Science, Information Technology Management","Master of Science, Information Technology Management | Master of Science, Information Technology Management portion"
C928,RETIRED,Financial Management for IT Professionals,2,2018-07,2026-01,91,90,2,College of Information Technology | School of Technology,0,,"Master of Science, Information Technology Management","Master of Science, Information Technology Management | Master of Science, Information Technology Management portion"
C929,RETIRED,IT Sourcing and Development in a Global Economy,2,2018-07,2026-01,91,90,2,College of Information Technology | School of Technology,1,IT Sourcing and Development in a Global,"Master of Science, Information Technology Management","Master of Science, Information Technology Management | Master of Science, Information Technology Management portion"
C930,RETIRED,Preclinical Experiences in Mathematics,3,2017-07,2025-02,92,91,2,School of Education | Teachers College,0,,"Bachelor of Arts, Mathematics (5-9)","Bachelor of Science, Mathematics Education (Middle Grades)"
C931,RETIRED,Preclinical Experiences in Mathematics,2,2017-07,2025-02,92,91,2,School of Education | Teachers College,0,,"Master of Arts in Teaching, Mathematics (5-9)","Master of Arts in Teaching, Mathematics Education (Middle Grades)"
C932,RETIRED,Preclinical Experiences in Mathematics,3,2017-07,2025-01,91,90,2,School of Education | Teachers College,0,,"Bachelor of Arts, Mathematics (5-12)","Bachelor of Science, Mathematics Education (Secondary)"
C933,RETIRED,Preclinical Experiences in Mathematics,2,2017-07,2025-01,91,90,2,School of Education | Teachers College,0,,"Master of Arts in Teaching, Mathematics (5-12)","Master of Arts in Teaching, Mathematics Education (Secondary)"
C934,RETIRED,Preclinical Experiences in Elementary and Special Education,3,2017-07,2024-09,87,86,2,School of Education | Teachers College,1,Preclinical Experiences in Elementary and,"Bachelor of Arts, Special Education","Bachelor of Arts, Special Education and Elementary Education (Dual Licensure)"
C935,RETIRED,Preclinical Experiences in Elementary Education,3,2017-07,2024-08,86,85,2,School of Education | Teachers College,1,Preclinical Experiences in Elementary,"Bachelor of Arts, Interdisciplinary Studies (K-8)","Bachelor of Arts, Elementary Education"
C936,RETIRED,Preclinical Experiences in Elementary Education,2,2017-07,2024-08,86,85,2,School of Education | Teachers College,1,Preclinical Experiences in Elementary,"Master of Arts in Teaching, Elementary Education (K-8) | Post-baccalaureate Teacher Preparation, Elementary Education (K-8)","Master of Arts in Teaching, Elementary Education"
C937,RETIRED,Preclinical Experiences in Science,3,2017-07,2025-02,92,91,2,School of Education | Teachers College,0,,"Bachelor of Arts, Science (5-12, Bio) | Bachelor of Arts, Science (5-12, Chemistry) | Bachelor of Arts, Science (5-12, Geo) | Bachelor of Arts, Science (5-12, Physics)","Bachelor of Science, Science Education (Middle Grades)"
C938,RETIRED,Preclinical Experiences in Science,2,2017-07,2025-01,91,90,2,School of Education | Teachers College,0,,"Master of Arts in Teaching, Science (5-12) | Post-baccalaureate Teacher Preparation, Science (5-12)","Master of Arts in Teaching, Science Education (Secondary)"
C939,RETIRED,Data Visualization,2,2017-10,2023-07,70,69,1,College of Information Technology,0,,"Bachelor of Science, Data Management/Data Analytics","Bachelor of Science, Data Management/Data Analytics"
C940,RETIRED,Science Methods—Secondary Biology,4,2018-05,2025-01,81,80,2,School of Education | Teachers College,0,,"Bachelor of Science, Science Education (Secondary Biological Science)","Bachelor of Arts, Educational Studies in Secondary Biological Science Education | Bachelor of Science, Science Education (Secondary Biological Science)"
C941,RETIRED,Science Methods—Secondary Chemistry,4,2018-05,2025-01,81,80,2,School of Education | Teachers College,0,,"Bachelor of Science, Science Education (Secondary Chemistry)","Bachelor of Arts, Educational Studies in Secondary Chemistry Science Education | Bachelor of Science, Science Education (Secondary Chemistry)"
C942,RETIRED,Science Methods—Secondary Earth Science,4,2018-05,2025-01,81,80,2,School of Education | Teachers College,0,,"Bachelor of Science, Science Education (Secondary Earth Science)","Bachelor of Arts, Educational Studies in Secondary Earth Science Education | Bachelor of Science, Science Education (Secondary Earth Science)"
C943,RETIRED,Science Methods—Secondary Physics,4,2018-05,2025-01,81,80,2,School of Education | Teachers College,0,,"Bachelor of Science, Science Education (Secondary Physics)","Bachelor of Arts, Educational Studies in Secondary Physics Science Education | Bachelor of Science, Science Education (Secondary Physics)"
C945,RETIRED,Preclinical Experiences in English,2,2017-08,2025-01,90,89,2,School of Education | Teachers College,0,,"Master of Arts in Teaching, English Education (5-12)","Master of Arts in Teaching, English Education (Secondary)"
C946,RETIRED,Nursing Education Field Experience,2,2018-04,2026-06,99,98,2,College of Health Professions | Leavitt School of Health,0,,"Master of Science, Nursing - Education (BSN to MSN) | Master of Science, Nursing - Education (RN to MSN)","Master of Science, Nursing - Education (BSN to MSN) | Master of Science, Nursing - Education (RN to MSN) | Post-Master's Certificate, Nursing - Nursing Education (Post-MSN)"
C947,RETIRED,Nursing Education Capstone,2,2018-04,2026-06,99,98,2,College of Health Professions | Leavitt School of Health,0,,"Master of Science, Nursing - Education (BSN to MSN) | Master of Science, Nursing - Education (RN to MSN)","Master of Science, Nursing - Education (BSN to MSN) | Master of Science, Nursing - Education (RN to MSN) | Post-Master's Certificate, Nursing - Nursing Education (Post-MSN)"
C948,RETIRED,Technical Communication,3,2018-02,2026-01,96,95,2,College of Information Technology | School of Technology,0,,"Master of Science, Information Technology Management","Bachelor of Science, Information Technology (BSIT to MSITM) | Master of Science, Information Technology Management"
C949,RETIRED,Data Structures and Algorithms I,4,2018-05,2026-06,98,97,2,College of Information Technology | School of Technology,0,,"Bachelor of Science, Computer Science","Bachelor of Science, AI Engineering | Bachelor of Science, Computer Science | Bachelor of Science, Data Analytics | Bachelor of Science, Software Engineering (BSSWE to MSSWE)"
C950,RETIRED,Data Structures and Algorithms II,4,2018-05,2026-06,98,97,2,College of Information Technology | School of Technology,0,,"Bachelor of Science, Computer Science","Bachelor of Science, AI Engineering | Bachelor of Science, Computer Science | Bachelor of Science, Computer Science (BSCS to MSCS)"
C951,RETIRED,Introduction to Artificial Intelligence,3,2018-05,2024-09,77,76,2,College of Information Technology | School of Technology,0,,"Bachelor of Science, Computer Science","Bachelor of Science, Computer Science"
C952,RETIRED,Computer Architecture,3,2018-05,2026-06,98,97,2,College of Information Technology | School of Technology,0,,"Bachelor of Science, Computer Science","Bachelor of Science, AI Engineering | Bachelor of Science, Computer Science | Bachelor of Science, Computer Science (BSCS to MSCS)"
C954,RETIRED,Information Technology Management,3,2018-02,2026-01,96,95,2,College of Information Technology | School of Technology,0,,"Master of Science, Information Technology Management","Bachelor of Science, Information Technology (BSIT to MSITM) | Master of Science, Information Technology Management"
C955,RETIRED,Applied Probability and Statistics,3,2018-06,2026-06,97,96,8,College of Business | College of Health Professions | College of Information Technology | Leavitt School of Health | School of Business | School of Education | School of Technology | Teachers College,0,,"Bachelor of Science, Science Education (Middle Grades) | Bachelor of Science, Science Education (Secondary Biological Science) | Bachelor of Science, Science Education (Secondary Chemistry) | Bachelor of Science, Science Education (Secondary Earth Science)","Bachelor of Science in Psychology | Bachelor of Science, AI Engineering | Bachelor of Science, Accounting | Bachelor of Science, Business Management"
C957,RETIRED,Applied Algebra,3,2018-12,2026-06,91,90,6,College of Business | College of Health Professions | College of Information Technology | Leavitt School of Health | School of Business | School of Technology,0,,"Bachelor of Science, Business Management | Bachelor of Science, Cybersecurity and Information Assurance | Bachelor of Science, Data Management/Data Analytics | Bachelor of Science, Information Technology","Bachelor of Science, Accounting | Bachelor of Science, Cloud and Network Engineering | Bachelor of Science, Cloud and Network Engineering - Amazon Web Services | Bachelor of Science, Cloud and Network Engineering - Cisco"
C958,RETIRED,Calculus I,4,2018-05,2026-06,98,97,2,College of Information Technology | School of Technology,0,,"Bachelor of Science, Computer Science","Bachelor of Science, Computer Science | Bachelor of Science, Computer Science (BSCS to MSCS)"
C959,RETIRED,Discrete Mathematics I,4,2018-05,2026-06,98,97,2,College of Information Technology | School of Technology,0,,"Bachelor of Science, Computer Science","Bachelor of Science, Computer Science | Bachelor of Science, Computer Science (BSCS to MSCS)"
C960,RETIRED,Discrete Mathematics II,4,2018-05,2026-06,98,97,2,College of Information Technology | School of Technology,0,,"Bachelor of Science, Computer Science","Bachelor of Science, AI Engineering | Bachelor of Science, Computer Science | Bachelor of Science, Computer Science (BSCS to MSCS)"
C961,RETIRED,Ethics in Technology,3,2018-05,2023-08,64,63,2,College of Business | College of Information Technology,0,,"Bachelor of Science, Computer Science","Bachelor of Science Business Administration, Management"
C962,RETIRED,Current and Emerging Technology,3,2018-07,2026-01,91,90,2,College of Information Technology | School of Technology,0,,"Master of Science, Information Technology Management","Bachelor of Science, Information Technology (BSIT to MSITM) | Master of Science, Information Technology Management"
C963,RETIRED,American Politics and the US Constitution,3,2018-07,2026-06,96,95,7,College of Health Professions | College of Information Technology | Leavitt School of Health | School of Business | School of Education | School of Technology | Teachers College,0,,"Bachelor of Arts, Elementary Education","Bachelor of Arts, Educational Studies in Elementary Education | Bachelor of Arts, Educational Studies in Mild to Moderate Exceptionalities Special Education | Bachelor of Arts, Educational Studies in Secondary Biological Science Education | Bachelor of Arts, Educational Studies in Secondary Chemistry Science Education"
C964,RETIRED,Computer Science Capstone,4,2018-05,2024-09,77,76,2,College of Information Technology | School of Technology,0,,"Bachelor of Science, Computer Science","Bachelor of Science, Computer Science"
C965,RETIRED,Teaching in the Middle School,2,2018-05,2025-02,82,81,2,School of Education | Teachers College,0,,"Bachelor of Science, Science Education (Middle Grades)","Bachelor of Arts, Educational Studies in Middle Grades Mathematics Education | Bachelor of Arts, Educational Studies in Middle Grades Science Education | Bachelor of Science, Mathematics Education (Middle Grades) | Bachelor of Science, Science Education (Middle Grades)"
C966,RETIRED,Teaching in the Middle School,2,2018-06,2026-06,97,96,2,School of Education | Teachers College,0,,"Master of Arts in Teaching, Mathematics Education (Middle Grades)",Master of Arts Science Education (Middle Grades) | Master of Arts in Mathematics Education (Middle Grades)
C968,RETIRED,Software I – C#,6,2018-07,2026-06,96,95,2,College of Information Technology | School of Technology,0,,"Bachelor of Science, Software Development","Bachelor of Science, Software Engineering [BSSWE_C]"
C969,RETIRED,Software II – Advanced C#,6,2018-07,2026-06,96,95,2,College of Information Technology | School of Technology,0,,"Bachelor of Science, Software Development","Bachelor of Science, Software Engineering [BSSWE_C]"
C970,RETIRED,Children’s Literature,3,2018-07,2024-09,75,74,2,School of Education | Teachers College,1,Children's Literature,"Bachelor of Arts, Elementary Education","Bachelor of Arts, Educational Studies in Mild to Moderate Exceptionalities Special Education | Bachelor of Arts, Educational Studies in Special and Elementary Education | Bachelor of Arts, Special Education and Elementary Education (Dual Licensure) | Bachelor of Arts, Special Education, Mild to Moderate"
C971,RETIRED,Mobile Application Development Using C#,3,2018-07,2026-06,96,95,2,College of Information Technology | School of Technology,0,,"Bachelor of Science, Software Development","Bachelor of Science, Software Engineering [BSSWE_C]"
C972,RETIRED,College Geometry,4,2018-09,2025-02,78,77,2,School of Education | Teachers College,0,,"Bachelor of Science, Mathematics Education (Middle Grades) | Bachelor of Science, Mathematics Education (Secondary)","Bachelor of Arts, Educational Studies in Middle Grades Mathematics Education | Bachelor of Science, Mathematics Education (Middle Grades)"
C973,RETIRED,"Principles of Psychology, Child and Adolescent Development",3,2018-06,2020-06,25,24,1,Teachers College,0,,"Master of Arts in Teaching, Elementary Education | Master of Arts in Teaching, English Education (Secondary) | Master of Arts in Teaching, Mathematics Education (Middle Grades) | Master of Arts in Teaching, Mathematics Education (Secondary)","Master of Arts in Teaching, Elementary Education | Master of Arts in Teaching, English Education (Secondary) | Master of Arts in Teaching, Mathematics Education (Middle Grades) | Master of Arts in Teaching, Mathematics Education (Secondary)"
C974,RETIRED,Science Methods—Middle Grades General Science,4,2018-05,2025-02,82,81,2,School of Education | Teachers College,1,Science Methods—Middle Grades General,"Bachelor of Science, Science Education (Middle Grades)","Bachelor of Arts, Educational Studies in Middle Grades Science Education | Bachelor of Science, Science Education (Middle Grades)"
C975,RETIRED,Science Methods—Middle Grades General Science,3,2018-05,2026-06,98,97,2,School of Education | Teachers College,1,Science Methods—Middle Grades General,Master of Arts Science Education (Middle Grades),Master of Arts Science Education (Middle Grades)
C976,RETIRED,Science Methods—Secondary Biology,3,2018-05,2026-06,98,97,2,School of Education | Teachers College,0,,Master of Arts Science Education (Secondary Biological Science),Master of Arts Science Education (Secondary Biological Science)
C977,RETIRED,Science Methods—Secondary Chemistry,3,2018-05,2026-06,98,97,2,School of Education | Teachers College,0,,Master of Arts Science Education (Secondary Chemistry),Master of Arts Science Education (Secondary Chemistry)
C978,RETIRED,Science Methods—Secondary Earth Science,3,2018-05,2026-06,98,97,2,School of Education | Teachers College,0,,Master of Arts Science Education (Secondary Earth Science),Master of Arts Science Education (Secondary Earth Science)
C979,RETIRED,Science Methods—Secondary Physics,3,2018-05,2026-06,98,97,2,School of Education | Teachers College,0,,Master of Arts Science Education (Secondary Physics),Master of Arts Science Education (Secondary Physics)
C980,RETIRED,Innovative Solutions in Health Leadership,3,2018-05,2023-03,59,58,2,College of Health Professions | Leavitt School of Health,0,,Master of Health Leadership,Master of Health Leadership
C981,RETIRED,Collaborative Leadership,3,2018-05,2023-03,59,58,2,College of Health Professions | Leavitt School of Health,0,,Master of Health Leadership,Master of Health Leadership
C982,RETIRED,Healthcare Models and Systems,2,2018-05,2023-03,59,58,2,College of Health Professions | Leavitt School of Health,0,,Master of Health Leadership,Master of Health Leadership
C983,RETIRED,Quality Improvement in Healthcare,3,2018-05,2023-03,59,58,2,College of Health Professions | Leavitt School of Health,0,,Master of Health Leadership,Master of Health Leadership
C984,RETIRED,Healthcare Financial Management,3,2018-05,2023-03,59,58,2,College of Health Professions | Leavitt School of Health,0,,Master of Health Leadership,Master of Health Leadership
C985,RETIRED,Analytical Methods of Health Leaders,2,2018-05,2023-03,59,58,2,College of Health Professions | Leavitt School of Health,0,,Master of Health Leadership,Master of Health Leadership
C986,RETIRED,Enterprise Risk Management,3,2018-05,2023-03,59,58,2,College of Health Professions | Leavitt School of Health,0,,Master of Health Leadership,Master of Health Leadership
C987,RETIRED,Healthcare Information Technology,2,2018-05,2023-03,59,58,2,College of Health Professions | Leavitt School of Health,0,,Master of Health Leadership,Master of Health Leadership
C988,RETIRED,Population Healthcare Coordination,3,2018-05,2023-03,59,58,2,College of Health Professions | Leavitt School of Health,0,,Master of Health Leadership,Master of Health Leadership
C989,RETIRED,Challenges in Community Healthcare,3,2018-05,2023-03,59,58,2,College of Health Professions | Leavitt School of Health,0,,Master of Health Leadership,Master of Health Leadership
C990,RETIRED,Integrated Health Leadership,3,2018-05,2023-03,59,58,2,College of Health Professions | Leavitt School of Health,0,,Master of Health Leadership,Master of Health Leadership
C991,RETIRED,Health Leadership Capstone,4,2018-05,2023-03,59,58,2,College of Health Professions | Leavitt School of Health,0,,Master of Health Leadership,Master of Health Leadership
C992,RETIRED,College Geometry,2,2018-09,2026-06,94,93,2,School of Education | Teachers College,0,,Master of Arts in Mathematics Education (Middle Grades) | Master of Arts in Mathematics Education (Secondary),Master of Arts in Mathematics Education (Middle Grades) | Master of Arts in Mathematics Education (Secondary)
C993,RETIRED,Structured Query Language,4,2018-10,2020-09,24,23,1,College of Information Technology,0,,"Bachelor of Science, Computer Science | Bachelor of Science, Data Management/Data Analytics | Bachelor of Science, Software Development","Bachelor of Science, Computer Science | Bachelor of Science, Data Management/Data Analytics | Bachelor of Science, Software Development"
C994,RETIRED,Fundamentals for Success in Business,3,2018-08,2020-01,18,17,1,College of Business,0,,"Bachelor of Science, Business Management | Bachelor of Science, Marketing Management","Bachelor of Science, Business Management | Bachelor of Science, Marketing Management"
C995,RETIRED,SQL for Data Analysis,4,2018-12,2020-09,22,21,1,College of Information Technology,0,,"Master of Science, Data Analytics","Master of Science, Data Analytics"
C996,RETIRED,Programming in Python,2,2018-12,2020-09,22,21,1,College of Information Technology,0,,"Master of Science, Data Analytics","Master of Science, Data Analytics"
C997,RETIRED,R for Data Analysts,1,2018-12,2020-09,22,21,1,College of Information Technology,0,,"Master of Science, Data Analytics","Master of Science, Data Analytics"
CQC2,RETIRED,Calculus II,2,2017-01,2026-06,111,113,2,School of Education | Teachers College,0,,"Master of Arts, Mathematics Education (5-12)",Master of Arts in Mathematics Education (Secondary)
CUA1,RETIRED,Culture,3,2017-01,2026-06,111,113,2,School of Education | Teachers College,0,,"Endorsement Preparation Program, English Language Learning (PreK-12) | Master of Arts, English Language Learning (PreK-12)","Endorsement Preparation Program, English Language Learning | Master of Arts, English Language Learning"
CWEL,RETIRED,Capstone Written Project in Educational Leadership,3,2017-01,2019-03,24,26,1,Teachers College,0,,"Master of Science, Educational Leadership","Master of Science, Educational Leadership"
CXV2,RETIRED,Mathematics: Content Knowledge,4,2017-01,2017-05,3,4,1,Teachers College,0,,"Master of Arts, Mathematics Education (5-12)","Master of Arts, Mathematics Education (5-12)"
CYV2,RETIRED,Middle School Mathematics: Content Knowledge,4,2017-01,2017-05,3,4,1,Teachers College,0,,"Master of Arts, Mathematics Education (5-9)","Master of Arts, Mathematics Education (5-9)"
CZC1,RETIRED,Accounting II,3,2017-01,2020-01,34,36,1,College of Business,0,,"Bachelor of Science, Accounting | Bachelor of Science, Business Management","Bachelor of Science, Accounting"
CZV2,RETIRED,Biology: Content Knowledge,4,2017-01,2017-05,3,4,1,Teachers College,0,,"Master of Arts, Science Education (5-12, Bio)","Master of Arts, Science Education (5-12, Bio)"
D001,RETIRED,Behavioral Support Strategies for K-12 Learners with Mild to,4,2018-10,2024-09,72,71,2,School of Education | Teachers College,1,Behavioral Support Strategies for K-12,"Bachelor of Arts, Special Education Mild to Moderate","Bachelor of Arts, Educational Studies in Mild to Moderate Exceptionalities Special Education | Bachelor of Arts, Educational Studies in Special and Elementary Education | Bachelor of Arts, Special Education and Elementary Education (Dual Licensure) | Bachelor of Arts, Special Education, Mild to Moderate"
D002,RETIRED,"Professional, Ethical, and Legal Practices for Special Education",3,2018-10,2024-09,72,71,2,School of Education | Teachers College,1,"Professional, Ethical, and Legal Practices for","Bachelor of Arts, Special Education Mild to Moderate","Bachelor of Arts, Educational Studies in Mild to Moderate Exceptionalities Special Education | Bachelor of Arts, Educational Studies in Special and Elementary Education | Bachelor of Arts, Special Education and Elementary Education (Dual Licensure) | Bachelor of Arts, Special Education, Mild to Moderate"
D003,RETIRED,Assessment in Special Education,3,2018-10,2024-09,72,71,2,School of Education | Teachers College,0,,"Bachelor of Arts, Special Education Mild to Moderate","Bachelor of Arts, Educational Studies in Mild to Moderate Exceptionalities Special Education | Bachelor of Arts, Educational Studies in Special and Elementary Education | Bachelor of Arts, Special Education and Elementary Education (Dual Licensure) | Bachelor of Arts, Special Education, Mild to Moderate"
D004,RETIRED,Collaborating with Partners for Student Success,3,2018-10,2024-09,72,71,2,School of Education | Teachers College,1,Collaborating with Partners for Student,"Bachelor of Arts, Special Education Mild to Moderate","Bachelor of Arts, Educational Studies in Mild to Moderate Exceptionalities Special Education | Bachelor of Arts, Educational Studies in Special and Elementary Education | Bachelor of Arts, Special Education and Elementary Education (Dual Licensure) | Bachelor of Arts, Special Education, Mild to Moderate"
D005,RETIRED,Considerations for Instructional Planning for Learners with Mild,3,2018-10,2024-09,72,71,2,School of Education | Teachers College,1,Considerations for Instructional Planning for,"Bachelor of Arts, Special Education Mild to Moderate","Bachelor of Arts, Educational Studies in Mild to Moderate Exceptionalities Special Education | Bachelor of Arts, Educational Studies in Special and Elementary Education | Bachelor of Arts, Special Education and Elementary Education (Dual Licensure) | Bachelor of Arts, Special Education, Mild to Moderate"
D006,RETIRED,Instructional Strategies and Technologies for Elementary,2,2018-10,2024-09,72,71,2,School of Education | Teachers College,1,Instructional Strategies and Technologies for,"Bachelor of Arts, Special Education Mild to Moderate","Bachelor of Arts, Educational Studies in Mild to Moderate Exceptionalities Special Education | Bachelor of Arts, Educational Studies in Special and Elementary Education | Bachelor of Arts, Special Education and Elementary Education (Dual Licensure) | Bachelor of Arts, Special Education, Mild to Moderate"
D007,RETIRED,Instructional Strategies and Technologies for Secondary,2,2018-10,2024-09,72,71,2,School of Education | Teachers College,1,Instructional Strategies and Technologies for,"Bachelor of Arts, Special Education Mild to Moderate","Bachelor of Arts, Educational Studies in Mild to Moderate Exceptionalities Special Education | Bachelor of Arts, Educational Studies in Special and Elementary Education | Bachelor of Arts, Special Education and Elementary Education (Dual Licensure) | Bachelor of Arts, Special Education, Mild to Moderate"
D008,RETIRED,Teacher Performance Assessment in Special Education,2,2018-10,2020-06,21,20,1,Teachers College,0,,"Bachelor of Arts, Special Education Mild to Moderate","Bachelor of Arts, Special Education, Mild to Moderate"
D009,RETIRED,Preclinical Experiences in Special Education,3,2018-10,2024-09,72,71,2,School of Education | Teachers College,0,,"Bachelor of Arts, Special Education Mild to Moderate","Bachelor of Arts, Special Education, Mild to Moderate"
D010,RETIRED,Disciplinary Literacy,3,2018-10,2024-09,72,71,2,School of Education | Teachers College,0,,"Bachelor of Arts, Special Education Mild to Moderate","Bachelor of Arts, Educational Studies in Mild to Moderate Exceptionalities Special Education | Bachelor of Arts, Special Education, Mild to Moderate"
D011,RETIRED,Instructional Planning and Presentation in Special Education,3,2018-10,2020-06,21,20,1,Teachers College,0,,"Bachelor of Arts, Special Education Mild to Moderate","Bachelor of Arts, Special Education, Mild to Moderate"
D012,RETIRED,"Supervised Demonstration Teaching in Special Education, Obs",3,2018-10,2023-11,62,61,2,School of Education | Teachers College,0,,"Bachelor of Arts, Special Education Mild to Moderate","Bachelor of Arts, Special Education, Mild to Moderate"
D013,RETIRED,"Supervised Demonstration Teaching in Special Education, Obs",3,2018-10,2023-11,62,61,2,School of Education | Teachers College,0,,"Bachelor of Arts, Special Education Mild to Moderate","Bachelor of Arts, Special Education, Mild to Moderate"
D014,RETIRED,"Supervised Demonstration Teaching in Special Education, Obs",3,2018-10,2023-11,62,61,2,School of Education | Teachers College,0,,"Bachelor of Arts, Special Education Mild to Moderate","Bachelor of Arts, Special Education, Mild to Moderate"
D015,RETIRED,"Supervised Demonstration Teaching in Special Education, Obs",3,2018-10,2023-11,62,61,2,School of Education | Teachers College,0,,"Bachelor of Arts, Special Education Mild to Moderate","Bachelor of Arts, Special Education, Mild to Moderate"
D016,RETIRED,Leadership Foundations and Ethics,3,2019-04,2026-06,87,86,2,School of Education | Teachers College,0,,"Master of Science, Educational Leadership","Master of Science, Educational Leadership"
D017,RETIRED,School Law,3,2019-04,2026-06,87,86,2,School of Education | Teachers College,0,,"Master of Science, Educational Leadership","Master of Science, Educational Leadership"
D018,RETIRED,Leading Inclusive Schools,3,2019-04,2026-06,87,86,2,School of Education | Teachers College,0,,"Master of Science, Educational Leadership","Master of Science, Educational Leadership"
D019,RETIRED,Data Literacy and Evidence-Based Practices,3,2019-04,2026-06,87,86,2,School of Education | Teachers College,0,,"Master of Science, Educational Leadership","Master of Science, Educational Leadership"
D020,RETIRED,Cultural Competency and Social-Emotional Learning,3,2019-04,2024-02,59,58,2,School of Education | Teachers College,0,,"Master of Science, Educational Leadership","Master of Science, Educational Leadership"
D021,RETIRED,Leadership of Curriculum Design and Instruction,3,2019-04,2024-02,59,58,2,School of Education | Teachers College,0,,"Master of Science, Educational Leadership","Master of Science, Educational Leadership"
D022,RETIRED,People and Talent in Educational Leadership,3,2019-04,2026-06,87,86,2,School of Education | Teachers College,0,,"Master of Science, Educational Leadership","Master of Science, Educational Leadership"
D023,RETIRED,School Financial Leadership,3,2019-04,2026-06,87,86,2,School of Education | Teachers College,0,,"Master of Science, Educational Leadership","Master of Science, Educational Leadership"
D024,RETIRED,Professional Presence and Influence,2,2020-03,2026-06,76,75,2,College of Health Professions | Leavitt School of Health,0,,"Master of Science, Nursing - Education (BSN to MSN) | Master of Science, Nursing - Education (RN to MSN) | Master of Science, Nursing - Nursing Informatics (BSN to MSN) | Master of Science, Nursing - Nursing Informatics (RN to MSN)","Master of Science, Nursing - Education (BSN to MSN) | Master of Science, Nursing - Education (RN to MSN) | Master of Science, Nursing - Family Nurse Practitioner (BSN to MSN) | Master of Science, Nursing - Leadership and Management (BSN to MSN)"
D025,RETIRED,Essentials of Advanced Nursing Roles and Interprofessional,2,2020-03,2026-06,76,75,2,College of Health Professions | Leavitt School of Health,1,Essentials of Advanced Nursing Roles and,"Master of Science, Nursing - Education (BSN to MSN) | Master of Science, Nursing - Education (RN to MSN) | Master of Science, Nursing - Nursing Informatics (BSN to MSN) | Master of Science, Nursing - Nursing Informatics (RN to MSN)","Master of Science, Nursing - Education (BSN to MSN) | Master of Science, Nursing - Education (RN to MSN) | Master of Science, Nursing - Family Nurse Practitioner (BSN to MSN) | Master of Science, Nursing - Leadership and Management (BSN to MSN)"
D026,RETIRED,Quality Outcomes in a Culture of Value-Based Nursing Care,2,2020-03,2026-06,76,75,2,College of Health Professions | Leavitt School of Health,1,Quality Outcomes in a Culture of Value-Based,"Master of Science, Nursing - Education (BSN to MSN) | Master of Science, Nursing - Education (RN to MSN) | Master of Science, Nursing - Nursing Informatics (BSN to MSN) | Master of Science, Nursing - Nursing Informatics (RN to MSN)","Master of Science, Nursing - Education (BSN to MSN) | Master of Science, Nursing - Education (RN to MSN) | Master of Science, Nursing - Family Nurse Practitioner (BSN to MSN) | Master of Science, Nursing - Leadership and Management (BSN to MSN)"
D027,RETIRED,Advanced Pathopharmacological Foundations,3,2020-03,2026-06,76,75,2,College of Health Professions | Leavitt School of Health,0,,"Master of Science, Nursing - Education (BSN to MSN) | Master of Science, Nursing - Education (RN to MSN) | Master of Science, Nursing - Nursing Informatics (BSN to MSN) | Master of Science, Nursing - Nursing Informatics (RN to MSN)","Master of Science, Nursing - Education (BSN to MSN) | Master of Science, Nursing - Education (RN to MSN) | Master of Science, Nursing - Leadership and Management (BSN to MSN) | Master of Science, Nursing - Leadership and Management (RN to MSN)"
D028,RETIRED,Advanced Health Assessment for Patients and Populations,3,2020-03,2026-06,76,75,2,College of Health Professions | Leavitt School of Health,1,Advanced Health Assessment for Patients and,"Master of Science, Nursing - Education (BSN to MSN) | Master of Science, Nursing - Education (RN to MSN) | Master of Science, Nursing - Nursing Informatics (BSN to MSN) | Master of Science, Nursing - Nursing Informatics (RN to MSN)","Master of Science, Nursing - Education (BSN to MSN) | Master of Science, Nursing - Education (RN to MSN) | Master of Science, Nursing - Leadership and Management (BSN to MSN) | Master of Science, Nursing - Leadership and Management (RN to MSN)"
D029,RETIRED,Informatics for Transforming Nursing Care,3,2020-03,2026-06,76,75,2,College of Health Professions | Leavitt School of Health,0,,"Master of Science, Nursing - Education (BSN to MSN) | Master of Science, Nursing - Education (RN to MSN) | Master of Science, Nursing - Nursing Informatics (BSN to MSN) | Master of Science, Nursing - Nursing Informatics (RN to MSN)","Master of Science, Nursing - Education (BSN to MSN) | Master of Science, Nursing - Education (RN to MSN) | Master of Science, Nursing - Family Nurse Practitioner (BSN to MSN) | Master of Science, Nursing - Leadership and Management (BSN to MSN)"
D030,RETIRED,Leadership and Management in Complex Healthcare Systems,3,2020-03,2026-06,76,75,2,College of Health Professions | Leavitt School of Health,1,Leadership and Management in Complex,"Master of Science, Nursing - Education (BSN to MSN) | Master of Science, Nursing - Education (RN to MSN) | Master of Science, Nursing - Nursing Informatics (BSN to MSN) | Master of Science, Nursing - Nursing Informatics (RN to MSN)","Master of Science, Nursing - Education (BSN to MSN) | Master of Science, Nursing - Education (RN to MSN) | Master of Science, Nursing - Family Nurse Practitioner (BSN to MSN) | Master of Science, Nursing - Leadership and Management (BSN to MSN)"
D031,RETIRED,Advancing Evidence-Based Innovation in Nursing Practice,3,2020-03,2026-06,76,75,2,College of Health Professions | Leavitt School of Health,1,Advancing Evidence-Based Innovation in,"Master of Science, Nursing - Education (BSN to MSN) | Master of Science, Nursing - Education (RN to MSN) | Master of Science, Nursing - Nursing Informatics (BSN to MSN) | Master of Science, Nursing - Nursing Informatics (RN to MSN)","Master of Science, Nursing - Education (BSN to MSN) | Master of Science, Nursing - Education (RN to MSN) | Master of Science, Nursing - Family Nurse Practitioner (BSN to MSN) | Master of Science, Nursing - Leadership and Management (BSN to MSN)"
D033,RETIRED,Healthcare Information Systems Management,3,2019-02,2026-06,89,88,2,College of Health Professions | Leavitt School of Health,0,,"Bachelor of Science, Health Information Management","Bachelor of Science, Health Information Management"
D034,RETIRED,Systems Management and School Operations,3,2019-04,2026-06,87,86,2,School of Education | Teachers College,0,,"Master of Science, Educational Leadership","Master of Science, Educational Leadership"
D035,RETIRED,Educational Inquiry,3,2019-04,2026-06,87,86,2,School of Education | Teachers College,0,,"Master of Science, Educational Leadership","Master of Science, Educational Leadership"
D036,RETIRED,Practicum in Educational Leadership - Focus on Professional,3,2019-04,2026-06,87,86,2,School of Education | Teachers College,1,Practicum in Educational Leadership - Focus,"Master of Science, Educational Leadership","Master of Science, Educational Leadership"
D037,RETIRED,Practicum in Educational Leadership - Focus on Instruction and,3,2019-04,2026-06,87,86,2,School of Education | Teachers College,1,Practicum in Educational Leadership - Focus,"Master of Science, Educational Leadership","Master of Science, Educational Leadership"
D038,RETIRED,Educational Leadership Capstone,3,2019-04,2026-06,87,86,2,School of Education | Teachers College,0,,"Master of Science, Educational Leadership","Master of Science, Educational Leadership"
D046,RETIRED,Introduction to Care Coordination,3,2019-09,2022-11,39,38,1,College of Health Professions,0,,"Bachelor of Science, Health Services Coordination","Bachelor of Science, Health Services Coordination"
D047,RETIRED,Roles and Responsibilities in an Interdisciplinary Team,3,2019-09,2022-11,39,38,1,College of Health Professions,0,,"Bachelor of Science, Health Services Coordination","Bachelor of Science, Health Services Coordination"
D048,RETIRED,Communication and Organizational Awareness,3,2019-09,2022-11,39,38,1,College of Health Professions,0,,"Bachelor of Science, Health Services Coordination","Bachelor of Science, Health Services Coordination"
D049,RETIRED,Critical Thinking and Strategic Decision-Making,3,2019-09,2022-11,39,38,1,College of Health Professions,0,,"Bachelor of Science, Health Services Coordination","Bachelor of Science, Health Services Coordination"
D050,RETIRED,History of Healthcare in America,3,2019-09,2022-11,39,38,1,College of Health Professions,0,,"Bachelor of Science, Health Services Coordination","Bachelor of Science, Health Services Coordination"
D051,RETIRED,Care for Individuals and Families,3,2019-09,2022-11,39,38,1,College of Health Professions,0,,"Bachelor of Science, Health Services Coordination","Bachelor of Science, Health Services Coordination"
D052,RETIRED,Navigating Care Across the Continuum,3,2019-09,2022-11,39,38,1,College of Health Professions,0,,"Bachelor of Science, Health Services Coordination","Bachelor of Science, Health Services Coordination"
D053,RETIRED,Contemporary Topics and the Influence on Healthcare Today,3,2019-09,2022-11,39,38,1,College of Health Professions,0,,"Bachelor of Science, Health Services Coordination","Bachelor of Science, Health Services Coordination"
D054,RETIRED,Cultural Awareness for the Healthcare Professional,3,2019-09,2022-11,39,38,1,College of Health Professions,0,,"Bachelor of Science, Health Services Coordination","Bachelor of Science, Health Services Coordination"
D055,RETIRED,Evidenced-Based Practice for Care Coordination,3,2019-09,2022-11,39,38,1,College of Health Professions,0,,"Bachelor of Science, Health Services Coordination","Bachelor of Science, Health Services Coordination"
D056,RETIRED,Care at the End of Life,3,2019-09,2022-11,39,38,1,College of Health Professions,0,,"Bachelor of Science, Health Services Coordination","Bachelor of Science, Health Services Coordination"
D057,RETIRED,Health Equity and Social Determinants of Health,3,2019-09,2022-11,39,38,1,College of Health Professions,0,,"Bachelor of Science, Health Services Coordination","Bachelor of Science, Health Services Coordination"
D058,RETIRED,Health Literacy for the Client and Family,3,2019-09,2022-11,39,38,1,College of Health Professions,0,,"Bachelor of Science, Health Services Coordination","Bachelor of Science, Health Services Coordination"
D059,RETIRED,Healthcare Values and Ethics,3,2019-09,2022-11,39,38,1,College of Health Professions,0,,"Bachelor of Science, Health Services Coordination","Bachelor of Science, Health Services Coordination"
D060,RETIRED,Community Relations and Leadership,3,2019-09,2022-11,39,38,1,College of Health Professions,0,,"Bachelor of Science, Health Services Coordination","Bachelor of Science, Health Services Coordination"
D061,RETIRED,"Care Coordination for the Patient (Chronic, Palliative,",4,2019-09,2022-11,39,38,1,College of Health Professions,0,,"Bachelor of Science, Health Services Coordination","Bachelor of Science, Health Services Coordination"
D062,RETIRED,Health Services Coordination Field Experience,3,2019-09,2022-11,39,38,1,College of Health Professions,0,,"Bachelor of Science, Health Services Coordination","Bachelor of Science, Health Services Coordination"
D063,RETIRED,Models of Care and Healthcare Trends,3,2019-09,2022-11,39,38,1,College of Health Professions,0,,"Bachelor of Science, Health Services Coordination","Bachelor of Science, Health Services Coordination"
D064,RETIRED,Health Services Coordination Capstone,3,2019-09,2022-11,39,38,1,College of Health Professions,0,,"Bachelor of Science, Health Services Coordination","Bachelor of Science, Health Services Coordination"
D065,RETIRED,Healthcare Ecosystems,3,2019-09,2022-11,39,38,1,College of Health Professions,0,,"Bachelor of Science, Health Services Coordination","Bachelor of Science, Health Services Coordination"
D066,RETIRED,Health and Wellness through Nutritional Science,3,2019-09,2022-11,39,38,1,College of Health Professions,0,,"Bachelor of Science, Health Services Coordination","Bachelor of Science, Health Services Coordination"
D067,RETIRED,Care of the Older Adult,3,2019-09,2022-11,39,38,1,College of Health Professions,0,,"Bachelor of Science, Health Services Coordination","Bachelor of Science, Health Services Coordination"
D068,RETIRED,Introduction to Pharmacology,3,2019-09,2022-11,39,38,1,College of Health Professions,0,,"Bachelor of Science, Health Services Coordination","Bachelor of Science, Health Services Coordination"
D069,RETIRED,Pathophysiology,3,2019-09,2022-11,39,38,1,College of Health Professions,0,,"Bachelor of Science, Health Services Coordination","Bachelor of Science, Health Services Coordination"
D070,RETIRED,Technology Applications in Healthcare,3,2019-09,2022-11,39,38,1,College of Health Professions,0,,"Bachelor of Science, Health Services Coordination","Bachelor of Science, Health Services Coordination"
D071,RETIRED,Financial Resource Management and Healthcare,4,2019-09,2022-11,39,38,1,College of Health Professions,0,,"Bachelor of Science, Health Services Coordination","Bachelor of Science, Health Services Coordination"
D072,RETIRED,Fundamentals for Success in Business,3,2020-02,2026-06,77,76,2,College of Business | School of Business,0,,Bachelor of Science Business Administration Accounting | Bachelor of Science Business Administration Healthcare Management | Bachelor of Science Business Administration Human Resource Management | Bachelor of Science Business Administration Information Technology Management,"Bachelor of Science, Accounting | Bachelor of Science, Healthcare Administration | Bachelor of Science, Human Resource Management | Bachelor of Science, Information Technology Management"
D072A,RETIRED,Fundamentals for Success in Business,3,2024-01,2024-08,8,7,2,College of Business | School of Business,0,,Certificate: Leadership,Certificate: Leadership
D073,RETIRED,"Best Practices in Management: Projects, Staffing, Scheduling,",4,2020-02,2022-01,24,23,1,College of Business,0,,Bachelor of Science Business Administration Accounting | Bachelor of Science Business Administration Healthcare Management | Bachelor of Science Business Administration Human Resource Management | Bachelor of Science Business Administration Information Technology Management,"Bachelor of Science Business Administration, Accounting | Bachelor of Science Business Administration, Healthcare Management | Bachelor of Science Business Administration, Human Resource Management | Bachelor of Science Business Administration, Information Technology Management"
D074,RETIRED,Principles of Accounting,3,2020-02,2020-08,7,6,1,College of Business,0,,Bachelor of Science Business Administration Accounting | Bachelor of Science Business Administration Healthcare Management | Bachelor of Science Business Administration Human Resource Management | Bachelor of Science Business Administration Information Technology Management,"Bachelor of Science Business Administration, Accounting | Bachelor of Science Business Administration, Healthcare Management | Bachelor of Science Business Administration, Human Resource Management | Bachelor of Science Business Administration, Information Technology Management"
D075,RETIRED,Information Technology Management Essentials,3,2020-02,2026-06,77,76,2,College of Business | School of Business,1,Information Technology Management,Bachelor of Science Business Administration Accounting | Bachelor of Science Business Administration Healthcare Management | Bachelor of Science Business Administration Human Resource Management | Bachelor of Science Business Administration Information Technology Management,"Bachelor of Science, Finance | Bachelor of Science, Information Technology Management"
D076,RETIRED,Finance Skills for Managers,3,2020-02,2026-06,77,76,2,College of Business | School of Business,0,,Bachelor of Science Business Administration Accounting | Bachelor of Science Business Administration Healthcare Management | Bachelor of Science Business Administration Human Resource Management | Bachelor of Science Business Administration Information Technology Management,"Bachelor of Science, Accounting | Bachelor of Science, Finance | Bachelor of Science, Information Technology Management"
D077,RETIRED,"Concepts in Marketing, Sales, and Customer Contact",3,2020-02,2026-06,77,76,2,College of Business | School of Business,1,"Concepts in Marketing, Sales, and Customer",Bachelor of Science Business Administration Accounting | Bachelor of Science Business Administration Healthcare Management | Bachelor of Science Business Administration Human Resource Management | Bachelor of Science Business Administration Information Technology Management,"Bachelor of Science, Accounting | Bachelor of Science, Business Management | Bachelor of Science, Communications | Bachelor of Science, Finance"
D078,RETIRED,Business Environment Applications I: Business Structures and,2,2020-02,2026-06,77,76,2,College of Business | School of Business,1,Business Environment Applications I: Business,Bachelor of Science Business Administration Accounting | Bachelor of Science Business Administration Healthcare Management | Bachelor of Science Business Administration Human Resource Management | Bachelor of Science Business Administration Information Technology Management,"Bachelor of Science, Accounting | Bachelor of Science, Business Management | Bachelor of Science, Communications | Bachelor of Science, Finance"
D079,RETIRED,"Business Environment Applications II: Process, Logistics, and",2,2020-02,2026-06,77,76,2,College of Business | School of Business,1,"Business Environment Applications II: Process,",Bachelor of Science Business Administration Accounting | Bachelor of Science Business Administration Healthcare Management | Bachelor of Science Business Administration Human Resource Management | Bachelor of Science Business Administration Information Technology Management,"Bachelor of Science, Accounting | Bachelor of Science, Business Management | Bachelor of Science, Communications | Bachelor of Science, Finance"
D080,RETIRED,Managing in a Global Business Environment,3,2020-02,2026-06,77,76,2,College of Business | School of Business,0,,Bachelor of Science Business Administration Accounting | Bachelor of Science Business Administration Healthcare Management | Bachelor of Science Business Administration Human Resource Management | Bachelor of Science Business Administration Information Technology Management,"Bachelor of Science, Accounting | Bachelor of Science, Business Management | Bachelor of Science, Communications | Bachelor of Science, Finance"
D081,RETIRED,Innovative and Strategic Thinking,3,2020-02,2026-06,77,76,2,College of Business | School of Business,0,,Bachelor of Science Business Administration Accounting | Bachelor of Science Business Administration Healthcare Management | Bachelor of Science Business Administration Human Resource Management | Bachelor of Science Business Administration Information Technology Management,"Bachelor of Science, Accounting | Bachelor of Science, Business Management | Bachelor of Science, Communications | Bachelor of Science, Finance"
D082,RETIRED,Emotional and Cultural Intelligence,3,2020-02,2026-06,77,76,2,College of Business | School of Business,0,,Bachelor of Science Business Administration Accounting | Bachelor of Science Business Administration Healthcare Management | Bachelor of Science Business Administration Human Resource Management | Bachelor of Science Business Administration Information Technology Management,"Bachelor of Science, Accounting | Bachelor of Science, Business Management | Bachelor of Science, Communications | Bachelor of Science, Finance"
D083,RETIRED,Business Core Capstone: An Integrated Application,4,2020-02,2022-01,24,23,1,College of Business,0,,Bachelor of Science Business Administration Accounting | Bachelor of Science Business Administration Healthcare Management | Bachelor of Science Business Administration Human Resource Management | Bachelor of Science Business Administration Information Technology Management,"Bachelor of Science Business Administration, Accounting | Bachelor of Science Business Administration, Healthcare Management | Bachelor of Science Business Administration, Human Resource Management | Bachelor of Science Business Administration, Information Technology Management"
D084,RETIRED,Cloud Platform Solutions,3,2019-08,2022-04,33,32,1,College of Information Technology,0,,"Bachelor of Science, Cloud and Systems Administration","Bachelor of Science, Cloud Computing"
D085,RETIRED,Automation and Scaling Tools,3,2019-08,2022-04,33,32,1,College of Information Technology,0,,"Bachelor of Science, Cloud and Systems Administration","Bachelor of Science, Cloud Computing"
D086,RETIRED,Desktop Virtualization,4,2019-08,2022-04,33,32,1,College of Information Technology,0,,"Bachelor of Science, Cloud and Systems Administration","Bachelor of Science, Cloud Computing"
D087,RETIRED,Data Center Virtualization,4,2019-08,2022-04,33,32,1,College of Information Technology,0,,"Bachelor of Science, Cloud and Systems Administration","Bachelor of Science, Cloud Computing"
D088,RETIRED,Cloud Architecture,3,2019-08,2022-04,33,32,1,College of Information Technology,0,,"Bachelor of Science, Cloud and Systems Administration","Bachelor of Science, Cloud Computing"
D089,RETIRED,Principles of Economics,3,2020-02,2026-06,77,76,2,College of Business | School of Business,0,,Bachelor of Science Business Administration Accounting | Bachelor of Science Business Administration Healthcare Management | Bachelor of Science Business Administration Human Resource Management | Bachelor of Science Business Administration Information Technology Management,"Bachelor of Science, Accounting | Bachelor of Science, Business Management | Bachelor of Science, Communications | Bachelor of Science, Finance"
D090,RETIRED,The School as a Community of Care,3,2020-07,2025-02,56,55,2,School of Education | Teachers College,0,,"Bachelor of Arts, Elementary Education | Bachelor of Arts, Special Education and Elementary Education (Dual Licensure) | Bachelor of Arts, Special Education, Mild to Moderate | Bachelor of Science, Mathematics Education (Middle Grades)","Bachelor of Arts, Educational Studies in Middle Grades Mathematics Education | Bachelor of Arts, Educational Studies in Middle Grades Science Education | Bachelor of Science, Mathematics Education (Middle Grades) | Bachelor of Science, Science Education (Middle Grades)"
D091,RETIRED,"Introduction to Curriculum, Instruction, and Assessment",3,2020-07,2025-02,56,55,2,School of Education | Teachers College,1,"Introduction to Curriculum, Instruction, and","Bachelor of Arts, Elementary Education | Bachelor of Arts, Special Education and Elementary Education (Dual Licensure) | Bachelor of Arts, Special Education, Mild to Moderate | Bachelor of Science, Mathematics Education (Middle Grades)","Bachelor of Arts, Educational Studies in Middle Grades Mathematics Education | Bachelor of Arts, Educational Studies in Middle Grades Science Education | Bachelor of Science, Mathematics Education (Middle Grades) | Bachelor of Science, Science Education (Middle Grades)"
D092,RETIRED,Educational Technology for Teaching and Learning,3,2020-07,2025-02,56,55,2,School of Education | Teachers College,1,Educational Technology for Teaching and,"Bachelor of Arts, Elementary Education | Bachelor of Arts, Special Education and Elementary Education (Dual Licensure) | Bachelor of Arts, Special Education, Mild to Moderate | Bachelor of Science, Mathematics Education (Middle Grades)","Bachelor of Arts, Educational Studies in Middle Grades Mathematics Education | Bachelor of Arts, Educational Studies in Middle Grades Science Education | Bachelor of Science, Mathematics Education (Middle Grades) | Bachelor of Science, Science Education (Middle Grades)"
D093,RETIRED,Assessing Impact on Student Learning,3,2020-07,2025-02,56,55,2,School of Education | Teachers College,0,,"Bachelor of Arts, Elementary Education | Bachelor of Arts, Special Education and Elementary Education (Dual Licensure) | Bachelor of Arts, Special Education, Mild to Moderate | Bachelor of Science, Mathematics Education (Middle Grades)","Bachelor of Arts, Educational Studies in Middle Grades Mathematics Education | Bachelor of Arts, Educational Studies in Middle Grades Science Education | Bachelor of Science, Mathematics Education (Middle Grades) | Bachelor of Science, Science Education (Middle Grades)"
D094,RETIRED,Educational Psychology and Development of Children and,4,2020-07,2025-02,56,55,2,School of Education | Teachers College,1,Educational Psychology and Development of,"Bachelor of Arts, Elementary Education | Bachelor of Arts, Special Education and Elementary Education (Dual Licensure) | Bachelor of Arts, Special Education, Mild to Moderate | Bachelor of Science, Mathematics Education (Middle Grades)","Bachelor of Arts, Educational Studies in Middle Grades Mathematics Education | Bachelor of Arts, Educational Studies in Middle Grades Science Education | Bachelor of Science, Mathematics Education (Middle Grades) | Bachelor of Science, Science Education (Middle Grades)"
D095,RETIRED,Managing Engaging Learning Environments,3,2020-07,2025-02,56,55,2,School of Education | Teachers College,0,,"Bachelor of Arts, Elementary Education | Bachelor of Arts, Special Education and Elementary Education (Dual Licensure) | Bachelor of Arts, Special Education, Mild to Moderate | Bachelor of Science, Mathematics Education (Middle Grades)","Bachelor of Arts, Educational Studies in Middle Grades Mathematics Education | Bachelor of Arts, Educational Studies in Middle Grades Science Education | Bachelor of Science, Mathematics Education (Middle Grades) | Bachelor of Science, Science Education (Middle Grades)"
D096,RETIRED,Fundamentals of Diverse Learners,4,2020-07,2025-02,56,55,2,School of Education | Teachers College,0,,"Bachelor of Arts, Elementary Education | Bachelor of Arts, Special Education and Elementary Education (Dual Licensure) | Bachelor of Arts, Special Education, Mild to Moderate | Bachelor of Science, Mathematics Education (Middle Grades)","Bachelor of Arts, Educational Studies in Middle Grades Mathematics Education | Bachelor of Arts, Educational Studies in Middle Grades Science Education | Bachelor of Science, Mathematics Education (Middle Grades) | Bachelor of Science, Science Education (Middle Grades)"
D097,RETIRED,Educational Foundations,2,2020-07,2025-02,56,55,2,School of Education | Teachers College,0,,"Bachelor of Arts, Elementary Education | Bachelor of Arts, Special Education and Elementary Education (Dual Licensure) | Bachelor of Arts, Special Education, Mild to Moderate | Bachelor of Science, Mathematics Education (Middle Grades)","Bachelor of Arts, Educational Studies in Middle Grades Mathematics Education | Bachelor of Arts, Educational Studies in Middle Grades Science Education | Bachelor of Science, Mathematics Education (Middle Grades) | Bachelor of Science, Science Education (Middle Grades)"
D098,RETIRED,Digital Marketing,3,2020-02,2026-06,77,76,2,College of Business | School of Business,0,,Bachelor of Science Business Administration Management [BSBAMGA] | Bachelor of Science Business Administration Marketing,"Bachelor of Science, Marketing"
D099,RETIRED,Sales Management,3,2020-02,2026-06,77,76,2,College of Business | School of Business,0,,Bachelor of Science Business Administration Management [BSBAMGA] | Bachelor of Science Business Administration Marketing,"Bachelor of Science, Business Management | Bachelor of Science, Marketing"
D100,RETIRED,Introduction to Spreadsheets,1,2020-02,2026-06,77,76,4,College of Business | College of Information Technology | School of Business | School of Technology,0,,Bachelor of Science Business Administration Accounting | Bachelor of Science Business Administration Healthcare Management | Bachelor of Science Business Administration Human Resource Management | Bachelor of Science Business Administration Information Technology Management,"Bachelor of Science, Information Technology Management"
D101,RETIRED,Cost and Managerial Accounting,3,2020-02,2026-06,77,76,2,College of Business | School of Business,0,,Bachelor of Science Business Administration Accounting,"Bachelor of Science, Accounting"
D102,RETIRED,Financial Accounting,3,2020-02,2026-06,77,76,2,College of Business | School of Business,0,,Bachelor of Science Business Administration Accounting,"Bachelor of Science, Accounting"
D103,RETIRED,Intermediate Accounting I,3,2020-02,2026-06,77,76,2,College of Business | School of Business,0,,Bachelor of Science Business Administration Accounting,"Bachelor of Science, Accounting"
D104,RETIRED,Intermediate Accounting II,3,2020-02,2026-06,77,76,2,College of Business | School of Business,0,,Bachelor of Science Business Administration Accounting,"Bachelor of Science, Accounting"
D105,RETIRED,Intermediate Accounting III,3,2020-02,2026-06,77,76,2,College of Business | School of Business,0,,Bachelor of Science Business Administration Accounting,"Bachelor of Science, Accounting"
D114,RETIRED,Implementing and Administering Networking Solutions,6,2020-01,2022-07,31,30,1,College of Information Technology,0,,"Bachelor of Science, Network Operations and Security","Bachelor of Science, Network Operations and Security"
D115,RETIRED,Advanced Pathophysiology for the Advanced Practice Nurse,4,2020-11,2026-06,68,67,2,College of Health Professions | Leavitt School of Health,1,Advanced Pathophysiology for the Advanced,"Master of Science, Nursing - Family Nurse Practitioner (BSN to MSN)","Master of Science, Nursing - Family Nurse Practitioner (BSN to MSN) | Master of Science, Nursing - Psychiatric Mental Health Nurse Practitioner | Post-Master's Certificate, Nursing - Family Nurse Practitioner (Post-MSN) | Post-Master's Certificate, Nursing - Psychiatric Mental Health Nurse Practitioner (Post-MSN)"
D116,RETIRED,Advanced Pharmacology for the Advanced Practice Nurse,4,2020-11,2026-06,68,67,2,College of Health Professions | Leavitt School of Health,1,Advanced Pharmacology for the Advanced,"Master of Science, Nursing - Family Nurse Practitioner (BSN to MSN)","Master of Science, Nursing - Family Nurse Practitioner (BSN to MSN) | Master of Science, Nursing - Psychiatric Mental Health Nurse Practitioner | Post-Master's Certificate, Nursing - Family Nurse Practitioner (Post-MSN) | Post-Master's Certificate, Nursing - Psychiatric Mental Health Nurse Practitioner (Post-MSN)"
D117,RETIRED,Advanced Health Assessment for the Advanced Practice Nurse,4,2020-11,2026-06,68,67,2,College of Health Professions | Leavitt School of Health,1,Advanced Health Assessment for the,"Master of Science, Nursing - Family Nurse Practitioner (BSN to MSN)","Master of Science, Nursing - Family Nurse Practitioner (BSN to MSN) | Master of Science, Nursing - Psychiatric Mental Health Nurse Practitioner | Post-Master's Certificate, Nursing - Family Nurse Practitioner (Post-MSN) | Post-Master's Certificate, Nursing - Psychiatric Mental Health Nurse Practitioner (Post-MSN)"
D118,RETIRED,Adult Primary Care for the Advanced Practice Nurse,3,2020-11,2026-06,68,67,2,College of Health Professions | Leavitt School of Health,1,Adult Primary Care for the Advanced Practice,"Master of Science, Nursing - Family Nurse Practitioner (BSN to MSN)","Master of Science, Nursing - Family Nurse Practitioner (BSN to MSN) | Post-Master's Certificate, Nursing - Family Nurse Practitioner (Post-MSN)"
D119,RETIRED,Pediatric Primary Care for the Advanced Practice Nurse,3,2020-11,2026-06,68,67,2,College of Health Professions | Leavitt School of Health,1,Pediatric Primary Care for the Advanced,"Master of Science, Nursing - Family Nurse Practitioner (BSN to MSN)","Master of Science, Nursing - Family Nurse Practitioner (BSN to MSN) | Post-Master's Certificate, Nursing - Family Nurse Practitioner (Post-MSN)"
D120,RETIRED,Special Populations Primary Care for the Advanced Practice,3,2020-11,2026-06,68,67,2,College of Health Professions | Leavitt School of Health,1,Special Populations Primary Care for the,"Master of Science, Nursing - Family Nurse Practitioner (BSN to MSN)","Master of Science, Nursing - Family Nurse Practitioner (BSN to MSN) | Post-Master's Certificate, Nursing - Family Nurse Practitioner (Post-MSN)"
D121,RETIRED,Health Promotion of Patients and Populations Across the,3,2020-11,2026-06,68,67,2,College of Health Professions | Leavitt School of Health,1,Health Promotion of Patients and Populations,"Master of Science, Nursing - Family Nurse Practitioner (BSN to MSN)","Master of Science, Nursing - Family Nurse Practitioner (BSN to MSN) | Post-Master's Certificate, Nursing - Family Nurse Practitioner (Post-MSN)"
D122,RETIRED,Family Nurse Practitioner Clinical Internship I,3,2020-11,2026-06,68,67,2,College of Health Professions | Leavitt School of Health,0,,"Master of Science, Nursing - Family Nurse Practitioner (BSN to MSN)","Master of Science, Nursing - Family Nurse Practitioner (BSN to MSN) | Post-Master's Certificate, Nursing - Family Nurse Practitioner (Post-MSN)"
D123,RETIRED,Family Nurse Practitioner Clinical Internship II,3,2020-11,2026-06,68,67,2,College of Health Professions | Leavitt School of Health,0,,"Master of Science, Nursing - Family Nurse Practitioner (BSN to MSN)","Master of Science, Nursing - Family Nurse Practitioner (BSN to MSN) | Post-Master's Certificate, Nursing - Family Nurse Practitioner (Post-MSN)"
D124,RETIRED,Family Nurse Practitioner Clinical Internship III,3,2020-11,2026-06,68,67,2,College of Health Professions | Leavitt School of Health,0,,"Master of Science, Nursing - Family Nurse Practitioner (BSN to MSN)","Master of Science, Nursing - Family Nurse Practitioner (BSN to MSN) | Post-Master's Certificate, Nursing - Family Nurse Practitioner (Post-MSN)"
D125,RETIRED,Mathematics for Elementary Educators I,3,2020-07,2024-09,51,50,2,School of Education | Teachers College,0,,"Bachelor of Arts, Elementary Education | Bachelor of Arts, Special Education and Elementary Education (Dual Licensure) | Bachelor of Arts, Special Education, Mild to Moderate","Bachelor of Arts, Educational Studies in Mild to Moderate Exceptionalities Special Education | Bachelor of Arts, Educational Studies in Special and Elementary Education | Bachelor of Arts, Special Education and Elementary Education (Dual Licensure) | Bachelor of Arts, Special Education, Mild to Moderate"
D126,RETIRED,Mathematics for Elementary Educators II,3,2020-07,2024-09,51,50,2,School of Education | Teachers College,0,,"Bachelor of Arts, Elementary Education | Bachelor of Arts, Special Education and Elementary Education (Dual Licensure) | Bachelor of Arts, Special Education, Mild to Moderate","Bachelor of Arts, Educational Studies in Mild to Moderate Exceptionalities Special Education | Bachelor of Arts, Educational Studies in Special and Elementary Education | Bachelor of Arts, Special Education and Elementary Education (Dual Licensure) | Bachelor of Arts, Special Education, Mild to Moderate"
D127,RETIRED,Mathematics for Elementary Educators III,3,2020-07,2024-09,51,50,2,School of Education | Teachers College,0,,"Bachelor of Arts, Elementary Education | Bachelor of Arts, Special Education and Elementary Education (Dual Licensure) | Bachelor of Arts, Special Education, Mild to Moderate","Bachelor of Arts, Educational Studies in Mild to Moderate Exceptionalities Special Education | Bachelor of Arts, Educational Studies in Special and Elementary Education | Bachelor of Arts, Special Education and Elementary Education (Dual Licensure) | Bachelor of Arts, Special Education, Mild to Moderate"
D128,RETIRED,Mathematics for Elementary Educators,2,2020-07,2024-08,50,49,2,School of Education | Teachers College,0,,"Master of Arts in Teaching, Elementary Education","Master of Arts in Teaching, Elementary Education"
D129,RETIRED,Advanced Professional Roles and Values,3,2020-03,2021-12,22,21,1,College of Health Professions,0,,"Master of Science, Nursing - Education (RN to MSN) | Master of Science, Nursing - Nursing Informatics (RN to MSN)","Master of Science, Nursing - Education (RN to MSN) | Master of Science, Nursing - Leadership and Management (RN to MSN) | Master of Science, Nursing - Nursing Informatics"
D130,RETIRED,"Supervised Demonstration Teaching in Elementary Education,",2,2020-07,2023-11,41,40,2,School of Education | Teachers College,0,,"Master of Arts in Teaching, Elementary Education","Master of Arts in Teaching, Elementary Education"
D131,RETIRED,"Supervised Demonstration Teaching in Elementary Education,",2,2020-07,2023-11,41,40,2,School of Education | Teachers College,0,,"Master of Arts in Teaching, Elementary Education","Master of Arts in Teaching, Elementary Education"
D132,RETIRED,"Supervised Demonstration Teaching in Elementary Education,",2,2020-07,2023-11,41,40,2,School of Education | Teachers College,0,,"Master of Arts in Teaching, Elementary Education","Master of Arts in Teaching, Elementary Education"
D133,RETIRED,"Supervised Demonstration Teaching in Elementary Education,",2,2020-07,2023-11,41,40,2,School of Education | Teachers College,0,,"Master of Arts in Teaching, Elementary Education","Master of Arts in Teaching, Elementary Education"
D134,RETIRED,"Supervised Demonstration Teaching in Mathematics,",2,2020-07,2023-11,41,40,2,School of Education | Teachers College,0,,"Master of Arts in Teaching, Mathematics Education (Middle Grades) | Master of Arts in Teaching, Mathematics Education (Secondary)","Master of Arts in Teaching, Mathematics Education (Middle Grades) | Master of Arts in Teaching, Mathematics Education (Secondary)"
D135,RETIRED,"Supervised Demonstration Teaching in Mathematics,",2,2020-07,2023-11,41,40,2,School of Education | Teachers College,0,,"Master of Arts in Teaching, Mathematics Education (Middle Grades) | Master of Arts in Teaching, Mathematics Education (Secondary)","Master of Arts in Teaching, Mathematics Education (Middle Grades) | Master of Arts in Teaching, Mathematics Education (Secondary)"
D136,RETIRED,"Supervised Demonstration Teaching in Mathematics,",2,2020-07,2023-11,41,40,2,School of Education | Teachers College,0,,"Master of Arts in Teaching, Mathematics Education (Middle Grades) | Master of Arts in Teaching, Mathematics Education (Secondary)","Master of Arts in Teaching, Mathematics Education (Middle Grades) | Master of Arts in Teaching, Mathematics Education (Secondary)"
D137,RETIRED,"Supervised Demonstration Teaching in Mathematics,",2,2020-07,2023-11,41,40,2,School of Education | Teachers College,0,,"Master of Arts in Teaching, Mathematics Education (Middle Grades) | Master of Arts in Teaching, Mathematics Education (Secondary)","Master of Arts in Teaching, Mathematics Education (Middle Grades) | Master of Arts in Teaching, Mathematics Education (Secondary)"
D138,RETIRED,"Supervised Demonstration Teaching in Science, Observations",2,2020-07,2023-11,41,40,2,School of Education | Teachers College,0,,"Master of Arts in Teaching, Science Education (Secondary)","Master of Arts in Teaching, Science Education (Secondary)"
D139,RETIRED,"Supervised Demonstration Teaching in Science, Observation 3",2,2020-07,2023-11,41,40,2,School of Education | Teachers College,0,,"Master of Arts in Teaching, Science Education (Secondary)","Master of Arts in Teaching, Science Education (Secondary)"
D140,RETIRED,"Supervised Demonstration Teaching in Science, Observations",2,2020-07,2023-11,41,40,2,School of Education | Teachers College,0,,"Master of Arts in Teaching, Science Education (Secondary)","Master of Arts in Teaching, Science Education (Secondary)"
D141,RETIRED,"Supervised Demonstration Teaching in Science, Observation 6",2,2020-07,2023-11,41,40,2,School of Education | Teachers College,0,,"Master of Arts in Teaching, Science Education (Secondary)","Master of Arts in Teaching, Science Education (Secondary)"
D142,RETIRED,"Supervised Demonstration Teaching in English, Observations 1",2,2020-07,2023-11,41,40,2,School of Education | Teachers College,0,,"Master of Arts in Teaching, English Education (Secondary)","Master of Arts in Teaching, English Education (Secondary)"
D143,RETIRED,"Supervised Demonstration Teaching in English, Observation 3",2,2020-07,2023-11,41,40,2,School of Education | Teachers College,0,,"Master of Arts in Teaching, English Education (Secondary)","Master of Arts in Teaching, English Education (Secondary)"
D144,RETIRED,"Supervised Demonstration Teaching in English, Observations 4",2,2020-07,2023-11,41,40,2,School of Education | Teachers College,0,,"Master of Arts in Teaching, English Education (Secondary)","Master of Arts in Teaching, English Education (Secondary)"
D145,RETIRED,"Supervised Demonstration Teaching in English, Observation 6",2,2020-07,2023-11,41,40,2,School of Education | Teachers College,0,,"Master of Arts in Teaching, English Education (Secondary)","Master of Arts in Teaching, English Education (Secondary)"
D146,RETIRED,Teacher Performance Assessment in Elementary Education,3,2020-07,2024-08,50,49,2,School of Education | Teachers College,1,Teacher Performance Assessment in,"Bachelor of Arts, Elementary Education","Bachelor of Arts, Elementary Education"
D147,RETIRED,Teacher Performance Assessment in Elementary and Special,3,2020-07,2024-09,51,50,2,School of Education | Teachers College,1,Teacher Performance Assessment in,"Bachelor of Arts, Special Education and Elementary Education (Dual Licensure)","Bachelor of Arts, Special Education and Elementary Education (Dual Licensure)"
D148,RETIRED,Teacher Performance Assessment in Mathematics Education,3,2020-07,2025-02,56,55,2,School of Education | Teachers College,1,Teacher Performance Assessment in,"Bachelor of Science, Mathematics Education (Middle Grades) | Bachelor of Science, Mathematics Education (Secondary)","Bachelor of Science, Mathematics Education (Middle Grades)"
D149,RETIRED,Teacher Performance Assessment in Special Education,3,2020-07,2024-09,51,50,2,School of Education | Teachers College,1,Teacher Performance Assessment in Special,"Bachelor of Arts, Special Education, Mild to Moderate","Bachelor of Arts, Special Education, Mild to Moderate"
D150,RETIRED,Teacher Performance Assessment in Science,3,2020-07,2025-02,56,55,2,School of Education | Teachers College,0,,"Bachelor of Science, Science Education (Middle Grades) | Bachelor of Science, Science Education (Secondary Biological Science) | Bachelor of Science, Science Education (Secondary Chemistry) | Bachelor of Science, Science Education (Secondary Earth Science)","Bachelor of Science, Science Education (Middle Grades)"
D151,RETIRED,Professional Portfolio,2,2020-07,2025-02,56,55,2,School of Education | Teachers College,0,,"Bachelor of Arts, Elementary Education | Bachelor of Arts, Special Education and Elementary Education (Dual Licensure) | Bachelor of Arts, Special Education, Mild to Moderate | Bachelor of Science, Mathematics Education (Middle Grades)","Bachelor of Science, Mathematics Education (Middle Grades) | Bachelor of Science, Science Education (Middle Grades)"
D152,RETIRED,Inclusive Classroom,3,2020-07,2024-08,50,49,2,School of Education | Teachers College,0,,"Bachelor of Arts, Elementary Education","Bachelor of Arts, Educational Studies in Elementary Education | Bachelor of Arts, Elementary Education"
D153,RETIRED,Penetration Testing and Vulnerability Analysis,4,2020-10,2023-01,28,27,1,College of Information Technology,0,,"Bachelor of Science, Cybersecurity and Information Assurance","Bachelor of Science, Cybersecurity and Information Assurance"
D155,RETIRED,Leading with Personal Mastery,2,2020-07,2026-06,71,71,2,College of Health Professions | Leavitt School of Health,0,,"Master of Science, Nursing - Leadership and Management (BSN to MSN) | Master of Science, Nursing - Leadership and Management (RN to MSN)","Master of Science, Nursing - Leadership and Management (BSN to MSN) | Master of Science, Nursing - Leadership and Management (RN to MSN) | Post-Master's Certificate, Nursing - Leadership and Management (Post-MSN)"
D156,RETIRED,Business Case Analysis for Healthcare Improvement,2,2020-07,2026-06,71,71,2,College of Health Professions | Leavitt School of Health,1,Business Case Analysis for Healthcare,"Master of Science, Nursing - Leadership and Management (BSN to MSN) | Master of Science, Nursing - Leadership and Management (RN to MSN)","Master of Science, Nursing - Leadership and Management (BSN to MSN) | Master of Science, Nursing - Leadership and Management (RN to MSN) | Post-Master's Certificate, Nursing - Leadership and Management (Post-MSN)"
D157,RETIRED,Managing Resources in an Era of Disruption,2,2020-07,2026-06,71,71,2,College of Health Professions | Leavitt School of Health,0,,"Master of Science, Nursing - Leadership and Management (BSN to MSN) | Master of Science, Nursing - Leadership and Management (RN to MSN)","Master of Science, Nursing - Leadership and Management (BSN to MSN) | Master of Science, Nursing - Leadership and Management (RN to MSN) | Post-Master's Certificate, Nursing - Leadership and Management (Post-MSN)"
D158,RETIRED,Strategically Planning the Execution of a Healthcare,2,2020-07,2026-06,71,71,2,College of Health Professions | Leavitt School of Health,1,Strategically Planning the Execution of a,"Master of Science, Nursing - Leadership and Management (BSN to MSN) | Master of Science, Nursing - Leadership and Management (RN to MSN)","Master of Science, Nursing - Leadership and Management (BSN to MSN) | Master of Science, Nursing - Leadership and Management (RN to MSN) | Post-Master's Certificate, Nursing - Leadership and Management (Post-MSN)"
D159,RETIRED,Evidence-Based Measures for Evaluating Healthcare,2,2020-07,2026-06,71,71,2,College of Health Professions | Leavitt School of Health,1,Evidence-Based Measures for Evaluating,"Master of Science, Nursing - Leadership and Management (BSN to MSN) | Master of Science, Nursing - Leadership and Management (RN to MSN)","Master of Science, Nursing - Leadership and Management (BSN to MSN) | Master of Science, Nursing - Leadership and Management (RN to MSN) | Post-Master's Certificate, Nursing - Leadership and Management (Post-MSN)"
D160,RETIRED,Nursing Leadership and Management Field Experience,3,2020-07,2026-06,71,71,2,College of Health Professions | Leavitt School of Health,1,Nursing Leadership and Management Field,"Master of Science, Nursing - Leadership and Management (BSN to MSN) | Master of Science, Nursing - Leadership and Management (RN to MSN)","Master of Science, Nursing - Leadership and Management (BSN to MSN) | Master of Science, Nursing - Leadership and Management (RN to MSN) | Post-Master's Certificate, Nursing - Leadership and Management (Post-MSN)"
D161,RETIRED,Nursing Leadership and Management Capstone,2,2020-07,2026-06,71,71,2,College of Health Professions | Leavitt School of Health,1,Nursing Leadership and Management,"Master of Science, Nursing - Leadership and Management (BSN to MSN) | Master of Science, Nursing - Leadership and Management (RN to MSN)","Master of Science, Nursing - Leadership and Management (BSN to MSN) | Master of Science, Nursing - Leadership and Management (RN to MSN) | Post-Master's Certificate, Nursing - Leadership and Management (Post-MSN)"
D162,RETIRED,Secondary Disciplinary Literacy,2,2020-07,2025-02,56,55,2,School of Education | Teachers College,0,,"Master of Arts in Teaching, English Education (Secondary) | Master of Arts in Teaching, Mathematics Education (Middle Grades) | Master of Arts in Teaching, Mathematics Education (Secondary) | Master of Arts in Teaching, Science Education (Secondary)","Master of Arts in Teaching, Mathematics Education (Middle Grades)"
D163,RETIRED,Secondary Reading Instruction and Interventions,2,2020-07,2025-02,56,55,2,School of Education | Teachers College,1,Secondary Reading Instruction and,"Master of Arts in Teaching, English Education (Secondary) | Master of Arts in Teaching, Mathematics Education (Middle Grades) | Master of Arts in Teaching, Mathematics Education (Secondary) | Master of Arts in Teaching, Science Education (Secondary)","Master of Arts in Teaching, Mathematics Education (Middle Grades)"
D164,RETIRED,Elementary Disciplinary Literacy,2,2020-07,2024-08,50,49,2,School of Education | Teachers College,0,,"Master of Arts in Teaching, Elementary Education","Master of Arts in Teaching, Elementary Education"
D165,RETIRED,Children’s Literature,2,2020-07,2024-08,50,49,2,School of Education | Teachers College,1,Children's Literature,"Master of Arts in Teaching, Elementary Education","Master of Arts in Teaching, Elementary Education"
D166,RETIRED,Foundations of Education,2,2020-07,2025-02,56,55,2,School of Education | Teachers College,0,,"Master of Arts in Teaching, Elementary Education | Master of Arts in Teaching, English Education (Secondary) | Master of Arts in Teaching, Mathematics Education (Middle Grades) | Master of Arts in Teaching, Mathematics Education (Secondary)","Master of Arts in Teaching, Mathematics Education (Middle Grades)"
D167,RETIRED,Educational Psychology and Human Development of Children,3,2020-07,2021-08,13,13,1,Teachers College,0,,"Master of Arts in Teaching, Elementary Education | Master of Arts in Teaching, English Education (Secondary) | Master of Arts in Teaching, Mathematics Education (Middle Grades) | Master of Arts in Teaching, Mathematics Education (Secondary)","Master of Arts in Teaching, Elementary Education | Master of Arts in Teaching, English Education (Secondary) | Master of Arts in Teaching, Mathematics Education (Middle Grades) | Master of Arts in Teaching, Mathematics Education (Secondary)"
D168,RETIRED,Schools as Communities of Care,2,2020-07,2025-02,56,55,2,School of Education | Teachers College,0,,"Master of Arts in Teaching, Elementary Education | Master of Arts in Teaching, English Education (Secondary) | Master of Arts in Teaching, Mathematics Education (Middle Grades) | Master of Arts in Teaching, Mathematics Education (Secondary)","Master of Arts in Teaching, Mathematics Education (Middle Grades)"
D169,RETIRED,Essential Practices for Supporting Diverse Learners,3,2020-07,2025-02,56,55,2,School of Education | Teachers College,1,Essential Practices for Supporting Diverse,"Master of Arts in Teaching, Elementary Education | Master of Arts in Teaching, English Education (Secondary) | Master of Arts in Teaching, Mathematics Education (Middle Grades) | Master of Arts in Teaching, Mathematics Education (Secondary)","Master of Arts in Teaching, Mathematics Education (Middle Grades)"
D170,RETIRED,Creating and Managing Engaging Learning Environments,2,2020-07,2025-02,56,55,2,School of Education | Teachers College,1,Creating and Managing Engaging Learning,"Master of Arts in Teaching, Elementary Education | Master of Arts in Teaching, English Education (Secondary) | Master of Arts in Teaching, Mathematics Education (Middle Grades) | Master of Arts in Teaching, Mathematics Education (Secondary)","Master of Arts in Teaching, Mathematics Education (Middle Grades)"
D171,RETIRED,"Curriculum, Instruction, and Assessment",2,2020-07,2025-02,56,55,2,School of Education | Teachers College,0,,"Master of Arts in Teaching, Elementary Education | Master of Arts in Teaching, English Education (Secondary) | Master of Arts in Teaching, Mathematics Education (Middle Grades) | Master of Arts in Teaching, Mathematics Education (Secondary)","Master of Arts in Teaching, Mathematics Education (Middle Grades)"
D172,RETIRED,Assessing Student Learning,2,2020-07,2025-02,56,55,2,School of Education | Teachers College,0,,"Master of Arts in Teaching, Elementary Education | Master of Arts in Teaching, English Education (Secondary) | Master of Arts in Teaching, Mathematics Education (Middle Grades) | Master of Arts in Teaching, Mathematics Education (Secondary)","Master of Arts in Teaching, Mathematics Education (Middle Grades)"
D173,RETIRED,Using Educational Technology for Teaching and Learning,2,2020-07,2025-02,56,55,2,School of Education | Teachers College,1,Using Educational Technology for Teaching,"Master of Arts in Teaching, Elementary Education | Master of Arts in Teaching, English Education (Secondary) | Master of Arts in Teaching, Mathematics Education (Middle Grades) | Master of Arts in Teaching, Mathematics Education (Secondary)","Master of Arts in Teaching, Mathematics Education (Middle Grades)"
D174,RETIRED,Marketing Management,3,2020-10,2026-06,69,68,2,College of Business | School of Business,0,,"Bachelor of Science Business Administration, Marketing","Bachelor of Science, Marketing"
D175,RETIRED,Consumer Behavior,3,2020-10,2026-06,69,68,2,College of Business | School of Business,0,,"Bachelor of Science Business Administration, Marketing","Bachelor of Science, Business Management | Bachelor of Science, Marketing"
D176,RETIRED,Content Marketing,3,2020-10,2026-06,69,68,2,College of Business | School of Business,0,,"Bachelor of Science Business Administration, Marketing","Bachelor of Science, Marketing"
D177,RETIRED,Brand Management,3,2020-10,2026-06,69,68,2,College of Business | School of Business,0,,"Bachelor of Science Business Administration, Marketing","Bachelor of Science, Marketing"
D178,RETIRED,Marketing Strategy and Analytics,3,2020-10,2026-06,69,68,2,College of Business | School of Business,0,,"Bachelor of Science Business Administration, Marketing","Bachelor of Science, Marketing"
D179,RETIRED,Data-Informed Practices,3,2020-10,2026-06,69,68,2,School of Education | Teachers College,0,,"Master of Science, Curriculum and Instruction","Master of Science, Curriculum and Instruction"
D180,RETIRED,Educational Research,3,2020-10,2026-06,69,68,2,School of Education | Teachers College,0,,"Master of Science, Curriculum and Instruction","Master of Science, Curriculum and Instruction"
D181,RETIRED,MSCIN Capstone,5,2020-10,2026-06,69,68,2,School of Education | Teachers College,0,,"Master of Science, Curriculum and Instruction","Master of Science, Curriculum and Instruction"
D182,RETIRED,The Reflective Practitioner,3,2020-10,2024-02,41,40,2,School of Education | Teachers College,0,,"Master of Science, Curriculum and Instruction","Master of Science, Curriculum and Instruction"
D183,RETIRED,Designing Curriculum and Instruction I,3,2020-10,2024-02,41,40,2,School of Education | Teachers College,0,,"Master of Science, Curriculum and Instruction","Master of Science, Curriculum and Instruction"
D184,RETIRED,Standards-Based Assessment,3,2020-10,2026-06,69,68,2,School of Education | Teachers College,0,,"Master of Science, Curriculum and Instruction","Master of Science, Curriculum and Instruction"
D185,RETIRED,Designing Curriculum and Instruction II,3,2020-10,2024-02,41,40,2,School of Education | Teachers College,0,,"Master of Science, Curriculum and Instruction","Master of Science, Curriculum and Instruction"
D186,RETIRED,Learning as a Science,3,2020-10,2026-06,69,68,2,School of Education | Teachers College,0,,"Master of Science, Curriculum and Instruction","Master of Science, Curriculum and Instruction"
D187,RETIRED,Differentiated Instruction,3,2020-10,2026-06,69,68,2,School of Education | Teachers College,0,,"Master of Science, Curriculum and Instruction","Master of Science, Curriculum and Instruction"
D188,RETIRED,The Collaborative Leader,3,2020-10,2026-06,69,68,2,School of Education | Teachers College,0,,"Master of Science, Curriculum and Instruction","Master of Science, Curriculum and Instruction"
D190,RETIRED,Introduction to Healthcare IT Systems,4,2020-11,2026-06,59,67,2,College of Health Professions | Leavitt School of Health,0,,"Bachelor of Science, Health Information Management","Bachelor of Science, Health Information Management"
D191,RETIRED,Advanced Data Management,3,2020-10,2023-07,34,33,1,College of Information Technology,0,,"Bachelor of Science, Computer Science | Bachelor of Science, Data Management/Data Analytics | Bachelor of Science, Software Development","Bachelor of Science, Data Management/Data Analytics"
D192,RETIRED,Data Systems Administration,3,2020-10,2023-07,34,33,1,College of Information Technology,0,,"Bachelor of Science, Data Management/Data Analytics","Bachelor of Science, Data Management/Data Analytics"
D193,RETIRED,Data and Information Governance,2,2020-10,2023-07,34,33,1,College of Information Technology,0,,"Bachelor of Science, Data Management/Data Analytics","Bachelor of Science, Data Management/Data Analytics"
D194,RETIRED,IT Leadership Foundations,3,2020-10,2023-07,34,33,1,College of Information Technology,0,,"Bachelor of Science, Computer Science | Bachelor of Science, Data Management/Data Analytics","Bachelor of Science, Data Management/Data Analytics"
D195,RETIRED,Data Management/Analytics Undergraduate Capstone,4,2020-10,2023-07,34,33,1,College of Information Technology,0,,"Bachelor of Science, Data Management/Data Analytics","Bachelor of Science, Data Management/Data Analytics"
D196,RETIRED,Principles of Financial and Managerial Accounting,3,2020-09,2026-06,70,69,2,College of Business | School of Business,1,Principles of Financial and Managerial,"Bachelor of Science Business Administration, Accounting | Bachelor of Science Business Administration, Healthcare Management | Bachelor of Science Business Administration, Human Resource Management | Bachelor of Science Business Administration, Information Technology Management","Bachelor of Science, Accounting | Bachelor of Science, Finance | Bachelor of Science, Information Technology Management"
D197,RETIRED,Version Control,1,2020-11,2026-06,58,67,2,College of Information Technology | School of Technology,0,,"Bachelor of Science, Data Management/Data Analytics","Bachelor of Science, AI Engineering | Bachelor of Science, Cloud and Network Engineering | Bachelor of Science, Cloud and Network Engineering - Amazon Web Services | Bachelor of Science, Cloud and Network Engineering - Microsoft Azure"
D197A,RETIRED,Version Control,1,2024-01,2024-08,8,7,2,College of Information Technology | School of Technology,0,,Certificate: Front End Web Development,Certificate: Front End Web Development
D198,RETIRED,Global Arts and Humanities,3,2022-01,2026-06,54,53,7,College of Business | College of Health Professions | College of Information Technology | Leavitt School of Health | School of Business | School of Education | School of Technology,0,,"Bachelor of Science, Nursing [BSNU] | Master of Science, Nursing - Education (RN to MSN) | Master of Science, Nursing - Leadership and Management (RN to MSN) | Master of Science, Nursing - Nursing Informatics (RN to MSN)","Bachelor of Science, Accounting | Bachelor of Science, Finance | Bachelor of Science, Health Information Management | Bachelor of Science, Health Science"
D199,RETIRED,Introduction to Physical and Human Geography,3,2022-05,2026-06,50,49,4,College of Information Technology | Leavitt School of Health | School of Education | School of Technology,1,Introduction to Physical and Human,"Bachelor of Science, Cloud Computing","Bachelor of Science in Psychology | Bachelor of Science, Data Analytics | Bachelor of Science, Software Engineering (BSSWE to MSSWE) | Bachelor of Science, Software Engineering [BSSWE]"
D202,RETIRED,Human Growth and Development,3,2022-01,2026-06,54,53,3,College of Health Professions | Leavitt School of Health | School of Business,0,,"Bachelor of Science, Nursing [BSNU] | Master of Science, Nursing - Education (RN to MSN) | Master of Science, Nursing - Leadership and Management (RN to MSN) | Master of Science, Nursing - Nursing Informatics (RN to MSN)","Bachelor of Science in Psychology | Bachelor of Science, Health Science | Bachelor of Science, Health and Human Services | Bachelor of Science, Healthcare Administration"
D203,RETIRED,Fundamentals of Anatomy and Physiology,3,2022-12,2026-06,43,42,2,College of Health Professions | Leavitt School of Health,0,,"Bachelor of Science, Health and Human Services","Bachelor of Science in Psychology | Bachelor of Science, Health Information Management | Bachelor of Science, Health and Human Services | Bachelor of Science, Public Health"
D204,RETIRED,The Data Analytics Journey,2,2020-10,2024-05,44,43,2,College of Information Technology | School of Technology,0,,"Master of Science, Data Analytics","Master of Science, Data Analytics"
D205,RETIRED,Data Acquisition,3,2020-10,2024-05,44,43,2,College of Information Technology | School of Technology,0,,"Master of Science, Data Analytics","Master of Science, Data Analytics"
D206,RETIRED,Data Cleaning,3,2020-10,2024-05,44,43,2,College of Information Technology | School of Technology,0,,"Master of Science, Data Analytics","Master of Science, Data Analytics"
D207,RETIRED,Exploratory Data Analysis,3,2020-10,2024-05,44,43,2,College of Information Technology | School of Technology,0,,"Master of Science, Data Analytics","Master of Science, Data Analytics"
D208,RETIRED,Predictive Modeling,3,2020-10,2024-05,44,43,2,College of Information Technology | School of Technology,0,,"Master of Science, Data Analytics","Master of Science, Data Analytics"
D209,RETIRED,Data Mining I,3,2020-10,2024-05,44,43,2,College of Information Technology | School of Technology,0,,"Master of Science, Data Analytics","Master of Science, Data Analytics"
D210,RETIRED,Representation and Reporting,3,2020-10,2024-05,44,43,2,College of Information Technology | School of Technology,0,,"Master of Science, Data Analytics","Master of Science, Data Analytics"
D211,RETIRED,Advanced Data Acquisition,2,2020-10,2024-05,44,43,2,College of Information Technology | School of Technology,0,,"Master of Science, Data Analytics","Master of Science, Data Analytics"
D212,RETIRED,Data Mining II,3,2020-10,2024-05,44,43,2,College of Information Technology | School of Technology,0,,"Master of Science, Data Analytics","Master of Science, Data Analytics"
D213,RETIRED,Advanced Data Analytics,3,2020-10,2024-05,44,43,2,College of Information Technology | School of Technology,0,,"Master of Science, Data Analytics","Master of Science, Data Analytics"
D214,RETIRED,Data Analytics Graduate Capstone,3,2020-10,2024-05,44,43,2,College of Information Technology | School of Technology,0,,"Master of Science, Data Analytics","Master of Science, Data Analytics"
D215,RETIRED,Auditing,3,2020-11,2026-06,67,67,2,College of Business | School of Business,0,,"Bachelor of Science Business Administration, Accounting","Bachelor of Science, Accounting"
D216,RETIRED,Business Law for Accountants,3,2020-11,2026-06,67,67,2,College of Business | School of Business,0,,"Bachelor of Science Business Administration, Accounting","Bachelor of Science, Accounting | Bachelor of Science, Finance"
D217,RETIRED,Accounting Information Systems,3,2020-11,2026-06,67,67,2,College of Business | School of Business,0,,"Bachelor of Science Business Administration, Accounting","Bachelor of Science, Accounting"
D218,RETIRED,Intrapersonal Leadership and Professional Growth,3,2022-01,2026-06,54,53,2,College of Health Professions | Leavitt School of Health,1,Intrapersonal Leadership and Professional,"Bachelor of Science, Nursing [BSNU]","Bachelor of Science, Nursing | Bachelor of Science, Nursing - Prelicensure (Nursing)"
D219,RETIRED,Scholarship in Nursing Practice,3,2022-01,2026-06,54,53,2,College of Health Professions | Leavitt School of Health,0,,"Bachelor of Science, Nursing [BSNU]","Bachelor of Science, Nursing | Bachelor of Science, Nursing - Prelicensure (Nursing)"
D220,RETIRED,Information Technology in Nursing Practice,3,2022-01,2026-06,54,53,2,College of Health Professions | Leavitt School of Health,0,,"Bachelor of Science, Nursing [BSNU]","Bachelor of Science, Nursing | Bachelor of Science, Nursing - Prelicensure (Nursing)"
D221,RETIRED,Organizational Systems and Healthcare Transformation,3,2022-01,2026-06,54,53,2,College of Health Professions | Leavitt School of Health,1,Organizational Systems and Healthcare,"Bachelor of Science, Nursing [BSNU]","Bachelor of Science, Nursing | Bachelor of Science, Nursing - Prelicensure (Nursing)"
D222,RETIRED,Comprehensive Health Assessment,3,2022-01,2026-06,54,53,2,College of Health Professions | Leavitt School of Health,0,,"Bachelor of Science, Nursing [BSNU] | Master of Science, Nursing - Education (RN to MSN) | Master of Science, Nursing - Leadership and Management (RN to MSN) | Master of Science, Nursing - Nursing Informatics (RN to MSN)","Bachelor of Science, Nursing | Master of Science, Nursing - Education (RN to MSN) | Master of Science, Nursing - Leadership and Management (RN to MSN) | Master of Science, Nursing - Nursing Informatics (RN to MSN)"
D223,RETIRED,Healthcare Policy and Economics,3,2022-01,2026-06,54,53,2,College of Health Professions | Leavitt School of Health,0,,"Bachelor of Science, Nursing [BSNU] | Master of Science, Nursing - Education (RN to MSN) | Master of Science, Nursing - Leadership and Management (RN to MSN) | Master of Science, Nursing - Nursing Informatics (RN to MSN)","Bachelor of Science, Nursing | Master of Science, Nursing - Education (RN to MSN) | Master of Science, Nursing - Leadership and Management (RN to MSN) | Master of Science, Nursing - Nursing Informatics (RN to MSN)"
D224,RETIRED,Global and Population Health,4,2022-01,2026-06,54,53,2,College of Health Professions | Leavitt School of Health,0,,"Bachelor of Science, Nursing [BSNU] | Master of Science, Nursing - Education (RN to MSN) | Master of Science, Nursing - Leadership and Management (RN to MSN) | Master of Science, Nursing - Nursing Informatics (RN to MSN)","Master of Science, Nursing - Education (RN to MSN) | Master of Science, Nursing - Leadership and Management (RN to MSN) | Master of Science, Nursing - Nursing Informatics (RN to MSN)"
D225,RETIRED,Emerging Professional Practice,3,2022-01,2026-06,54,53,2,College of Health Professions | Leavitt School of Health,0,,"Bachelor of Science, Nursing [BSNU] | Master of Science, Nursing - Education (RN to MSN) | Master of Science, Nursing - Leadership and Management (RN to MSN) | Master of Science, Nursing - Nursing Informatics (RN to MSN)","Master of Science, Nursing - Education (RN to MSN) | Master of Science, Nursing - Leadership and Management (RN to MSN) | Master of Science, Nursing - Nursing Informatics (RN to MSN)"
D226,RETIRED,BSNU Capstone,3,2022-01,2026-06,54,53,2,College of Health Professions | Leavitt School of Health,0,,"Bachelor of Science, Nursing [BSNU]","Bachelor of Science, Nursing"
D228,RETIRED,"Special Education Practices: Professional, Ethical and Legal",2,2020-11,2024-09,44,46,2,School of Education | Teachers College,1,"Special Education Practices: Professional,","Master of Arts in Teaching, Special Education","Master of Arts in Teaching, Special Education"
D229,RETIRED,Management Strategies for Academic and Social Behavior,3,2020-11,2024-09,44,46,2,School of Education | Teachers College,1,Management Strategies for Academic and,"Master of Arts in Teaching, Special Education","Master of Arts in Teaching, Special Education"
D230,RETIRED,Assessment and Evaluation Procedures in Special Education,2,2020-11,2024-09,44,46,2,School of Education | Teachers College,1,Assessment and Evaluation Procedures in,"Master of Arts in Teaching, Special Education","Master of Arts in Teaching, Special Education"
D231,RETIRED,Collaborative Techniques with Partners for Effective IEPs,2,2020-11,2024-09,44,46,2,School of Education | Teachers College,1,Collaborative Techniques with Partners for,"Master of Arts in Teaching, Special Education","Master of Arts in Teaching, Special Education"
D232,RETIRED,Special Education Methods of Instruction and Intervention,2,2020-11,2024-09,44,46,2,School of Education | Teachers College,1,Special Education Methods of Instruction and,"Master of Arts in Teaching, Special Education","Master of Arts in Teaching, Special Education"
D233,RETIRED,Designing Instruction for Elementary Learners with Mild to,2,2020-11,2024-09,44,46,2,School of Education | Teachers College,1,Designing Instruction for Elementary Learners,"Master of Arts in Teaching, Special Education","Master of Arts in Teaching, Special Education"
D234,RETIRED,Designing Instruction for Secondary Learners with Mild to,2,2020-11,2024-09,44,46,2,School of Education | Teachers College,1,Designing Instruction for Secondary Learners,"Master of Arts in Teaching, Special Education","Master of Arts in Teaching, Special Education"
D235,RETIRED,Interprofessional Communication and Leadership in Healthcare,2,2022-01,2026-06,54,53,2,College of Health Professions | Leavitt School of Health,1,Interprofessional Communication and,"Bachelor of Science, Nursing [BSNU] | Master of Science, Nursing - Education (RN to MSN) | Master of Science, Nursing - Leadership and Management (RN to MSN) | Master of Science, Nursing - Nursing Informatics (RN to MSN)","Bachelor of Science, Nursing | Master of Science, Nursing - Education (RN to MSN) | Master of Science, Nursing - Leadership and Management (RN to MSN) | Master of Science, Nursing - Nursing Informatics (RN to MSN)"
D236,RETIRED,Pathophysiology,3,2022-01,2026-06,54,53,2,College of Health Professions | Leavitt School of Health,0,,"Bachelor of Science, Nursing [BSNU] | Master of Science, Nursing - Education (RN to MSN) | Master of Science, Nursing - Leadership and Management (RN to MSN) | Master of Science, Nursing - Nursing Informatics (RN to MSN)","Bachelor of Science, Health Science | Bachelor of Science, Nursing | Bachelor of Science, Nursing - Prelicensure (Pre-Nursing) | Master of Science, Nursing - Education (RN to MSN)"
D237,RETIRED,Mathematics Methods and Instruction for Students with,2,2020-11,2024-09,44,46,2,School of Education | Teachers College,1,Mathematics Methods and Instruction for,"Master of Arts in Teaching, Special Education","Master of Arts in Teaching, Special Education"
D238,RETIRED,Preclinical Experiences in Special Education,2,2020-11,2024-09,44,46,2,School of Education | Teachers College,0,,"Master of Arts in Teaching, Special Education","Master of Arts in Teaching, Special Education"
D239,RETIRED,"Supervised Demonstration Teaching in Special Education, Obs",2,2020-11,2023-11,34,36,2,School of Education | Teachers College,0,,"Master of Arts in Teaching, Special Education","Master of Arts in Teaching, Special Education"
D240,RETIRED,"Supervised Demonstration Teaching in Special Education, Obs",2,2020-11,2023-11,34,36,2,School of Education | Teachers College,0,,"Master of Arts in Teaching, Special Education","Master of Arts in Teaching, Special Education"
D241,RETIRED,"Supervised Demonstration Teaching in Special Education, Obs",2,2020-11,2023-11,34,36,2,School of Education | Teachers College,0,,"Master of Arts in Teaching, Special Education","Master of Arts in Teaching, Special Education"
D242,RETIRED,"Supervised Demonstration Teaching in Special Education, Obs",2,2020-11,2023-11,34,36,2,School of Education | Teachers College,0,,"Master of Arts in Teaching, Special Education","Master of Arts in Teaching, Special Education"
D243,RETIRED,Teacher Performance Assessment in Special Education,1,2020-11,2024-09,44,46,2,School of Education | Teachers College,1,Teacher Performance Assessment in Special,"Master of Arts in Teaching, Special Education","Master of Arts in Teaching, Special Education"
D244,RETIRED,Disciplinary Literacy,2,2020-11,2024-09,44,46,2,School of Education | Teachers College,0,,"Master of Arts in Teaching, Special Education","Master of Arts in Teaching, Special Education"
D245,RETIRED,Cohort Seminar in Special Education,1,2020-11,2024-09,44,46,2,School of Education | Teachers College,0,,"Master of Arts in Teaching, Special Education","Master of Arts in Teaching, Special Education"
D246,RETIRED,Influential Communication through Visual Design and,3,2023-08,2026-06,35,34,4,College of Information Technology | Leavitt School of Health | School of Business | School of Technology,1,Influential Communication through Visual,"Bachelor of Science, Data Analytics","Bachelor of Science in Psychology | Bachelor of Science, Cloud and Network Engineering | Bachelor of Science, Cloud and Network Engineering - Amazon Web Services | Bachelor of Science, Cloud and Network Engineering - Cisco"
D250,RETIRED,Governmental and Nonprofit Accounting,3,2022-01,2026-06,54,53,2,College of Business | School of Business,0,,"Master of Science, Accounting","Master of Science in Accounting, Financial Reporting Specialization"
D251,RETIRED,Advanced Auditing,3,2022-01,2026-06,54,53,2,College of Business | School of Business,0,,"Master of Science, Accounting","Master of Science in Accounting, Auditing Specialization | Master of Science in Accounting, Financial Reporting Specialization"
D252,RETIRED,Accounting Research and Critical Thinking,3,2022-01,2026-06,54,53,2,College of Business | School of Business,0,,"Master of Science, Accounting","Master of Science in Accounting, Auditing Specialization | Master of Science in Accounting, Financial Reporting Specialization | Master of Science in Accounting, Management Accounting Specialization | Master of Science in Accounting, Taxation Specialization"
D253,RETIRED,Values-Based Leadership,3,2022-02,2026-06,53,52,2,College of Business | School of Business,0,,"Bachelor of Science Business Administration, Accounting | Bachelor of Science Business Administration, Healthcare Management | Bachelor of Science Business Administration, Human Resource Management | Bachelor of Science Business Administration, Information Technology Management","Bachelor of Science, Accounting | Bachelor of Science, Business Management | Bachelor of Science, Communications | Bachelor of Science, Finance"
D253A,RETIRED,Values-Based Leadership,3,2024-01,2024-08,8,7,2,College of Business | School of Business,0,,Certificate: Leadership,Certificate: Leadership
D254,RETIRED,Introduction to Medical Coding,3,2020-11,2023-12,29,37,2,College of Health Professions | Leavitt School of Health,0,,"Bachelor of Science, Health Information Management","Bachelor of Science, Health Information Management | Bachelor of Science, Health and Human Services"
D255,RETIRED,Professional Practice Experience I: Technical,3,2020-11,2026-06,59,67,3,College of Health Professions | Leavitt School of Health | School of Business,0,,"Bachelor of Science, Health Information Management","Bachelor of Science, Health Information Management | Bachelor of Science, Healthcare Administration"
D256,RETIRED,Principles of Management in Health Information Management,3,2020-11,2026-06,59,67,2,College of Health Professions | Leavitt School of Health,1,Principles of Management in Health,"Bachelor of Science, Health Information Management","Bachelor of Science, Health Information Management"
D257,RETIRED,Healthcare Project Management,4,2020-11,2026-06,59,67,2,College of Health Professions | Leavitt School of Health,0,,"Bachelor of Science, Health Information Management","Bachelor of Science, Health Information Management"
D258,RETIRED,Organizational Leadership in Healthcare,3,2020-11,2026-06,59,67,2,College of Health Professions | Leavitt School of Health,0,,"Bachelor of Science, Health Information Management","Bachelor of Science, Health Information Management"
D259,RETIRED,Professional Practice Experience II: Management,4,2020-11,2026-06,59,67,2,College of Health Professions | Leavitt School of Health,1,Professional Practice Experience II:,"Bachelor of Science, Health Information Management","Bachelor of Science, Health Information Management"
D260,RETIRED,Health Information Management Capstone,4,2020-11,2026-06,59,67,2,College of Health Professions | Leavitt School of Health,0,,"Bachelor of Science, Health Information Management","Bachelor of Science, Health Information Management"
D263,RETIRED,Frameworks for Strategic Decision-Making,3,2022-12,2026-06,43,42,2,College of Business | School of Business,0,,"Master of Science in Marketing, Digital Marketing Specialization","Master of Science in Marketing, Digital Marketing Specialization | Master of Science in Marketing, Marketing Analytics Specialization | Master of Science, Human Resource Management"
D265,RETIRED,Critical Thinking: Reason and Evidence,3,2020-11,2026-06,59,67,7,College of Business | College of Health Professions | College of Information Technology | Leavitt School of Health | School of Business | School of Education | School of Technology,0,,"Bachelor of Science, Data Management/Data Analytics | Bachelor of Science, Health Information Management","Bachelor of Science in Psychology | Bachelor of Science, Accounting | Bachelor of Science, Business Management | Bachelor of Science, Communications"
D266,RETIRED,World History: Diverse Cultures and Global Connections,3,2022-01,2026-06,54,53,4,College of Business | College of Health Professions | Leavitt School of Health | School of Business,1,World History: Diverse Cultures and Global,"Bachelor of Science, Nursing [BSNU] | Master of Science, Nursing - Education (RN to MSN) | Master of Science, Nursing - Leadership and Management (RN to MSN) | Master of Science, Nursing - Nursing Informatics (RN to MSN)","Bachelor of Science in Psychology | Bachelor of Science, Business Management | Bachelor of Science, Communications | Bachelor of Science, Health Science"
D267,RETIRED,US History: Stories of American Democracy,3,2023-01,2026-06,42,41,4,College of Business | School of Business | School of Education | School of Technology,0,,"Bachelor of Science, Finance","Bachelor of Science, Accounting | Bachelor of Science, Cloud and Network Engineering | Bachelor of Science, Cloud and Network Engineering - Amazon Web Services | Bachelor of Science, Cloud and Network Engineering - Cisco"
D268,RETIRED,Introduction to Communication: Connecting with Others,3,2020-11,2026-06,59,67,7,College of Business | College of Health Professions | College of Information Technology | Leavitt School of Health | School of Business | School of Education | School of Technology,1,Introduction to Communication: Connecting,"Bachelor of Science, Data Management/Data Analytics | Bachelor of Science, Health Information Management","Bachelor of Arts, Educational Studies in Elementary Education | Bachelor of Arts, Educational Studies in Mild to Moderate Exceptionalities Special Education | Bachelor of Arts, Educational Studies in Secondary Biological Science Education | Bachelor of Arts, Educational Studies in Secondary Chemistry Science Education"
D269,RETIRED,Composition: Writing with a Strategy,3,2020-11,2026-06,59,67,7,College of Business | College of Health Professions | College of Information Technology | Leavitt School of Health | School of Business | School of Education | School of Technology,0,,"Bachelor of Science, Data Management/Data Analytics | Bachelor of Science, Health Information Management","Bachelor of Arts, Educational Studies in Elementary Education | Bachelor of Arts, Educational Studies in Mild to Moderate Exceptionalities Special Education | Bachelor of Arts, Educational Studies in Secondary Biological Science Education | Bachelor of Arts, Educational Studies in Secondary Chemistry Science Education"
D270,RETIRED,Composition: Successful Self-Expression,3,2020-11,2026-06,59,67,7,College of Business | College of Health Professions | College of Information Technology | Leavitt School of Health | School of Business | School of Education | School of Technology,0,,"Bachelor of Science, Health Information Management","Bachelor of Arts, Educational Studies in Elementary Education | Bachelor of Arts, Educational Studies in Mild to Moderate Exceptionalities Special Education | Bachelor of Arts, Educational Studies in Secondary Biological Science Education | Bachelor of Arts, Educational Studies in Secondary Chemistry Science Education"
D276,RETIRED,Web Development Foundations,3,2022-05,2026-06,50,49,2,College of Information Technology | School of Technology,0,,"Bachelor of Science, Cloud Computing","Bachelor of Science, AI Engineering | Bachelor of Science, Computer Science | Bachelor of Science, Computer Science (BSCS to MSCS) | Bachelor of Science, Data Analytics"
D276A,RETIRED,Web Development Foundations,3,2024-01,2024-08,8,7,2,College of Information Technology | School of Technology,0,,Certificate: Front End Web Development,Certificate: Front End Web Development
D277,RETIRED,Front-End Web Development,3,2023-01,2026-06,42,41,2,College of Information Technology | School of Technology,0,,"Bachelor of Science, Software Engineering [BSSWE] | Bachelor of Science, Software Engineering [BSSWE_C]","Bachelor of Science, Software Engineering (BSSWE to MSSWE) | Bachelor of Science, Software Engineering [BSSWE] | Bachelor of Science, Software Engineering [BSSWE_C]"
D277A,RETIRED,Front-End Web Development,3,2024-01,2024-08,8,7,2,College of Information Technology | School of Technology,0,,Certificate: Front End Web Development,Certificate: Front End Web Development
D278,RETIRED,Scripting and Programming - Foundations,3,2022-05,2026-06,50,49,2,College of Information Technology | School of Technology,0,,"Bachelor of Science, Cloud Computing","Bachelor of Science, Computer Science | Bachelor of Science, Cybersecurity and Information Assurance | Bachelor of Science, Data Analytics | Bachelor of Science, Software Engineering (BSSWE to MSSWE)"
D278A,RETIRED,Scripting and Programming - Foundations,3,2024-01,2024-08,8,7,2,College of Information Technology | School of Technology,0,,Certificate: Front End Web Development,Certificate: Front End Web Development
D279,RETIRED,User Interface Design,3,2023-01,2026-06,42,41,2,College of Information Technology | School of Technology,0,,"Bachelor of Science, Software Engineering [BSSWE] | Bachelor of Science, Software Engineering [BSSWE_C]","Bachelor of Science, Software Engineering (BSSWE to MSSWE) | Bachelor of Science, Software Engineering [BSSWE] | Bachelor of Science, Software Engineering [BSSWE_C]"
D279A,RETIRED,User Interface Design,3,2024-01,2024-08,8,7,2,College of Information Technology | School of Technology,0,,Certificate: Front End Web Development,Certificate: Front End Web Development
D280,RETIRED,JavaScript Programming,3,2023-01,2026-06,42,41,2,College of Information Technology | School of Technology,0,,"Bachelor of Science, Software Engineering [BSSWE] | Bachelor of Science, Software Engineering [BSSWE_C]","Bachelor of Science, Software Engineering (BSSWE to MSSWE) | Bachelor of Science, Software Engineering [BSSWE] | Bachelor of Science, Software Engineering [BSSWE_C]"
D280A,RETIRED,JavaScript Programming,3,2024-01,2024-08,8,7,2,College of Information Technology | School of Technology,0,,Certificate: Front End Web Development,Certificate: Front End Web Development
D281,RETIRED,Linux Foundations,3,2022-05,2026-06,50,49,2,College of Information Technology | School of Technology,0,,"Bachelor of Science, Cloud Computing","Bachelor of Science, Cloud and Network Engineering | Bachelor of Science, Cloud and Network Engineering - Amazon Web Services | Bachelor of Science, Cloud and Network Engineering - Cisco | Bachelor of Science, Cloud and Network Engineering - Microsoft Azure"
D281A,RETIRED,Linux Foundations,3,2024-01,2024-08,8,7,2,College of Information Technology | School of Technology,0,,Certificate: Web Application Deployment and Support,Certificate: Web Application Deployment and Support
D282,RETIRED,Cloud Foundations,3,2022-05,2026-06,50,49,2,College of Information Technology | School of Technology,0,,"Bachelor of Science, Cloud Computing","Bachelor of Science, Cloud and Network Engineering - Amazon Web Services | Bachelor of Science, Data Analytics | Bachelor of Science, Information Technology | Bachelor of Science, Information Technology (BSIT to MSIT)"
D282A,RETIRED,Cloud Foundations,3,2024-01,2024-08,8,7,2,College of Information Technology | School of Technology,0,,Certificate: Web Application Deployment and Support,Certificate: Web Application Deployment and Support
D284,RETIRED,Software Engineering,4,2023-01,2026-06,42,41,2,College of Information Technology | School of Technology,0,,"Bachelor of Science, Software Engineering [BSSWE] | Bachelor of Science, Software Engineering [BSSWE_C]","Bachelor of Science, AI Engineering | Bachelor of Science, Computer Science | Bachelor of Science, Computer Science (BSCS to MSCS) | Bachelor of Science, Software Engineering [BSSWE]"
D284A,RETIRED,Software Engineering,4,2024-01,2024-08,8,7,2,College of Information Technology | School of Technology,0,,Certificate: Web Application Deployment and Support,Certificate: Web Application Deployment and Support
D286,RETIRED,Java Fundamentals,3,2023-01,2026-06,42,41,2,College of Information Technology | School of Technology,0,,"Bachelor of Science, Software Engineering [BSSWE]","Bachelor of Science, Computer Science | Bachelor of Science, Computer Science (BSCS to MSCS) | Bachelor of Science, Software Engineering (BSSWE to MSSWE) | Bachelor of Science, Software Engineering [BSSWE]"
D286A,RETIRED,Java Fundamentals,3,2024-02,2024-08,7,6,2,College of Information Technology | School of Technology,0,,Certificate: Back End Web Development,Certificate: Back End Web Development
D287,RETIRED,Java Frameworks,3,2023-01,2026-06,42,41,2,College of Information Technology | School of Technology,0,,"Bachelor of Science, Software Engineering [BSSWE]","Bachelor of Science, Computer Science | Bachelor of Science, Computer Science (BSCS to MSCS) | Bachelor of Science, Software Engineering (BSSWE to MSSWE) | Bachelor of Science, Software Engineering [BSSWE]"
D287A,RETIRED,Java Frameworks,3,2024-02,2024-08,7,6,2,College of Information Technology | School of Technology,0,,Certificate: Back End Web Development,Certificate: Back End Web Development
D288,RETIRED,Back-End Programming,3,2023-01,2026-06,42,41,2,College of Information Technology | School of Technology,0,,"Bachelor of Science, Software Engineering [BSSWE]","Bachelor of Science, Computer Science | Bachelor of Science, Computer Science (BSCS to MSCS) | Bachelor of Science, Software Engineering (BSSWE to MSSWE) | Bachelor of Science, Software Engineering [BSSWE]"
D288A,RETIRED,Back-End Programming,3,2024-02,2024-08,7,6,2,College of Information Technology | School of Technology,0,,Certificate: Back End Web Development,Certificate: Back End Web Development
D291,RETIRED,Learning Experience Design Foundations I,3,2022-06,2026-06,49,48,2,School of Education | Teachers College,0,,"Master of Science, Learning Experience Design and Educational Technology | Master of Science, Learning Experience Design and Educational Technology [[UNKNOWN]]","Master of Education, Education Technology and Instructional Design | Master of Education, Education Technology and Instructional Design [MEDETIDA] | Master of Education, Education Technology and Instructional Design [MEDETID]"
D292,RETIRED,Learning Experience Design Foundations II,3,2022-06,2026-06,49,48,2,School of Education | Teachers College,0,,"Master of Science, Learning Experience Design and Educational Technology | Master of Science, Learning Experience Design and Educational Technology [[UNKNOWN]]","Master of Education, Education Technology and Instructional Design | Master of Education, Education Technology and Instructional Design [MEDETIDA] | Master of Education, Education Technology and Instructional Design [MEDETID]"
D293,RETIRED,Assessment and Learning Analytics,3,2022-06,2026-06,49,48,2,School of Education | Teachers College,0,,"Master of Science, Learning Experience Design and Educational Technology | Master of Science, Learning Experience Design and Educational Technology [[UNKNOWN]]","Master of Education, Education Technology and Instructional Design | Master of Education, Education Technology and Instructional Design [MEDETIDA] | Master of Education, Education Technology and Instructional Design [MEDETID]"
D294,RETIRED,Learning Technology,3,2022-06,2026-06,49,48,3,School of Education | School of Technology | Teachers College,0,,"Master of Science, Learning Experience Design and Educational Technology | Master of Science, Learning Experience Design and Educational Technology [[UNKNOWN]]","Master of Education, Education Technology and Instructional Design | Master of Education, Education Technology and Instructional Design [MEDETIDA] | Master of Education, Education Technology and Instructional Design [MEDETID] | Master of Science, Computer Science, Human-Computer Interaction"
D295,RETIRED,Designing and Facilitating E-Learning Experiences for K–12,3,2022-06,2026-06,49,48,2,School of Education | Teachers College,1,Designing and Facilitating E-Learning,"Master of Science, Learning Experience Design and Educational Technology","Master of Education, Education Technology and Instructional Design | Master of Education, Education Technology and Instructional Design [MEDETID]"
D296,RETIRED,Quality and Impact of K–12 E-Learning Solutions,3,2022-06,2026-06,49,48,2,School of Education | Teachers College,1,Quality and Impact of K–12 E-Learning,"Master of Science, Learning Experience Design and Educational Technology","Master of Education, Education Technology and Instructional Design | Master of Education, Education Technology and Instructional Design [MEDETID]"
D297,RETIRED,Designing E-Learning Experiences for Adults,3,2022-06,2026-06,49,48,2,School of Education | Teachers College,0,,"Master of Science, Learning Experience Design and Educational Technology [[UNKNOWN]]","Master of Education, Education Technology and Instructional Design [MEDETIDA] | Master of Education, Education Technology and Instructional Design [MEDETID]"
D298,RETIRED,Quality and Impact of Adult E-Learning Solutions,3,2022-06,2026-06,49,48,2,School of Education | Teachers College,1,Quality and Impact of Adult E-Learning,"Master of Science, Learning Experience Design and Educational Technology [[UNKNOWN]]","Master of Education, Education Technology and Instructional Design [MEDETIDA] | Master of Education, Education Technology and Instructional Design [MEDETID]"
D299,RETIRED,Learning Experience Design Lab,3,2022-06,2026-06,49,48,2,School of Education | Teachers College,0,,"Master of Science, Learning Experience Design and Educational Technology | Master of Science, Learning Experience Design and Educational Technology [[UNKNOWN]]","Master of Education, Education Technology and Instructional Design | Master of Education, Education Technology and Instructional Design [MEDETIDA] | Master of Education, Education Technology and Instructional Design [MEDETID]"
D300,RETIRED,Identifying Learner Needs and a Research Problem,3,2022-06,2026-06,49,48,2,School of Education | Teachers College,1,Identifying Learner Needs and a Research,"Master of Science, Learning Experience Design and Educational Technology | Master of Science, Learning Experience Design and Educational Technology [[UNKNOWN]]","Master of Education, Education Technology and Instructional Design | Master of Education, Education Technology and Instructional Design [MEDETIDA] | Master of Education, Education Technology and Instructional Design [MEDETID]"
D301,RETIRED,Developing an E-Learning Solution and Research Methodology,3,2022-06,2026-06,49,48,2,School of Education | Teachers College,1,Developing an E-Learning Solution and,"Master of Science, Learning Experience Design and Educational Technology | Master of Science, Learning Experience Design and Educational Technology [[UNKNOWN]]","Master of Education, Education Technology and Instructional Design | Master of Education, Education Technology and Instructional Design [MEDETIDA] | Master of Education, Education Technology and Instructional Design [MEDETID]"
D302,RETIRED,Implementing and Evaluating E-Learning Solutions,5,2022-06,2026-06,49,48,2,School of Education | Teachers College,1,Implementing and Evaluating E-Learning,"Master of Science, Learning Experience Design and Educational Technology | Master of Science, Learning Experience Design and Educational Technology [[UNKNOWN]]","Master of Education, Education Technology and Instructional Design | Master of Education, Education Technology and Instructional Design [MEDETIDA] | Master of Education, Education Technology and Instructional Design [MEDETID]"
D303,RETIRED,Azure Fundamentals,3,2022-05,2026-06,50,49,2,College of Information Technology | School of Technology,0,,"Bachelor of Science, Cloud Computing","Bachelor of Science, Cloud and Network Engineering - Microsoft Azure"
D304,RETIRED,Azure DevOps Solutions,3,2022-06,2025-07,38,37,2,College of Information Technology | School of Technology,0,,"Bachelor of Science, Cloud Computing – Microsoft Azure track","Bachelor of Science, Cloud Computing - Microsoft Azure track"
D305,RETIRED,Azure Data Engineer,3,2022-06,2025-07,38,37,2,College of Information Technology | School of Technology,0,,"Bachelor of Science, Cloud Computing – Microsoft Azure track","Bachelor of Science, Cloud Computing - Microsoft Azure track"
D306,RETIRED,Azure Developer Associate,3,2022-05,2025-07,39,38,2,College of Information Technology | School of Technology,0,,"Bachelor of Science, Cloud Computing","Bachelor of Science, Cloud Computing | Bachelor of Science, Cloud Computing - Microsoft Azure track"
D307,RETIRED,Educational Psychology and Human Development of Children,4,2020-11,2025-02,43,51,2,School of Education | Teachers College,1,Educational Psychology and Human,"Master of Arts in Teaching, Elementary Education | Master of Arts in Teaching, English Education (Secondary) | Master of Arts in Teaching, Mathematics Education (Middle Grades) | Master of Arts in Teaching, Mathematics Education (Secondary)","Master of Arts in Teaching, Mathematics Education (Middle Grades)"
D308,RETIRED,Mobile Application Development (Android),3,2023-01,2026-06,42,41,2,College of Information Technology | School of Technology,0,,"Bachelor of Science, Software Engineering [BSSWE]","Bachelor of Science, Software Engineering (BSSWE to MSSWE) | Bachelor of Science, Software Engineering [BSSWE]"
D308A,RETIRED,Mobile Application Development (Android),3,2024-02,2024-08,7,6,2,College of Information Technology | School of Technology,0,,Certificate: Back End Web Development,Certificate: Back End Web Development
D309,RETIRED,Data Wrangling,3,2020-11,2023-07,23,32,1,College of Information Technology,0,,"Bachelor of Science, Data Management/Data Analytics","Bachelor of Science, Data Management/Data Analytics"
D311,RETIRED,Microbiology with Lab: A Fundamental Approach,4,2022-01,2026-06,54,53,2,College of Health Professions | Leavitt School of Health,1,Microbiology with Lab: A Fundamental,"Bachelor of Science, Nursing [BSNU] | Master of Science, Nursing - Education (RN to MSN) | Master of Science, Nursing - Leadership and Management (RN to MSN) | Master of Science, Nursing - Nursing Informatics (RN to MSN)","Bachelor of Science, Health Science | Bachelor of Science, Nursing | Bachelor of Science, Nursing - Prelicensure (Pre-Nursing) | Master of Science, Nursing - Education (RN to MSN)"
D312,RETIRED,Anatomy and Physiology I with Lab,4,2022-01,2026-06,54,53,2,College of Health Professions | Leavitt School of Health,0,,"Bachelor of Science, Nursing [BSNU] | Master of Science, Nursing - Education (RN to MSN) | Master of Science, Nursing - Leadership and Management (RN to MSN) | Master of Science, Nursing - Nursing Informatics (RN to MSN)","Bachelor of Science, Health Science | Bachelor of Science, Nursing | Bachelor of Science, Nursing - Prelicensure (Pre-Nursing) | Master of Science, Nursing - Education (RN to MSN)"
D313,RETIRED,Anatomy and Physiology II with Lab,4,2022-01,2026-06,54,53,2,College of Health Professions | Leavitt School of Health,0,,"Bachelor of Science, Nursing [BSNU] | Master of Science, Nursing - Education (RN to MSN) | Master of Science, Nursing - Leadership and Management (RN to MSN) | Master of Science, Nursing - Nursing Informatics (RN to MSN)","Bachelor of Science, Health Science | Bachelor of Science, Nursing | Bachelor of Science, Nursing - Prelicensure (Pre-Nursing) | Master of Science, Nursing - Education (RN to MSN)"
D314,RETIRED,Essentials of Academic Writing,1,2022-01,2026-06,54,53,2,College of Health Professions | Leavitt School of Health,0,,"Post-Master's Certificate, Nursing - Leadership and Management (Post-MSN) | Post-Master's Certificate, Nursing - Nursing Education (Post-MSN)","Post-Master's Certificate, Nursing - Leadership and Management (Post-MSN) | Post-Master's Certificate, Nursing - Nursing Education (Post-MSN)"
D315,RETIRED,Network and Security - Foundations,3,2022-05,2026-06,50,49,2,College of Information Technology | School of Technology,0,,"Bachelor of Science, Cloud Computing","Bachelor of Science, AI Engineering | Bachelor of Science, Cloud and Network Engineering | Bachelor of Science, Cloud and Network Engineering - Amazon Web Services | Bachelor of Science, Cloud and Network Engineering - Cisco"
D316,RETIRED,IT Foundations,4,2022-05,2026-06,50,49,2,College of Information Technology | School of Technology,0,,"Bachelor of Science, Cloud Computing","Bachelor of Science, Cloud and Network Engineering | Bachelor of Science, Cloud and Network Engineering - Amazon Web Services | Bachelor of Science, Cloud and Network Engineering - Cisco | Bachelor of Science, Cloud and Network Engineering - Microsoft Azure"
D317,RETIRED,IT Applications,4,2022-05,2026-06,50,49,2,College of Information Technology | School of Technology,0,,"Bachelor of Science, Cloud Computing","Bachelor of Science, Cloud and Network Engineering | Bachelor of Science, Cloud and Network Engineering - Amazon Web Services | Bachelor of Science, Cloud and Network Engineering - Cisco | Bachelor of Science, Cloud and Network Engineering - Microsoft Azure"
D318,RETIRED,Cloud Applications,3,2022-05,2026-06,50,49,2,College of Information Technology | School of Technology,0,,"Bachelor of Science, Cloud Computing","Bachelor of Science, Cloud and Network Engineering | Bachelor of Science, Cloud and Network Engineering - Cisco | Bachelor of Science, Information Technology | Bachelor of Science, Information Technology (BSIT to MSIT)"
D319,RETIRED,AWS Cloud Architecture,3,2022-05,2026-06,50,49,2,College of Information Technology | School of Technology,0,,"Bachelor of Science, Cloud Computing","Bachelor of Science, Cloud and Network Engineering - Amazon Web Services"
D320,RETIRED,Managing Cloud Security,4,2022-05,2026-06,50,49,2,College of Information Technology | School of Technology,0,,"Bachelor of Science, Cloud Computing","Bachelor of Science, Cybersecurity and Information Assurance"
D321,RETIRED,AWS Developer,3,2022-06,2025-07,38,37,2,College of Information Technology | School of Technology,0,,"Bachelor of Science, Cloud Computing – Amazon Web Services track","Bachelor of Science, Cloud Computing - Amazon Web Services track"
D322,RETIRED,Introduction to IT,4,2022-05,2026-06,50,49,2,College of Information Technology | School of Technology,0,,"Bachelor of Science, Cloud Computing","Bachelor of Science, Cybersecurity and Information Assurance | Bachelor of Science, Software Engineering (BSSWE to MSSWE) | Bachelor of Science, Software Engineering [BSSWE] | Bachelor of Science, Software Engineering [BSSWE_C]"
D323,RETIRED,Data Management - Foundations,3,2022-05,2022-05,1,0,1,College of Information Technology,0,,"Bachelor of Science, Cloud Computing","Bachelor of Science, Cloud Computing"
D324,RETIRED,Business of IT - Project Management,4,2022-05,2026-06,50,49,2,College of Information Technology | School of Technology,0,,"Bachelor of Science, Cloud Computing","Bachelor of Science, Cybersecurity and Information Assurance | Bachelor of Science, Data Analytics | Bachelor of Science, Information Technology | Bachelor of Science, Software Engineering (BSSWE to MSSWE)"
D325,RETIRED,Networks,4,2022-05,2026-06,50,49,2,College of Information Technology | School of Technology,0,,"Bachelor of Science, Cloud Computing","Bachelor of Science, Cloud and Network Engineering | Bachelor of Science, Cloud and Network Engineering - Amazon Web Services | Bachelor of Science, Cloud and Network Engineering - Microsoft Azure | Bachelor of Science, Cybersecurity and Information Assurance"
D326,RETIRED,Advanced Data Management,3,2022-05,2026-06,43,49,2,College of Information Technology | School of Technology,0,,"Bachelor of Science, Cloud Computing","Bachelor of Science, Data Analytics | Bachelor of Science, Software Engineering (BSSWE to MSSWE) | Bachelor of Science, Software Engineering [BSSWE] | Bachelor of Science, Software Engineering [BSSWE_C]"
D329,RETIRED,Network and Security - Applications,4,2022-05,2026-06,50,49,2,College of Information Technology | School of Technology,0,,"Bachelor of Science, Cloud Computing","Bachelor of Science, Cloud and Network Engineering | Bachelor of Science, Cloud and Network Engineering - Amazon Web Services | Bachelor of Science, Cloud and Network Engineering - Microsoft Azure | Bachelor of Science, Cybersecurity and Information Assurance"
D330,RETIRED,Data Systems Administration,3,2022-05,2025-07,39,38,2,College of Information Technology | School of Technology,0,,"Bachelor of Science, Cloud Computing","Bachelor of Science, Cloud Computing | Bachelor of Science, Cloud Computing - Amazon Web Services track | Bachelor of Science, Cloud Computing - Microsoft Azure track"
D332,RETIRED,Penetration Testing and Vulnerability Analysis,4,2023-02,2026-06,41,40,2,College of Information Technology | School of Technology,0,,"Bachelor of Science, Cybersecurity and Information Assurance","Bachelor of Science, Cybersecurity and Information Assurance"
D333,RETIRED,Ethics in Technology,3,2022-05,2026-06,50,49,4,College of Business | College of Information Technology | School of Business | School of Technology,0,,"Bachelor of Science, Cloud Computing","Bachelor of Science, Business Management | Bachelor of Science, Cloud and Network Engineering | Bachelor of Science, Cloud and Network Engineering - Amazon Web Services | Bachelor of Science, Cloud and Network Engineering - Cisco"
D334,RETIRED,Introduction to Cryptography,4,2022-05,2025-07,39,38,2,College of Information Technology | School of Technology,0,,"Bachelor of Science, Cloud Computing","Bachelor of Science, Cloud Computing | Bachelor of Science, Cloud Computing - Amazon Web Services track | Bachelor of Science, Cloud Computing - Microsoft Azure track | Bachelor of Science, Network Engineering and Security Cisco Track"
D335,RETIRED,Introduction to Programming in Python,3,2022-05,2026-06,50,49,2,College of Information Technology | School of Technology,0,,"Bachelor of Science, Cloud Computing","Bachelor of Science, Data Analytics | Bachelor of Science, Software Engineering (BSSWE to MSSWE) | Bachelor of Science, Software Engineering [BSSWE] | Bachelor of Science, Software Engineering [BSSWE_C]"
D336,RETIRED,Business of IT – Applications,4,2022-05,2026-06,50,49,2,College of Information Technology | School of Technology,1,Business of IT - Applications,"Bachelor of Science, Cloud Computing","Bachelor of Science, Cloud and Network Engineering | Bachelor of Science, Cloud and Network Engineering - Amazon Web Services | Bachelor of Science, Cloud and Network Engineering - Cisco | Bachelor of Science, Cloud and Network Engineering - Microsoft Azure"
D337,RETIRED,Internet of Things (IoT) and Infrastructure,3,2022-05,2026-06,50,49,2,College of Information Technology | School of Technology,0,,"Bachelor of Science, Cloud Computing","Bachelor of Science, Cloud and Network Engineering | Bachelor of Science, Cloud and Network Engineering - Amazon Web Services | Bachelor of Science, Cloud and Network Engineering - Cisco | Bachelor of Science, Cloud and Network Engineering - Microsoft Azure"
D338,RETIRED,Cloud Platform Solutions,3,2022-05,2026-06,50,49,2,College of Information Technology | School of Technology,0,,"Bachelor of Science, Cloud Computing","Bachelor of Science, Cloud and Network Engineering - Microsoft Azure"
D339,RETIRED,Technical Communication,3,2022-05,2026-06,50,49,2,College of Information Technology | School of Technology,0,,"Bachelor of Science, Cloud Computing","Bachelor of Science, Cloud and Network Engineering | Bachelor of Science, Cloud and Network Engineering - Amazon Web Services | Bachelor of Science, Cloud and Network Engineering - Cisco | Bachelor of Science, Cloud and Network Engineering - Microsoft Azure"
D340,RETIRED,Cyber Defense and Countermeasures,4,2023-02,2026-06,41,40,2,College of Information Technology | School of Technology,0,,"Bachelor of Science, Cybersecurity and Information Assurance","Bachelor of Science, Cybersecurity and Information Assurance"
D341,RETIRED,Cloud Deployment and Operations,3,2022-06,2026-06,49,48,2,College of Information Technology | School of Technology,0,,"Bachelor of Science, Cloud Computing – Amazon Web Services track","Bachelor of Science, Cloud and Network Engineering - Amazon Web Services"
D342,RETIRED,Cloud Computing Capstone,4,2022-05,2025-07,39,38,2,College of Information Technology | School of Technology,0,,"Bachelor of Science, Cloud Computing","Bachelor of Science, Cloud Computing | Bachelor of Science, Cloud Computing - Amazon Web Services track | Bachelor of Science, Cloud Computing - Microsoft Azure track"
D343,RETIRED,Foundations of Advanced Psychiatric Mental Health Practice,3,2022-04,2026-06,51,50,2,College of Health Professions | Leavitt School of Health,1,Foundations of Advanced Psychiatric Mental,"Master of Science, Nursing - Psychiatric Mental Health Nurse Practitioner","Master of Science, Nursing - Psychiatric Mental Health Nurse Practitioner | Post-Master's Certificate, Nursing - Psychiatric Mental Health Nurse Practitioner (Post-MSN)"
D344,RETIRED,The Assessment and Diagnostic Process of Psychiatric Nurse,3,2022-04,2026-06,51,50,2,College of Health Professions | Leavitt School of Health,2,The Assessment and Diagnostic Process of | The Assessment and Diagnostic Processes for Advanced,"Master of Science, Nursing - Psychiatric Mental Health Nurse Practitioner","Master of Science, Nursing - Psychiatric Mental Health Nurse Practitioner | Post-Master's Certificate, Nursing - Psychiatric Mental Health Nurse Practitioner (Post-MSN)"
D345,RETIRED,Psychopharmacology for Advanced Psychiatric Mental Health,3,2022-04,2026-06,51,50,2,College of Health Professions | Leavitt School of Health,1,Psychopharmacology for Advanced Psychiatric,"Master of Science, Nursing - Psychiatric Mental Health Nurse Practitioner","Master of Science, Nursing - Psychiatric Mental Health Nurse Practitioner | Post-Master's Certificate, Nursing - Psychiatric Mental Health Nurse Practitioner (Post-MSN)"
D346,RETIRED,Advanced Psychological Care of Adults and Older Adults,3,2022-04,2026-06,51,50,2,College of Health Professions | Leavitt School of Health,2,Advanced Psychiatric Mental Health Care of | Advanced Psychiatric Mental Health Care of Adults and Older,"Master of Science, Nursing - Psychiatric Mental Health Nurse Practitioner","Master of Science, Nursing - Psychiatric Mental Health Nurse Practitioner | Post-Master's Certificate, Nursing - Psychiatric Mental Health Nurse Practitioner (Post-MSN)"
D347,RETIRED,Advanced Psychological Care of Children and Adolescents,3,2022-04,2026-06,51,50,2,College of Health Professions | Leavitt School of Health,2,Advanced Psychiatric Mental Health Care of | Advanced Psychiatric Mental Health Care of Children and,"Master of Science, Nursing - Psychiatric Mental Health Nurse Practitioner","Master of Science, Nursing - Psychiatric Mental Health Nurse Practitioner | Post-Master's Certificate, Nursing - Psychiatric Mental Health Nurse Practitioner (Post-MSN)"
D348,RETIRED,Psychiatric Mental Health Nurse Practitioner Clinical Internship I,3,2022-04,2026-06,51,50,2,College of Health Professions | Leavitt School of Health,1,Psychiatric Mental Health Nurse Practitioner,"Master of Science, Nursing - Psychiatric Mental Health Nurse Practitioner","Master of Science, Nursing - Psychiatric Mental Health Nurse Practitioner | Post-Master's Certificate, Nursing - Psychiatric Mental Health Nurse Practitioner (Post-MSN)"
D349,RETIRED,Psychiatric Mental Health Nurse Practitioner Clinical Internship,3,2022-04,2026-06,51,50,2,College of Health Professions | Leavitt School of Health,1,Psychiatric Mental Health Nurse Practitioner,"Master of Science, Nursing - Psychiatric Mental Health Nurse Practitioner","Master of Science, Nursing - Psychiatric Mental Health Nurse Practitioner | Post-Master's Certificate, Nursing - Psychiatric Mental Health Nurse Practitioner (Post-MSN)"
D350,RETIRED,Psychiatric Mental Health Nurse Practitioner Clinical Internship,3,2022-04,2026-06,51,50,2,College of Health Professions | Leavitt School of Health,1,Psychiatric Mental Health Nurse Practitioner,"Master of Science, Nursing - Psychiatric Mental Health Nurse Practitioner","Master of Science, Nursing - Psychiatric Mental Health Nurse Practitioner | Post-Master's Certificate, Nursing - Psychiatric Mental Health Nurse Practitioner (Post-MSN)"
D351,RETIRED,Functions of Human Resource Management,3,2023-01,2026-06,42,41,2,College of Business | School of Business,0,,"Bachelor of Science, Finance","Bachelor of Science, Business Management | Bachelor of Science, Communications | Bachelor of Science, Finance | Bachelor of Science, Human Resource Management"
D352,RETIRED,Employment and Labor Law,3,2023-01,2026-06,42,41,2,College of Business | School of Business,0,,"Bachelor of Science, Finance","Bachelor of Science, Finance | Bachelor of Science, Human Resource Management"
D353,RETIRED,Strategic Training and Development,3,2023-02,2026-06,41,40,2,College of Business | School of Business,0,,"Bachelor of Science Business Administration, Human Resource Management","Bachelor of Science, Business Management | Bachelor of Science, Healthcare Administration | Bachelor of Science, Human Resource Management"
D354,RETIRED,Talent Acquisition,3,2023-02,2026-06,41,40,2,College of Business | School of Business,0,,"Bachelor of Science Business Administration, Human Resource Management","Bachelor of Science, Business Management | Bachelor of Science, Human Resource Management"
D355,RETIRED,Total Rewards,3,2023-02,2026-06,41,40,2,College of Business | School of Business,0,,"Bachelor of Science Business Administration, Human Resource Management","Bachelor of Science, Human Resource Management"
D356,RETIRED,HR Technology,3,2023-02,2026-06,41,40,2,College of Business | School of Business,0,,"Bachelor of Science Business Administration, Human Resource Management","Bachelor of Science, Human Resource Management"
D357,RETIRED,"Diversity, Equity, and Inclusion",3,2023-02,2026-06,41,40,2,College of Business | School of Business,0,,"Bachelor of Science Business Administration, Human Resource Management","Bachelor of Science, Human Resource Management"
D358,RETIRED,Global Human Resource Management,3,2023-02,2026-06,41,40,2,College of Business | School of Business,0,,"Bachelor of Science Business Administration, Human Resource Management","Bachelor of Science, Human Resource Management"
D359,RETIRED,Agile HR,3,2023-02,2026-06,41,40,2,College of Business | School of Business,0,,"Bachelor of Science Business Administration, Human Resource Management","Bachelor of Science, Human Resource Management"
D360,RETIRED,HRM Capstone,3,2023-02,2026-06,41,40,2,College of Business | School of Business,0,,"Bachelor of Science Business Administration, Human Resource Management","Bachelor of Science, Human Resource Management"
D361,RETIRED,Business Simulation,4,2022-02,2026-06,53,52,2,College of Business | School of Business,0,,"Bachelor of Science Business Administration, Accounting | Bachelor of Science Business Administration, Healthcare Management | Bachelor of Science Business Administration, Human Resource Management | Bachelor of Science Business Administration, Information Technology Management","Bachelor of Science, Accounting | Bachelor of Science, Business Management | Bachelor of Science, Communications | Bachelor of Science, Finance"
D362,RETIRED,Corporate Finance,3,2023-01,2026-06,42,41,2,College of Business | School of Business,0,,"Bachelor of Science, Finance","Bachelor of Science, Finance"
D363,RETIRED,Personal Finance,3,2023-01,2026-06,42,41,2,College of Business | School of Business,0,,"Bachelor of Science, Finance","Bachelor of Science, Finance"
D364,RETIRED,Financial Management I,3,2023-01,2026-06,42,41,2,College of Business | School of Business,0,,"Bachelor of Science, Finance","Bachelor of Science, Finance"
D365,RETIRED,Financial Management II,3,2023-01,2026-06,42,41,2,College of Business | School of Business,0,,"Bachelor of Science, Finance","Bachelor of Science, Finance"
D366,RETIRED,Financial Statement Analysis,3,2023-01,2026-06,42,41,2,College of Business | School of Business,0,,"Bachelor of Science, Finance","Bachelor of Science, Finance"
D367,RETIRED,Innovation in Finance,3,2023-01,2026-06,42,41,2,College of Business | School of Business,0,,"Bachelor of Science, Finance","Bachelor of Science, Finance"
D368,RETIRED,Enterprise Risk Management,3,2023-01,2026-06,42,41,2,College of Business | School of Business,0,,"Bachelor of Science, Finance","Bachelor of Science, Finance"
D369,RETIRED,Finance Capstone,3,2023-01,2026-06,42,41,2,College of Business | School of Business,0,,"Bachelor of Science, Finance","Bachelor of Science, Finance"
D370,RETIRED,IT Leadership Foundations,3,2022-05,2026-06,50,49,2,College of Information Technology | School of Technology,0,,"Bachelor of Science, Cloud Computing","Bachelor of Science, Cloud and Network Engineering | Bachelor of Science, Cloud and Network Engineering - Amazon Web Services | Bachelor of Science, Cloud and Network Engineering - Cisco | Bachelor of Science, Cloud and Network Engineering - Microsoft Azure"
D372,RETIRED,Introduction to Systems Thinking,3,2022-08,2026-06,47,46,2,College of Information Technology | School of Technology,0,,"Bachelor of Science, Network Engineering and Security | Bachelor of Science, Network Engineering and Security Cisco Track","Bachelor of Science, Data Analytics | Bachelor of Science, Software Engineering (BSSWE to MSSWE) | Bachelor of Science, Software Engineering [BSSWE] | Bachelor of Science, Software Engineering [BSSWE_C]"
D373,RETIRED,Marketing in the Digital Era,3,2022-12,2026-06,43,42,2,College of Business | School of Business,0,,"Master of Science in Marketing, Digital Marketing Specialization","Master of Science in Marketing, Digital Marketing Specialization | Master of Science in Marketing, Marketing Analytics Specialization"
D374,RETIRED,Market Research,3,2022-12,2026-06,43,42,2,College of Business | School of Business,0,,"Master of Science in Marketing, Digital Marketing Specialization","Master of Science in Marketing, Digital Marketing Specialization | Master of Science in Marketing, Marketing Analytics Specialization"
D375,RETIRED,Marketing Communications and Storytelling,3,2022-12,2026-06,43,42,2,College of Business | School of Business,0,,"Master of Science in Marketing, Digital Marketing Specialization","Master of Science in Marketing, Digital Marketing Specialization | Master of Science in Marketing, Marketing Analytics Specialization"
D376,RETIRED,"Product, Price, and Customer Experience",3,2022-12,2026-06,43,42,2,College of Business | School of Business,0,,"Master of Science in Marketing, Digital Marketing Specialization","Master of Science in Marketing, Digital Marketing Specialization | Master of Science in Marketing, Marketing Analytics Specialization"
D377,RETIRED,Digital Marketing Foundations,3,2022-12,2026-06,43,42,2,College of Business | School of Business,0,,"Master of Science in Marketing, Digital Marketing Specialization","Master of Science in Marketing, Digital Marketing Specialization"
D378,RETIRED,Digital Marketing Science,4,2023-01,2026-06,42,41,2,College of Business | School of Business,0,,"Master of Science in Marketing, Marketing Analytics Specialization","Master of Science in Marketing, Marketing Analytics Specialization"
D379,RETIRED,Social Media Marketing,3,2022-12,2026-06,43,42,2,College of Business | School of Business,0,,"Master of Science in Marketing, Digital Marketing Specialization","Master of Science in Marketing, Digital Marketing Specialization"
D380,RETIRED,Email Marketing,3,2022-12,2026-06,43,42,2,College of Business | School of Business,0,,"Master of Science in Marketing, Digital Marketing Specialization","Master of Science in Marketing, Digital Marketing Specialization"
D381,RETIRED,E-Commerce and Marketing Analytics,3,2022-12,2026-06,43,42,2,College of Business | School of Business,0,,"Master of Science in Marketing, Digital Marketing Specialization","Master of Science in Marketing, Digital Marketing Specialization | Master of Science in Marketing, Marketing Analytics Specialization"
D382,RETIRED,Digital Marketing Analytics,3,2023-01,2026-06,42,41,2,College of Business | School of Business,0,,"Master of Science in Marketing, Marketing Analytics Specialization","Master of Science in Marketing, Marketing Analytics Specialization"
D383,RETIRED,Search Engine Optimization,3,2023-01,2026-06,42,41,2,College of Business | School of Business,0,,"Master of Science in Marketing, Marketing Analytics Specialization","Master of Science in Marketing, Marketing Analytics Specialization"
D384,RETIRED,Marketing Experiential Capstone,3,2022-12,2026-06,43,42,2,College of Business | School of Business,0,,"Master of Science in Marketing, Digital Marketing Specialization","Master of Science in Marketing, Digital Marketing Specialization | Master of Science in Marketing, Marketing Analytics Specialization"
D385,RETIRED,Software Security and Testing,3,2023-01,2026-06,42,41,2,College of Information Technology | School of Technology,0,,"Bachelor of Science, Software Engineering [BSSWE] | Bachelor of Science, Software Engineering [BSSWE_C]","Bachelor of Science, Cybersecurity and Information Assurance | Bachelor of Science, Software Engineering (BSSWE to MSSWE) | Bachelor of Science, Software Engineering [BSSWE] | Bachelor of Science, Software Engineering [BSSWE_C]"
D386,RETIRED,Hardware and Operating Systems Essentials,3,2023-01,2026-06,42,41,2,College of Information Technology | School of Technology,0,,"Bachelor of Science, Software Engineering [BSSWE] | Bachelor of Science, Software Engineering [BSSWE_C]","Bachelor of Science, Data Analytics | Bachelor of Science, Software Engineering (BSSWE to MSSWE) | Bachelor of Science, Software Engineering [BSSWE] | Bachelor of Science, Software Engineering [BSSWE_C]"
D387,RETIRED,Advanced Java,3,2023-01,2026-06,42,41,2,College of Information Technology | School of Technology,0,,"Bachelor of Science, Software Engineering [BSSWE]","Bachelor of Science, Computer Science | Bachelor of Science, Computer Science (BSCS to MSCS) | Bachelor of Science, Software Engineering (BSSWE to MSSWE) | Bachelor of Science, Software Engineering [BSSWE]"
D388,RETIRED,Fundamentals of Spreadsheets and Data Presentations,3,2023-01,2026-06,42,41,4,College of Business | College of Information Technology | School of Business | School of Technology,1,Fundamentals of Spreadsheets and Data,"Bachelor of Science, Finance","Bachelor of Science, Accounting | Bachelor of Science, Business Management | Bachelor of Science, Communications | Bachelor of Science, Data Analytics"
D389,RETIRED,Learning Strategies in Higher Education,4,2022-12,2026-06,43,42,2,College of Health Professions | Leavitt School of Health,0,,"Bachelor of Science, Health and Human Services","Bachelor of Science in Psychology | Bachelor of Science, Health Information Management | Bachelor of Science, Health Science | Bachelor of Science, Health and Human Services"
D390,RETIRED,Introduction to Health and Human Services,3,2022-12,2026-06,43,42,2,College of Health Professions | Leavitt School of Health,0,,"Bachelor of Science, Health and Human Services","Bachelor of Science, Health and Human Services"
D391,RETIRED,Healthcare Ecosystems,3,2022-12,2026-06,43,42,2,College of Health Professions | Leavitt School of Health,0,,"Bachelor of Science, Health and Human Services","Bachelor of Science, Health Information Management | Bachelor of Science, Health and Human Services"
D392,RETIRED,Interdisciplinary Team Dynamics,3,2022-12,2024-09,22,21,2,College of Health Professions | Leavitt School of Health,0,,"Bachelor of Science, Health and Human Services","Bachelor of Science, Health and Human Services"
D393,RETIRED,History of Healthcare in America,3,2022-12,2026-06,43,42,2,College of Health Professions | Leavitt School of Health,0,,"Bachelor of Science, Health and Human Services","Bachelor of Science, Health and Human Services"
D394,RETIRED,Care for Individuals and Families,3,2022-12,2026-06,43,42,2,College of Health Professions | Leavitt School of Health,0,,"Bachelor of Science, Health and Human Services","Bachelor of Science, Health and Human Services"
D395,RETIRED,Cultural Awareness,3,2022-12,2024-09,22,21,2,College of Health Professions | Leavitt School of Health,0,,"Bachelor of Science, Health and Human Services","Bachelor of Science, Health and Human Services"
D396,RETIRED,Evidenced-Based Practice for Health and Human Services,3,2022-12,2026-06,43,42,2,College of Health Professions | Leavitt School of Health,2,Evidence-Based Practice for Health and | Evidence-Based Practice for Health and Human Services,"Bachelor of Science, Health and Human Services","Bachelor of Science, Health and Human Services"
D397,RETIRED,Health Equity and Social Determinants of Health,3,2022-12,2024-09,22,21,2,College of Health Professions | Leavitt School of Health,1,Health Equity and Social Determinants of,"Bachelor of Science, Health and Human Services","Bachelor of Science, Health and Human Services"
D398,RETIRED,Introduction to Pharmacology,3,2022-12,2026-06,43,42,2,College of Health Professions | Leavitt School of Health,0,,"Bachelor of Science, Health and Human Services","Bachelor of Science, Health Information Management | Bachelor of Science, Health and Human Services"
D399,RETIRED,Introduction to Gerontology,3,2022-12,2026-06,43,42,2,College of Health Professions | Leavitt School of Health,0,,"Bachelor of Science, Health and Human Services","Bachelor of Science, Health and Human Services"
D400,RETIRED,End of Life Care,3,2022-12,2026-06,43,42,2,College of Health Professions | Leavitt School of Health,1,End-of-Life Care,"Bachelor of Science, Health and Human Services","Bachelor of Science, Health and Human Services"
D401,RETIRED,Introduction to Epidemiology,3,2022-12,2026-06,43,42,2,College of Health Professions | Leavitt School of Health,0,,"Bachelor of Science, Health and Human Services","Bachelor of Science, Health Science | Bachelor of Science, Health and Human Services | Bachelor of Science, Public Health"
D402,RETIRED,Community and Public Health,4,2022-12,2026-06,43,42,2,College of Health Professions | Leavitt School of Health,0,,"Bachelor of Science, Health and Human Services","Bachelor of Science, Health and Human Services | Bachelor of Science, Public Health"
D403,RETIRED,Understanding Substance Abuse and Addiction,3,2022-12,2024-09,22,21,2,College of Health Professions | Leavitt School of Health,1,Understanding Substance Abuse and,"Bachelor of Science, Health and Human Services","Bachelor of Science, Health and Human Services"
D404,RETIRED,Healthcare Values and Ethics,3,2022-12,2026-06,43,42,2,College of Health Professions | Leavitt School of Health,0,,"Bachelor of Science, Health and Human Services","Bachelor of Science, Health and Human Services"
D405,RETIRED,Financial Resource Management and Healthcare,4,2022-12,2026-06,43,42,2,College of Health Professions | Leavitt School of Health,1,Financial Resource Management and,"Bachelor of Science, Health and Human Services","Bachelor of Science, Health and Human Services"
D406,RETIRED,Health Literacy for the Client and Family,3,2022-12,2026-06,43,42,2,College of Health Professions | Leavitt School of Health,0,,"Bachelor of Science, Health and Human Services","Bachelor of Science, Health and Human Services"
D407,RETIRED,Models of Care and Healthcare Trends,3,2022-12,2026-06,43,42,2,College of Health Professions | Leavitt School of Health,0,,"Bachelor of Science, Health and Human Services","Bachelor of Science, Health and Human Services"
D408,RETIRED,Community Relations and Leadership,3,2022-12,2026-06,43,42,2,College of Health Professions | Leavitt School of Health,0,,"Bachelor of Science, Health and Human Services","Bachelor of Science, Health and Human Services"
D409,RETIRED,Health and Human Services Professional Field Experience,3,2022-12,2026-06,43,42,2,College of Health Professions | Leavitt School of Health,1,Health and Human Services Professional Field,"Bachelor of Science, Health and Human Services","Bachelor of Science, Health and Human Services"
D410,RETIRED,Health & Human Services Professional Capstone,3,2022-12,2026-06,43,42,2,College of Health Professions | Leavitt School of Health,1,Health & Human Services Professional,"Bachelor of Science, Health and Human Services","Bachelor of Science, Health and Human Services"
D411,RETIRED,Scripting and Automation,2,2022-05,2025-07,39,38,2,College of Information Technology | School of Technology,0,,"Bachelor of Science, Cloud Computing","Bachelor of Science, Cloud Computing | Bachelor of Science, Cloud Computing - Amazon Web Services track | Bachelor of Science, Cloud Computing - Microsoft Azure track"
D411A,RETIRED,Scripting and Automation,2,2024-01,2024-08,8,7,2,College of Information Technology | School of Technology,0,,Certificate: Web Application Deployment and Support,Certificate: Web Application Deployment and Support
D412,RETIRED,Network Analytics and Troubleshooting,3,2022-08,2026-06,47,46,2,College of Information Technology | School of Technology,0,,"Bachelor of Science, Network Engineering and Security | Bachelor of Science, Network Engineering and Security Cisco Track","Bachelor of Science, Cloud and Network Engineering | Bachelor of Science, Cloud and Network Engineering - Amazon Web Services | Bachelor of Science, Cloud and Network Engineering - Cisco | Bachelor of Science, Cloud and Network Engineering - Microsoft Azure"
D413,RETIRED,Telecomm and Wireless Communications,3,2022-08,2026-06,47,46,2,College of Information Technology | School of Technology,0,,"Bachelor of Science, Network Engineering and Security | Bachelor of Science, Network Engineering and Security Cisco Track","Bachelor of Science, Cloud and Network Engineering | Bachelor of Science, Cloud and Network Engineering - Amazon Web Services | Bachelor of Science, Cloud and Network Engineering - Cisco | Bachelor of Science, Cloud and Network Engineering - Microsoft Azure"
D414,RETIRED,Cyber Operations Fundamentals,6,2022-08,2026-06,47,46,2,College of Information Technology | School of Technology,0,,"Bachelor of Science, Network Engineering and Security Cisco Track","Bachelor of Science, Cloud and Network Engineering - Cisco"
D415,RETIRED,Software Defined Networking,3,2022-08,2026-06,47,46,2,College of Information Technology | School of Technology,0,,"Bachelor of Science, Network Engineering and Security","Bachelor of Science, Cloud and Network Engineering | Bachelor of Science, Cloud and Network Engineering - Amazon Web Services | Bachelor of Science, Cloud and Network Engineering - Microsoft Azure"
D416,RETIRED,DevNet Fundamentals,6,2022-08,2026-06,47,46,2,College of Information Technology | School of Technology,0,,"Bachelor of Science, Network Engineering and Security Cisco Track","Bachelor of Science, Cloud and Network Engineering - Cisco"
D417,RETIRED,Network Automation and Deployment,3,2022-08,2026-06,47,46,2,College of Information Technology | School of Technology,0,,"Bachelor of Science, Network Engineering and Security","Bachelor of Science, Cloud and Network Engineering"
D418,RETIRED,BSNES Capstone Project,4,2022-08,2025-07,36,35,2,College of Information Technology | School of Technology,0,,"Bachelor of Science, Network Engineering and Security | Bachelor of Science, Network Engineering and Security Cisco Track","Bachelor of Science, Network Engineering and Security Cisco Track | Master of Science, Information Technology Management portion"
D419,RETIRED,Implementing and Administering Networking Solutions,6,2022-08,2026-06,47,46,2,College of Information Technology | School of Technology,1,Implementing and Administering Networking,"Bachelor of Science, Network Engineering and Security Cisco Track","Bachelor of Science, Cloud and Network Engineering - Cisco"
D420,RETIRED,Discrete Math: Logic,1,2022-08,2026-06,47,46,2,College of Information Technology | School of Technology,0,,"Bachelor of Science, Network Engineering and Security | Bachelor of Science, Network Engineering and Security Cisco Track","Bachelor of Science, Cybersecurity and Information Assurance | Bachelor of Science, Data Analytics"
D421,RETIRED,Discrete Math: Functions and Relations,1,2022-08,2026-06,47,46,2,College of Information Technology | School of Technology,0,,"Bachelor of Science, Network Engineering and Security | Bachelor of Science, Network Engineering and Security Cisco Track","Bachelor of Science, Cybersecurity and Information Assurance | Bachelor of Science, Data Analytics"
D422,RETIRED,Discrete Math: Algorithms and Cryptography,1,2022-08,2026-06,47,46,2,College of Information Technology | School of Technology,0,,"Bachelor of Science, Network Engineering and Security | Bachelor of Science, Network Engineering and Security Cisco Track","Bachelor of Science, Cybersecurity and Information Assurance"
D423,RETIRED,Spreadsheets,1,2022-08,2024-03,20,19,1,College of Information Technology,0,,"Bachelor of Science, Network Engineering and Security | Bachelor of Science, Network Engineering and Security Cisco Track","Bachelor of Science, Network Engineering and Security | Bachelor of Science, Network Engineering and Security Cisco Track"
D424,RETIRED,Software Engineering Capstone,4,2023-01,2026-06,42,41,2,College of Information Technology | School of Technology,0,,"Bachelor of Science, Software Engineering [BSSWE] | Bachelor of Science, Software Engineering [BSSWE_C]","Bachelor of Science, Software Engineering (BSSWE to MSSWE) | Bachelor of Science, Software Engineering [BSSWE] | Bachelor of Science, Software Engineering [BSSWE_C]"
D425,RETIRED,Introduction to Chemistry,3,2023-01,2026-06,42,41,1,Leavitt School of Health,0,,"Bachelor of Science, Nursing - Prelicensure (Pre-Nursing)","Bachelor of Science, Health Science | Bachelor of Science, Nursing - Prelicensure (Pre-Nursing)"
D426,RETIRED,Data Management - Foundations,3,2022-06,2026-06,49,48,2,College of Information Technology | School of Technology,0,,"Bachelor of Science, Cloud Computing | Bachelor of Science, Cloud Computing – Amazon Web Services track | Bachelor of Science, Cloud Computing – Microsoft Azure track | Bachelor of Science, Information Technology","Bachelor of Science, AI Engineering | Bachelor of Science, Cloud and Network Engineering | Bachelor of Science, Cloud and Network Engineering - Amazon Web Services | Bachelor of Science, Cloud and Network Engineering - Cisco"
D427,RETIRED,Data Management - Applications,4,2022-06,2026-06,49,48,2,College of Information Technology | School of Technology,0,,"Bachelor of Science, Cloud Computing | Bachelor of Science, Cloud Computing – Amazon Web Services track | Bachelor of Science, Cloud Computing – Microsoft Azure track | Bachelor of Science, Information Technology","Bachelor of Science, Computer Science | Bachelor of Science, Computer Science (BSCS to MSCS) | Bachelor of Science, Data Analytics | Bachelor of Science, Information Technology"
D427A,RETIRED,Data Management - Applications,4,2024-02,2024-08,7,6,2,College of Information Technology | School of Technology,0,,Certificate: Back End Web Development,Certificate: Back End Web Development
D428,RETIRED,Design Thinking for Business,3,2023-04,2026-06,39,38,4,College of Business | College of Information Technology | School of Business | School of Technology,0,,Bachelor of Science Supply Chain and Operations Management,"Bachelor of Science, Business Management | Bachelor of Science, Data Analytics | Bachelor of Science, Marketing | Bachelor of Science, Project Management"
D429,RETIRED,Introduction to AI for Computer Scientists,2,2024-10,2026-06,21,20,1,School of Technology,0,,"Bachelor of Science, Computer Science","Bachelor of Science, Computer Science | Bachelor of Science, Computer Science (BSCS to MSCS)"
D430,RETIRED,Fundamentals of Information Security,3,2023-02,2026-06,41,40,2,College of Information Technology | School of Technology,0,,"Bachelor of Science, Cybersecurity and Information Assurance","Bachelor of Science, AI Engineering | Bachelor of Science, Computer Science | Bachelor of Science, Computer Science (BSCS to MSCS)"
D431,RETIRED,Digital Forensics in Cybersecurity,4,2023-02,2025-06,29,28,2,College of Information Technology | School of Technology,0,,"Bachelor of Science, Cybersecurity and Information Assurance","Bachelor of Science, Cybersecurity and Information Assurance"
D432,RETIRED,HR Compliance and Employee Relations,3,2023-08,2026-06,35,34,2,College of Business | School of Business,0,,"Master of Science, Human Resource Management","Master of Science, Human Resource Management"
D433,RETIRED,Talent Acquisition and Development,3,2023-08,2026-06,35,34,2,College of Business | School of Business,0,,"Master of Science, Human Resource Management","Master of Science, Human Resource Management"
D434,RETIRED,Future Focused Total Rewards,3,2023-08,2026-06,35,34,2,College of Business | School of Business,0,,"Master of Science, Human Resource Management","Master of Science, Human Resource Management"
D435,RETIRED,HR Technology and People Analytics,3,2023-08,2026-06,35,34,2,College of Business | School of Business,0,,"Master of Science, Human Resource Management","Master of Science, Human Resource Management"
D436,RETIRED,Inclusive Workplace Culture Capstone,3,2023-08,2026-05,34,33,2,College of Business | School of Business,0,,"Master of Science, Human Resource Management","Master of Science, Human Resource Management"
D439,RETIRED,Foundations of Nursing,3,2023-01,2026-06,42,41,1,Leavitt School of Health,0,,"Bachelor of Science, Nursing - Prelicensure (Pre-Nursing)","Bachelor of Science, Nursing - Prelicensure (Pre-Nursing)"
D440,RETIRED,Health and Wellness Through Nutritional Sciences,3,2023-01,2026-06,42,41,1,Leavitt School of Health,2,Health and Wellness Through Nutritional | Health and Wellness Through Nutritional Science,"Bachelor of Science, Nursing - Prelicensure (Pre-Nursing)","Bachelor of Science, Nursing - Prelicensure (Pre-Nursing)"
D441,RETIRED,Medical Dosage Calculations and Pharmacology,3,2023-01,2026-06,42,41,1,Leavitt School of Health,1,Medical Dosage Calculations and,"Bachelor of Science, Nursing - Prelicensure (Pre-Nursing)","Bachelor of Science, Nursing - Prelicensure (Pre-Nursing)"
D442,RETIRED,Basic Nursing Skills,3,2023-01,2026-06,42,41,1,Leavitt School of Health,0,,"Bachelor of Science, Nursing - Prelicensure (Nursing)","Bachelor of Science, Nursing - Prelicensure (Nursing)"
D443,RETIRED,Health Assessment,3,2023-01,2026-06,42,41,1,Leavitt School of Health,0,,"Bachelor of Science, Nursing - Prelicensure (Nursing)","Bachelor of Science, Nursing - Prelicensure (Nursing)"
D444,RETIRED,Adult Health I,5,2023-01,2026-06,42,41,1,Leavitt School of Health,0,,"Bachelor of Science, Nursing - Prelicensure (Nursing)","Bachelor of Science, Nursing - Prelicensure (Nursing)"
D445,RETIRED,Intermediate Nursing Skills,3,2023-01,2026-06,42,41,1,Leavitt School of Health,0,,"Bachelor of Science, Nursing - Prelicensure (Nursing)","Bachelor of Science, Nursing - Prelicensure (Nursing)"
D446,RETIRED,Adult Health II,5,2023-01,2026-06,42,41,1,Leavitt School of Health,0,,"Bachelor of Science, Nursing - Prelicensure (Nursing)","Bachelor of Science, Nursing - Prelicensure (Nursing)"
D447,RETIRED,Women's and Children's Nursing,5,2023-01,2026-06,42,41,1,Leavitt School of Health,0,,"Bachelor of Science, Nursing - Prelicensure (Nursing)","Bachelor of Science, Nursing - Prelicensure (Nursing)"
D449,RETIRED,Psychiatric and Mental Health Nursing,5,2023-01,2026-06,42,41,1,Leavitt School of Health,0,,"Bachelor of Science, Nursing - Prelicensure (Nursing)","Bachelor of Science, Nursing - Prelicensure (Nursing)"
D450,RETIRED,Community Health and Population-Focused Nursing,5,2023-01,2026-06,42,41,1,Leavitt School of Health,1,Community Health and Population-Focused,"Bachelor of Science, Nursing - Prelicensure (Nursing)","Bachelor of Science, Nursing - Prelicensure (Nursing)"
D453,RETIRED,Advanced Nursing Skills,2,2023-01,2026-06,42,41,1,Leavitt School of Health,0,,"Bachelor of Science, Nursing - Prelicensure (Nursing)","Bachelor of Science, Nursing - Prelicensure (Nursing)"
D454,RETIRED,Adult Health III,5,2023-01,2026-06,42,41,1,Leavitt School of Health,0,,"Bachelor of Science, Nursing - Prelicensure (Nursing)","Bachelor of Science, Nursing - Prelicensure (Nursing)"
D455,RETIRED,Professional Nursing Role Transition,6,2023-01,2026-06,42,41,1,Leavitt School of Health,0,,"Bachelor of Science, Nursing - Prelicensure (Nursing)","Bachelor of Science, Nursing - Prelicensure (Nursing)"
D458,RETIRED,Introduction to Systems Thinking for Health Professionals,3,2022-12,2026-06,43,42,2,College of Health Professions | Leavitt School of Health,1,Introduction to Systems Thinking for Health,"Bachelor of Science, Health and Human Services","Bachelor of Science, Health and Human Services"
D459,RETIRED,Introduction to Systems Thinking and,3,2024-08,2026-06,23,22,3,School of Business | School of Education | School of Technology,0,,"Bachelor of Science, Communications | Bachelor of Science, User Experience Design","Bachelor of Arts, Educational Studies in Elementary Education | Bachelor of Arts, Educational Studies in Mild to Moderate Exceptionalities Special Education | Bachelor of Arts, Educational Studies in Secondary Biological Science Education | Bachelor of Arts, Educational Studies in Secondary Chemistry Science Education"
D464,RETIRED,Managing Operations,3,2023-04,2026-06,39,38,2,College of Business | School of Business,0,,Bachelor of Science Supply Chain and Operations Management,"Bachelor of Science, Supply Chain and Operations Management"
D465,RETIRED,Data Applications,3,2023-04,2026-06,39,38,2,College of Business | School of Business,0,,Bachelor of Science Supply Chain and Operations Management,"Bachelor of Science, Supply Chain and Operations Management"
D466,RETIRED,Analyzing and Visualizing Data,3,2023-04,2026-06,39,38,2,College of Business | School of Business,0,,Bachelor of Science Supply Chain and Operations Management,"Bachelor of Science, Supply Chain and Operations Management"
D467,RETIRED,Exploring Data,3,2023-04,2026-06,39,38,2,College of Business | School of Business,0,,Bachelor of Science Supply Chain and Operations Management,"Bachelor of Science, Supply Chain and Operations Management"
D468,RETIRED,Discovering Data,3,2023-04,2026-06,39,38,2,College of Business | School of Business,0,,Bachelor of Science Supply Chain and Operations Management,"Bachelor of Science, Supply Chain and Operations Management"
D469,RETIRED,"Quality, Continuous Improvement, and Lean Six Sigma",3,2023-04,2026-06,39,38,2,College of Business | School of Business,1,"Quality, Continuous Improvement, and Lean",Bachelor of Science Supply Chain and Operations Management,"Bachelor of Science, Supply Chain and Operations Management"
D470,RETIRED,"Transportation, Logistics, and Distribution",3,2023-04,2026-06,39,38,2,College of Business | School of Business,0,,Bachelor of Science Supply Chain and Operations Management,"Bachelor of Science, Supply Chain and Operations Management"
D471,RETIRED,Global Supply Chain Management,3,2023-04,2026-06,39,38,2,College of Business | School of Business,0,,Bachelor of Science Supply Chain and Operations Management,"Bachelor of Science, Supply Chain and Operations Management"
D472,RETIRED,21st Century Operations and Supply Chain,3,2023-04,2026-06,39,38,2,College of Business | School of Business,0,,Bachelor of Science Supply Chain and Operations Management,"Bachelor of Science, Supply Chain and Operations Management"
D473,RETIRED,Solutions Design & Visualization Capstone,3,2023-04,2026-06,39,38,2,College of Business | School of Business,1,Solutions Design and Visualization Capstone,Bachelor of Science Supply Chain and Operations Management,"Bachelor of Science, Supply Chain and Operations Management"
D479,RETIRED,User Experience Design,3,2023-01,2026-06,42,41,2,College of Information Technology | School of Technology,0,,"Bachelor of Science, Software Engineering [BSSWE] | Bachelor of Science, Software Engineering [BSSWE_C]","Bachelor of Science, Software Engineering (BSSWE to MSSWE) | Bachelor of Science, Software Engineering [BSSWE] | Bachelor of Science, Software Engineering [BSSWE_C]"
D480,RETIRED,Software Design and Quality Assurance,3,2023-01,2026-06,42,41,2,College of Information Technology | School of Technology,1,Software Quality Assurance,"Bachelor of Science, Software Engineering [BSSWE] | Bachelor of Science, Software Engineering [BSSWE_C]","Bachelor of Science, Computer Science | Bachelor of Science, Computer Science (BSCS to MSCS) | Bachelor of Science, Software Engineering [BSSWE] | Bachelor of Science, Software Engineering [BSSWE_C]"
D481,RETIRED,Security Foundations,2,2023-05,2026-06,38,37,2,College of Information Technology | School of Technology,0,,"Master of Science, Cybersecurity and Information Assurance","Master of Science, Cybersecurity and Information Assurance"
D482,RETIRED,Secure Network Design,3,2023-05,2026-06,38,37,2,College of Information Technology | School of Technology,0,,"Master of Science, Cybersecurity and Information Assurance","Master of Science, Cybersecurity and Information Assurance"
D483,RETIRED,Security Operations,4,2023-05,2026-06,38,37,2,College of Information Technology | School of Technology,0,,"Master of Science, Cybersecurity and Information Assurance","Master of Science, Cybersecurity and Information Assurance"
D484,RETIRED,Penetration Testing,4,2023-05,2026-06,38,37,2,College of Information Technology | School of Technology,0,,"Master of Science, Cybersecurity and Information Assurance","Master of Science, Cybersecurity and Information Assurance"
D485,RETIRED,Cloud Security,4,2023-05,2026-06,38,37,2,College of Information Technology | School of Technology,0,,"Master of Science, Cybersecurity and Information Assurance","Master of Science, Cybersecurity and Information Assurance"
D486,RETIRED,"Governance, Risk, and Compliance",2,2023-05,2026-06,38,37,2,College of Information Technology | School of Technology,0,,"Master of Science, Cybersecurity and Information Assurance","Master of Science, Computer Science, Artificial Intelligence and Machine Learning | Master of Science, Computer Science, Computing Systems | Master of Science, Computer Science, Human-Computer Interaction | Master of Science, Cybersecurity and Information Assurance"
D487,RETIRED,Secure Software Design,3,2023-05,2026-06,38,37,2,College of Information Technology | School of Technology,0,,"Master of Science, Cybersecurity and Information Assurance","Master of Science, Cybersecurity and Information Assurance"
D488,RETIRED,Cybersecurity Architecture and Engineering,4,2023-05,2026-06,38,37,2,College of Information Technology | School of Technology,0,,"Master of Science, Cybersecurity and Information Assurance","Master of Science, Cybersecurity and Information Assurance"
D489,RETIRED,Cybersecurity Management,4,2023-05,2026-06,38,37,2,College of Information Technology | School of Technology,0,,"Master of Science, Cybersecurity and Information Assurance","Master of Science, Cybersecurity and Information Assurance"
D490,RETIRED,Cybersecurity Graduate Capstone,4,2023-05,2026-06,38,37,2,College of Information Technology | School of Technology,0,,"Master of Science, Cybersecurity and Information Assurance","Master of Science, Cybersecurity and Information Assurance"
D491,RETIRED,Introduction to Analytics,2,2023-08,2026-06,35,34,2,College of Information Technology | School of Technology,0,,"Bachelor of Science, Data Analytics","Bachelor of Science, Data Analytics"
D492,RETIRED,Data Analytics - Applications,4,2023-08,2026-06,35,34,2,College of Information Technology | School of Technology,0,,"Bachelor of Science, Data Analytics","Bachelor of Science, Cybersecurity and Information Assurance | Bachelor of Science, Data Analytics"
D493,RETIRED,Scripting and Programming - Applications,3,2023-08,2026-06,35,34,2,College of Information Technology | School of Technology,0,,"Bachelor of Science, Data Analytics","Bachelor of Science, Data Analytics"
D494,RETIRED,Data and Information Governance,2,2023-08,2026-06,35,34,2,College of Information Technology | School of Technology,0,,"Bachelor of Science, Data Analytics","Bachelor of Science, AI Engineering | Bachelor of Science, Data Analytics"
D495,RETIRED,Big Data Foundations,4,2023-08,2026-06,35,34,2,College of Information Technology | School of Technology,0,,"Bachelor of Science, Data Analytics","Bachelor of Science, AI Engineering | Bachelor of Science, Data Analytics"
D496,RETIRED,Introduction to Data Science,4,2023-08,2026-06,35,34,2,College of Information Technology | School of Technology,0,,"Bachelor of Science, Data Analytics","Bachelor of Science, Data Analytics"
D497,RETIRED,Data Wrangling,3,2023-08,2026-06,35,34,2,College of Information Technology | School of Technology,0,,"Bachelor of Science, Data Analytics","Bachelor of Science, Data Analytics"
D498,RETIRED,Data Analysis with R,2,2023-08,2026-06,35,34,2,College of Information Technology | School of Technology,0,,"Bachelor of Science, Data Analytics","Bachelor of Science, Data Analytics"
D499,RETIRED,Machine Learning,3,2023-08,2026-06,35,34,2,College of Information Technology | School of Technology,0,,"Bachelor of Science, Data Analytics","Bachelor of Science, AI Engineering | Bachelor of Science, Data Analytics"
D500,RETIRED,Data Visualization,2,2023-08,2026-06,35,34,2,College of Information Technology | School of Technology,0,,"Bachelor of Science, Data Analytics","Bachelor of Science, Data Analytics"
D501,RETIRED,Machine Learning DevOps,2,2023-08,2026-06,35,34,2,College of Information Technology | School of Technology,0,,"Bachelor of Science, Data Analytics","Bachelor of Science, AI Engineering | Bachelor of Science, Data Analytics"
D502,RETIRED,Data Analytics Capstone,4,2023-08,2026-06,35,34,2,College of Information Technology | School of Technology,0,,"Bachelor of Science, Data Analytics","Bachelor of Science, Data Analytics"
D509,RETIRED,Innovative Solutions in Healthcare Leadership,3,2023-04,2025-11,32,31,1,Leavitt School of Health,0,,Master of Healthcare Administration,Master of Healthcare Administration
D510,RETIRED,Collaborative Leadership,3,2023-04,2025-11,32,31,1,Leavitt School of Health,0,,Master of Healthcare Administration,Master of Healthcare Administration
D511,RETIRED,Healthcare Models and Systems,2,2023-04,2025-11,32,31,1,Leavitt School of Health,0,,Master of Healthcare Administration,Master of Healthcare Administration
D512,RETIRED,Quality Improvement in Healthcare,3,2023-04,2025-11,32,31,1,Leavitt School of Health,0,,Master of Healthcare Administration,Master of Healthcare Administration
D513,RETIRED,Healthcare Financial Management,3,2023-04,2025-11,32,31,1,Leavitt School of Health,0,,Master of Healthcare Administration,Master of Healthcare Administration
D514,RETIRED,Analytical Methods of Healthcare Leaders,2,2023-04,2025-11,32,31,1,Leavitt School of Health,0,,Master of Healthcare Administration,Master of Healthcare Administration
D515,RETIRED,Enterprise Risk Management,3,2023-04,2025-11,32,31,1,Leavitt School of Health,0,,Master of Healthcare Administration,Master of Healthcare Administration
D516,RETIRED,Healthcare Information Technology,2,2023-04,2025-11,32,31,1,Leavitt School of Health,0,,Master of Healthcare Administration,Master of Healthcare Administration
D517,RETIRED,Population Healthcare Coordination,3,2023-04,2025-11,32,31,1,Leavitt School of Health,0,,Master of Healthcare Administration,Master of Healthcare Administration
D518,RETIRED,Challenges in Community Healthcare,3,2023-04,2025-11,32,31,1,Leavitt School of Health,0,,Master of Healthcare Administration,Master of Healthcare Administration
D519,RETIRED,Integrated Healthcare Leadership and Administration,3,2023-04,2025-11,32,31,1,Leavitt School of Health,1,Integrated Healthcare Leadership and,Master of Healthcare Administration,Master of Healthcare Administration
D520,RETIRED,Healthcare Leadership and Administration Capstone,4,2023-04,2025-11,32,31,1,Leavitt School of Health,1,Healthcare Leadership and Administration,Master of Healthcare Administration,Master of Healthcare Administration
D521,RETIRED,Introduction to Medical Coding,3,2024-01,2025-01,13,12,1,Leavitt School of Health,0,,"Bachelor of Science, Health Information Management | Bachelor of Science, Health and Human Services","Bachelor of Science, Health Information Management"
D522,RETIRED,Python for IT Automation,3,2024-04,2026-06,27,26,1,School of Technology,0,,"Bachelor of Science, Cloud Computing | Bachelor of Science, Cloud Computing – Amazon Web Services track | Bachelor of Science, Cloud Computing – Microsoft Azure track | Bachelor of Science, Network Engineering and Security","Bachelor of Science, Cloud and Network Engineering | Bachelor of Science, Cloud and Network Engineering - Amazon Web Services | Bachelor of Science, Cloud and Network Engineering - Cisco | Bachelor of Science, Cloud and Network Engineering - Microsoft Azure"
D523,RETIRED,Student Teaching I in Elementary Education,6,2023-12,2024-09,10,9,1,School of Education,0,,"Bachelor of Arts, Elementary Education | Bachelor of Arts, Special Education and Elementary Education (Dual Licensure)","Bachelor of Arts, Special Education and Elementary Education (Dual Licensure)"
D524,RETIRED,Student Teaching I in Elementary Education,4,2023-12,2024-08,9,8,1,School of Education,0,,"Master of Arts in Teaching, Elementary Education","Master of Arts in Teaching, Elementary Education"
D525,RETIRED,Student Teaching II in Elementary Education,6,2023-12,2024-08,9,8,1,School of Education,0,,"Bachelor of Arts, Elementary Education","Bachelor of Arts, Elementary Education"
D526,RETIRED,Student Teaching II in Elementary Education,4,2023-12,2024-08,9,8,1,School of Education,0,,"Master of Arts in Teaching, Elementary Education","Master of Arts in Teaching, Elementary Education"
D529,RETIRED,Student Teaching I in Special Education,6,2023-12,2024-09,10,9,1,School of Education,0,,"Bachelor of Arts, Special Education, Mild to Moderate","Bachelor of Arts, Special Education, Mild to Moderate"
D530,RETIRED,Student Teaching I in Special Education,4,2023-12,2024-09,10,9,1,School of Education,0,,"Master of Arts in Teaching, Special Education","Master of Arts in Teaching, Special Education"
D531,RETIRED,Student Teaching II in Special Education,6,2023-12,2024-09,10,9,1,School of Education,0,,"Bachelor of Arts, Special Education and Elementary Education (Dual Licensure) | Bachelor of Arts, Special Education, Mild to Moderate","Bachelor of Arts, Special Education and Elementary Education (Dual Licensure) | Bachelor of Arts, Special Education, Mild to Moderate"
D532,RETIRED,Student Teaching II in Special Education,4,2023-12,2024-09,10,9,1,School of Education,0,,"Master of Arts in Teaching, Special Education","Master of Arts in Teaching, Special Education"
D533,RETIRED,Student Teaching I in Secondary Education,6,2023-12,2025-02,15,14,1,School of Education,0,,"Bachelor of Science, Mathematics Education (Middle Grades) | Bachelor of Science, Mathematics Education (Secondary) | Bachelor of Science, Science Education (Middle Grades) | Bachelor of Science, Science Education (Secondary Biological Science)","Bachelor of Science, Mathematics Education (Middle Grades) | Bachelor of Science, Science Education (Middle Grades)"
D534,RETIRED,Student Teaching I in Secondary Education,4,2023-12,2025-02,15,14,1,School of Education,0,,"Master of Arts in Teaching, English Education (Secondary) | Master of Arts in Teaching, Mathematics Education (Middle Grades) | Master of Arts in Teaching, Mathematics Education (Secondary) | Master of Arts in Teaching, Science Education (Secondary)","Master of Arts in Teaching, Mathematics Education (Middle Grades)"
D535,RETIRED,Student Teaching II in Secondary Education,6,2023-12,2025-02,15,14,1,School of Education,0,,"Bachelor of Science, Mathematics Education (Middle Grades) | Bachelor of Science, Mathematics Education (Secondary) | Bachelor of Science, Science Education (Middle Grades) | Bachelor of Science, Science Education (Secondary Biological Science)","Bachelor of Science, Mathematics Education (Middle Grades) | Bachelor of Science, Science Education (Middle Grades)"
D536,RETIRED,Student Teaching II in Secondary Education,4,2023-12,2025-02,15,14,1,School of Education,0,,"Master of Arts in Teaching, English Education (Secondary) | Master of Arts in Teaching, Mathematics Education (Middle Grades) | Master of Arts in Teaching, Mathematics Education (Secondary) | Master of Arts in Teaching, Science Education (Secondary)","Master of Arts in Teaching, Mathematics Education (Middle Grades)"
D545,RETIRED,"Healthcare Administration Evolution, Systems, and Leadership",3,2024-06,2026-06,25,24,1,School of Business,1,"Healthcare Administration Evolution, Systems,","Bachelor of Science, Healthcare Administration","Bachelor of Science, Healthcare Administration"
D546,RETIRED,Healthcare Policy and Governance,4,2024-06,2026-06,25,24,1,School of Business,0,,"Bachelor of Science, Healthcare Administration","Bachelor of Science, Healthcare Administration"
D547,RETIRED,Evidence-Based Healthcare Administration,4,2024-06,2026-06,25,24,1,School of Business,0,,"Bachelor of Science, Healthcare Administration","Bachelor of Science, Healthcare Administration"
D548,RETIRED,Emergency Management and Planning in Healthcare,4,2024-06,2026-06,25,24,1,School of Business,1,Emergency Management and Planning in,"Bachelor of Science, Healthcare Administration","Bachelor of Science, Healthcare Administration"
D549,RETIRED,Exploring Emerging Trends in Healthcare Administration,4,2024-06,2026-06,25,24,1,School of Business,1,Exploring Emerging Trends in Healthcare,"Bachelor of Science, Healthcare Administration","Bachelor of Science, Healthcare Administration"
D550,RETIRED,Ethics for Accountants,3,2024-10,2026-06,21,20,1,School of Business,0,,"Master of Science in Accounting, Auditing Specialization | Master of Science in Accounting, Financial Reporting Specialization | Master of Science in Accounting, Management Accounting Specialization | Master of Science in Accounting, Taxation Specialization","Master of Science in Accounting, Auditing Specialization | Master of Science in Accounting, Financial Reporting Specialization | Master of Science in Accounting, Management Accounting Specialization | Master of Science in Accounting, Taxation Specialization"
D551,RETIRED,Fraud and Forensic Accounting,3,2024-10,2026-06,21,20,1,School of Business,0,,"Master of Science in Accounting, Auditing Specialization | Master of Science in Accounting, Financial Reporting Specialization | Master of Science in Accounting, Management Accounting Specialization | Master of Science in Accounting, Taxation Specialization","Master of Science in Accounting, Auditing Specialization | Master of Science in Accounting, Financial Reporting Specialization | Master of Science in Accounting, Management Accounting Specialization | Master of Science in Accounting, Taxation Specialization"
D552,RETIRED,Data Analytics for Accountants I,3,2024-10,2026-06,21,20,1,School of Business,0,,"Master of Science in Accounting, Auditing Specialization | Master of Science in Accounting, Financial Reporting Specialization | Master of Science in Accounting, Management Accounting Specialization | Master of Science in Accounting, Taxation Specialization","Master of Science in Accounting, Auditing Specialization | Master of Science in Accounting, Financial Reporting Specialization | Master of Science in Accounting, Management Accounting Specialization | Master of Science in Accounting, Taxation Specialization"
D553,RETIRED,Data Analytics for Accountants II,3,2024-10,2026-06,21,20,1,School of Business,0,,"Master of Science in Accounting, Auditing Specialization | Master of Science in Accounting, Financial Reporting Specialization | Master of Science in Accounting, Management Accounting Specialization | Master of Science in Accounting, Taxation Specialization","Master of Science in Accounting, Auditing Specialization | Master of Science in Accounting, Financial Reporting Specialization | Master of Science in Accounting, Management Accounting Specialization | Master of Science in Accounting, Taxation Specialization"
D554,RETIRED,Advanced Financial Accounting I,3,2024-10,2026-06,21,20,1,School of Business,0,,"Master of Science in Accounting, Financial Reporting Specialization | Master of Science in Accounting, Taxation Specialization","Master of Science in Accounting, Financial Reporting Specialization | Master of Science in Accounting, Taxation Specialization"
D555,RETIRED,Advanced Financial Accounting II,3,2024-10,2026-06,21,20,1,School of Business,0,,"Master of Science in Accounting, Financial Reporting Specialization | Master of Science in Accounting, Taxation Specialization","Master of Science in Accounting, Financial Reporting Specialization | Master of Science in Accounting, Taxation Specialization"
D556,RETIRED,Corporate Financial Analysis,3,2024-10,2026-06,21,20,1,School of Business,0,,"Master of Science in Accounting, Financial Reporting Specialization | Master of Science in Accounting, Management Accounting Specialization","Master of Science in Accounting, Financial Reporting Specialization | Master of Science in Accounting, Management Accounting Specialization"
D557,RETIRED,Corporate Taxation,3,2024-10,2026-06,21,20,1,School of Business,0,,"Master of Science in Accounting, Taxation Specialization","Master of Science in Accounting, Taxation Specialization"
D558,RETIRED,Pass-Through Taxation,3,2024-10,2026-06,21,20,1,School of Business,0,,"Master of Science in Accounting, Taxation Specialization","Master of Science in Accounting, Taxation Specialization"
D559,RETIRED,Advanced Managerial Accounting,3,2024-10,2026-06,21,20,1,School of Business,0,,"Master of Science in Accounting, Management Accounting Specialization","Master of Science in Accounting, Management Accounting Specialization"
D560,RETIRED,Internal Auditing I,3,2024-10,2026-06,21,20,1,School of Business,0,,"Master of Science in Accounting, Auditing Specialization | Master of Science in Accounting, Management Accounting Specialization","Master of Science in Accounting, Auditing Specialization | Master of Science in Accounting, Management Accounting Specialization"
D561,RETIRED,Information Systems for Accounting and,3,2024-10,2026-06,21,20,1,School of Business,0,,"Master of Science in Accounting, Auditing Specialization | Master of Science in Accounting, Management Accounting Specialization","Master of Science in Accounting, Auditing Specialization | Master of Science in Accounting, Management Accounting Specialization"
D562,RETIRED,Internal Auditing II,3,2024-10,2026-06,21,20,1,School of Business,0,,"Master of Science in Accounting, Auditing Specialization","Master of Science in Accounting, Auditing Specialization"
D564,RETIRED,Theories of Personality,3,2024-02,2026-06,29,28,1,Leavitt School of Health,0,,Bachelor of Science in Psychology,Bachelor of Science in Psychology
D565,RETIRED,Cultural Awareness and Ethics,3,2024-02,2026-06,29,28,1,Leavitt School of Health,0,,Bachelor of Science in Psychology,"Bachelor of Science in Psychology | Bachelor of Science, Health Science | Bachelor of Science, Health and Human Services"
D566,RETIRED,Psychology of Learning,3,2024-02,2026-06,29,28,1,Leavitt School of Health,0,,Bachelor of Science in Psychology,Bachelor of Science in Psychology
D567,RETIRED,Social Psychology,3,2024-02,2026-06,29,28,1,Leavitt School of Health,0,,Bachelor of Science in Psychology,Bachelor of Science in Psychology
D568,RETIRED,Health Equity and Social Determinants of Health,3,2024-02,2026-06,29,28,1,Leavitt School of Health,1,Health Equity and Social Determinants of,Bachelor of Science in Psychology,"Bachelor of Science in Psychology | Bachelor of Science, Health Science | Bachelor of Science, Health and Human Services | Bachelor of Science, Public Health"
D569,RETIRED,Adult Psychology,3,2024-02,2026-06,29,28,1,Leavitt School of Health,0,,Bachelor of Science in Psychology,Bachelor of Science in Psychology
D570,RETIRED,Cognitive Psychology,3,2024-02,2026-06,29,28,1,Leavitt School of Health,0,,Bachelor of Science in Psychology,"Bachelor of Science in Psychology | Bachelor of Science, Health Science"
D571,RETIRED,Psychopathology,3,2024-02,2026-06,29,28,1,Leavitt School of Health,0,,Bachelor of Science in Psychology,Bachelor of Science in Psychology
D572,RETIRED,Career and Lifelong Learning,4,2024-02,2026-06,29,28,1,Leavitt School of Health,0,,Bachelor of Science in Psychology,"Bachelor of Science in Psychology | Bachelor of Science, Health Science | Bachelor of Science, Health and Human Services | Bachelor of Science, Public Health"
D573,RETIRED,Understanding Substance Abuse & Addiction,3,2024-02,2026-06,29,28,1,Leavitt School of Health,0,,Bachelor of Science in Psychology,"Bachelor of Science in Psychology | Bachelor of Science, Health Science | Bachelor of Science, Health and Human Services | Bachelor of Science, Public Health"
D574,RETIRED,Neuropsychology,3,2024-02,2026-06,29,28,1,Leavitt School of Health,0,,Bachelor of Science in Psychology,Bachelor of Science in Psychology
D575,RETIRED,Health Psychology,3,2024-02,2026-06,29,28,1,Leavitt School of Health,0,,Bachelor of Science in Psychology,"Bachelor of Science in Psychology | Bachelor of Science, Health Science"
D576,RETIRED,Industrial and Organizational Psychology,3,2024-02,2026-06,29,28,1,Leavitt School of Health,0,,Bachelor of Science in Psychology,Bachelor of Science in Psychology
D577,RETIRED,Team Dynamics,3,2024-02,2026-06,29,28,1,Leavitt School of Health,0,,Bachelor of Science in Psychology,"Bachelor of Science in Psychology | Bachelor of Science, Health and Human Services | Bachelor of Science, Public Health"
D578,RETIRED,Capstone for BS in Psychology,4,2024-02,2026-06,29,28,1,Leavitt School of Health,1,Capstone in Psychology,Bachelor of Science in Psychology,Bachelor of Science in Psychology
D579,RETIRED,Mental Health Awareness and Education,3,2024-02,2026-06,29,28,1,Leavitt School of Health,0,,Bachelor of Science in Psychology,"Bachelor of Science in Psychology | Bachelor of Science, Health and Human Services | Bachelor of Science, Public Health"
D580,RETIRED,Healthcare Administration Capstone,4,2024-06,2026-06,25,24,1,School of Business,0,,"Bachelor of Science, Healthcare Administration","Bachelor of Science, Healthcare Administration"
D581,RETIRED,Introduction to Research Methods,3,2024-02,2026-06,29,28,1,Leavitt School of Health,0,,Bachelor of Science in Psychology,"Bachelor of Science in Psychology | Bachelor of Science, Health Science | Bachelor of Science, Public Health"
D582,RETIRED,Introduction to Statistics for Research,3,2024-02,2026-06,29,28,1,Leavitt School of Health,0,,Bachelor of Science in Psychology,Bachelor of Science in Psychology
D583,RETIRED,Foundations in Public Health,3,2024-04,2026-06,27,26,1,Leavitt School of Health,0,,"Bachelor of Science, Health Science","Bachelor of Science, Health Information Management | Bachelor of Science, Health Science | Bachelor of Science, Public Health"
D584,RETIRED,Program Planning and Implementation,3,2024-07,2026-06,24,23,1,Leavitt School of Health,0,,"Bachelor of Science, Public Health","Bachelor of Science, Public Health"
D585,RETIRED,Program Evaluation,3,2024-07,2026-06,24,23,1,Leavitt School of Health,0,,"Bachelor of Science, Public Health","Bachelor of Science, Public Health"
D586,RETIRED,Public Health Policy,3,2024-07,2026-06,24,23,1,Leavitt School of Health,0,,"Bachelor of Science, Public Health","Bachelor of Science, Public Health"
D587,RETIRED,Gender and Health,3,2024-07,2026-06,24,23,1,Leavitt School of Health,0,,"Bachelor of Science, Public Health","Bachelor of Science, Public Health"
D588,RETIRED,Human Sexuality,3,2024-07,2026-06,24,23,1,Leavitt School of Health,0,,"Bachelor of Science, Public Health","Bachelor of Science, Public Health"
D589,RETIRED,Chronic and Infectious Diseases,3,2024-07,2026-06,24,23,1,Leavitt School of Health,0,,"Bachelor of Science, Public Health","Bachelor of Science, Public Health"
D590,RETIRED,Public Health Administration,3,2024-07,2026-06,24,23,1,Leavitt School of Health,0,,"Bachelor of Science, Public Health","Bachelor of Science, Public Health"
D591,RETIRED,Grant Writing,3,2024-07,2026-06,24,23,1,Leavitt School of Health,0,,"Bachelor of Science, Public Health","Bachelor of Science, Public Health"
D592,RETIRED,Environmental Health,3,2024-07,2026-06,24,23,1,Leavitt School of Health,0,,"Bachelor of Science, Public Health","Bachelor of Science, Public Health"
D593,RETIRED,Global Health,3,2024-07,2026-06,24,23,1,Leavitt School of Health,0,,"Bachelor of Science, Public Health","Bachelor of Science, Public Health"
D594,RETIRED,Public Health Leadership and Administration,3,2024-07,2026-06,24,23,1,Leavitt School of Health,0,,"Bachelor of Science, Public Health","Bachelor of Science, Public Health"
D595,RETIRED,Public Health Capstone,3,2024-07,2026-06,24,23,1,Leavitt School of Health,0,,"Bachelor of Science, Public Health","Bachelor of Science, Public Health"
D596,RETIRED,The Data Analytics Journey,2,2024-06,2026-06,25,24,1,School of Technology,0,,"Master of Science, Data Analytics - Data Engineering | Master of Science, Data Analytics - Data Science | Master of Science, Data Analytics - Decision Process Engineering","Master of Science, Data Analytics - Data Engineering | Master of Science, Data Analytics - Data Science | Master of Science, Data Analytics - Decision Process Engineering"
D597,RETIRED,Data Management,3,2024-06,2026-06,25,24,1,School of Technology,0,,"Master of Science, Data Analytics - Data Engineering | Master of Science, Data Analytics - Data Science | Master of Science, Data Analytics - Decision Process Engineering","Master of Science, Data Analytics - Data Engineering | Master of Science, Data Analytics - Data Science | Master of Science, Data Analytics - Decision Process Engineering"
D598,RETIRED,Analytics Programming,3,2024-06,2026-06,25,24,1,School of Technology,0,,"Master of Science, Data Analytics - Data Engineering | Master of Science, Data Analytics - Data Science | Master of Science, Data Analytics - Decision Process Engineering","Master of Science, Data Analytics - Data Engineering | Master of Science, Data Analytics - Data Science | Master of Science, Data Analytics - Decision Process Engineering"
D599,RETIRED,Data Preparation and Exploration,3,2024-06,2026-06,25,24,1,School of Technology,0,,"Master of Science, Data Analytics - Data Engineering | Master of Science, Data Analytics - Data Science | Master of Science, Data Analytics - Decision Process Engineering","Master of Science, Data Analytics - Data Engineering | Master of Science, Data Analytics - Data Science | Master of Science, Data Analytics - Decision Process Engineering"
D600,RETIRED,Statistical Data Mining,3,2024-06,2026-06,25,24,1,School of Technology,0,,"Master of Science, Data Analytics - Data Engineering | Master of Science, Data Analytics - Data Science | Master of Science, Data Analytics - Decision Process Engineering","Master of Science, Data Analytics - Data Engineering | Master of Science, Data Analytics - Data Science | Master of Science, Data Analytics - Decision Process Engineering"
D601,RETIRED,Data Storytelling for Diverse Audiences,3,2024-06,2026-06,25,24,1,School of Technology,1,Data Storytelling for Varied Audiences,"Master of Science, Data Analytics - Data Engineering | Master of Science, Data Analytics - Data Science | Master of Science, Data Analytics - Decision Process Engineering","Master of Science, Data Analytics - Data Engineering | Master of Science, Data Analytics - Data Science | Master of Science, Data Analytics - Decision Process Engineering"
D602,RETIRED,Deployment,3,2024-06,2026-06,25,24,1,School of Technology,0,,"Master of Science, Data Analytics - Data Engineering | Master of Science, Data Analytics - Data Science | Master of Science, Data Analytics - Decision Process Engineering","Master of Science, Data Analytics - Data Engineering | Master of Science, Data Analytics - Data Science | Master of Science, Data Analytics - Decision Process Engineering"
D603,RETIRED,Machine Learning,3,2024-06,2026-06,25,24,1,School of Technology,0,,"Master of Science, Data Analytics - Data Science","Master of Science, Data Analytics - Data Science"
D604,RETIRED,Advanced Analytics,3,2024-06,2026-06,25,24,1,School of Technology,0,,"Master of Science, Data Analytics - Data Science","Master of Science, Data Analytics - Data Science"
D605,RETIRED,Optimization,3,2024-06,2026-06,25,24,1,School of Technology,0,,"Master of Science, Data Analytics - Data Science","Master of Science, Data Analytics - Data Science"
D606,RETIRED,Data Science Capstone,3,2024-06,2026-06,25,24,1,School of Technology,0,,"Master of Science, Data Analytics - Data Science","Master of Science, Data Analytics - Data Science"
D607,RETIRED,Cloud Databases,3,2024-06,2026-06,25,24,1,School of Technology,0,,"Master of Science, Data Analytics - Data Engineering","Master of Science, Data Analytics - Data Engineering"
D608,RETIRED,Data Processing,3,2024-06,2026-06,25,24,1,School of Technology,0,,"Master of Science, Data Analytics - Data Engineering","Master of Science, Data Analytics - Data Engineering"
D609,RETIRED,Data Analytics at Scale,3,2024-06,2026-06,25,24,1,School of Technology,0,,"Master of Science, Data Analytics - Data Engineering","Master of Science, Data Analytics - Data Engineering"
D610,RETIRED,Data Engineering Capstone,3,2024-06,2026-06,25,24,1,School of Technology,0,,"Master of Science, Data Analytics - Data Engineering","Master of Science, Data Analytics - Data Engineering"
D612,RETIRED,Business Process Engineering,3,2024-06,2026-06,25,24,1,School of Technology,0,,"Master of Science, Data Analytics - Decision Process Engineering","Master of Science, Data Analytics - Decision Process Engineering"
D613,RETIRED,Decision Intelligence,3,2024-06,2026-06,25,24,1,School of Technology,0,,"Master of Science, Data Analytics - Decision Process Engineering","Master of Science, Data Analytics - Decision Process Engineering"
D614,RETIRED,Decision Process Engineering Capstone,3,2024-06,2026-06,25,24,1,School of Technology,0,,"Master of Science, Data Analytics - Decision Process Engineering","Master of Science, Data Analytics - Decision Process Engineering"
D616,RETIRED,Consumer Behavior,3,2024-02,2026-06,29,28,1,Leavitt School of Health,0,,Bachelor of Science in Psychology,Bachelor of Science in Psychology
D617,RETIRED,Public Health Core Functions and Essential Services,3,2024-06,2026-06,25,24,1,Leavitt School of Health,1,Public Health Core Functions and Essential,Master of Public Health,Master of Public Health
D618,RETIRED,Environmental Health,3,2024-06,2026-06,25,24,1,Leavitt School of Health,0,,Master of Public Health,Master of Public Health
D619,RETIRED,Global Health,3,2024-06,2026-06,25,24,1,Leavitt School of Health,0,,Master of Public Health,Master of Public Health
D620,RETIRED,Public Health Leadership and Administration,3,2024-06,2026-06,25,24,1,Leavitt School of Health,0,,Master of Public Health,Master of Public Health
D621,RETIRED,Social and Behavioral Determinants of Health,3,2024-06,2026-06,25,24,1,Leavitt School of Health,0,,Master of Public Health,Master of Public Health
D622,RETIRED,"Public Health Assessment, Program Planning, Intervention, and",3,2024-06,2026-06,25,24,1,Leavitt School of Health,1,"Public Health Assessment, Program Planning,",Master of Public Health,Master of Public Health
D623,RETIRED,Public Health Finance and Funding,3,2024-06,2026-06,25,24,1,Leavitt School of Health,0,,Master of Public Health,Master of Public Health
D624,RETIRED,Biostatistics and Analysis,3,2024-06,2026-06,25,24,1,Leavitt School of Health,0,,Master of Public Health,Master of Public Health
D625,RETIRED,Principles of Epidemiology,3,2024-06,2026-06,25,24,1,Leavitt School of Health,0,,Master of Public Health,Master of Public Health
D626,RETIRED,Public Health Policy and Advocacy,3,2024-06,2026-06,25,24,1,Leavitt School of Health,0,,Master of Public Health,Master of Public Health
D627,RETIRED,Public Health Education and Promotion,3,2024-06,2026-06,25,24,1,Leavitt School of Health,0,,Master of Public Health,Master of Public Health
D628,RETIRED,Public Health Graduate Capstone,3,2024-06,2026-06,25,24,1,Leavitt School of Health,0,,Master of Public Health,Master of Public Health
D629,RETIRED,The Reflective Practitioner,3,2024-03,2026-06,28,27,1,School of Education,0,,"Master of Science, Curriculum and Instruction","Master of Science, Curriculum and Instruction"
D630,RETIRED,Designing Curriculum and Instruction I,3,2024-03,2026-06,28,27,1,School of Education,0,,"Master of Science, Curriculum and Instruction","Master of Science, Curriculum and Instruction"
D631,RETIRED,Designing Curriculum and Instruction II,3,2024-03,2026-06,28,27,1,School of Education,0,,"Master of Science, Curriculum and Instruction","Master of Science, Curriculum and Instruction"
D632,RETIRED,Cultural Competency and Social-Emotional Learning,3,2024-03,2026-06,28,27,1,School of Education,1,Cultural Competency and Social-Emotional,"Master of Science, Educational Leadership","Master of Science, Educational Leadership"
D633,RETIRED,Leadership of Curriculum Design and Instruction,3,2024-03,2026-06,28,27,1,School of Education,1,Leadership of Curriculum Design and,"Master of Science, Educational Leadership","Master of Science, Educational Leadership"
D634,RETIRED,Health Sciences Capstone,3,2024-04,2026-06,27,26,1,Leavitt School of Health,0,,"Bachelor of Science, Health Science","Bachelor of Science, Health Science"
D635,RETIRED,Practices for Inclusive Classrooms,2,2024-09,2026-06,22,21,1,School of Education,0,,"Master of Arts in Teaching, Elementary Education","Master of Arts in Teaching, Elementary Education | Master of Arts in Teaching, English Education (Secondary) | Master of Arts in Teaching, Mathematics Education (Secondary) | Master of Arts in Teaching, Science Education (Secondary Biology)"
D636,RETIRED,Establishing Positive and Engaging Learning,2,2024-09,2026-06,22,21,1,School of Education,0,,"Master of Arts in Teaching, Elementary Education","Master of Arts in Teaching, Elementary Education | Master of Arts in Teaching, English Education (Secondary) | Master of Arts in Teaching, Mathematics Education (Secondary) | Master of Arts in Teaching, Science Education (Secondary Biology)"
D637,RETIRED,Curriculum and Instructional Strategies for,2,2024-09,2026-06,22,21,1,School of Education,0,,"Master of Arts in Teaching, Elementary Education","Master of Arts in Teaching, Elementary Education | Master of Arts in Teaching, English Education (Secondary) | Master of Arts in Teaching, Mathematics Education (Secondary) | Master of Arts in Teaching, Science Education (Secondary Biology)"
D638,RETIRED,Monitoring Student Learning Through,2,2024-09,2026-06,22,21,1,School of Education,0,,"Master of Arts in Teaching, Elementary Education","Master of Arts in Teaching, Elementary Education | Master of Arts in Teaching, English Education (Secondary) | Master of Arts in Teaching, Mathematics Education (Secondary) | Master of Arts in Teaching, Science Education (Secondary Biology)"
D639,RETIRED,Technology for Instruction and Online,2,2024-09,2026-06,22,21,1,School of Education,0,,"Master of Arts in Teaching, Elementary Education","Master of Arts in Teaching, Elementary Education | Master of Arts in Teaching, English Education (Secondary) | Master of Arts in Teaching, Mathematics Education (Secondary) | Master of Arts in Teaching, Science Education (Secondary Biology)"
D640,RETIRED,"Giving, Receiving and Incorporating Feedback",3,2024-08,2026-06,23,22,1,School of Business,0,,"Bachelor of Science, Communications | Bachelor of Science, User Experience Design","Bachelor of Science, Communications | Bachelor of Science, Project Management | Bachelor of Science, User Experience Design"
D641,RETIRED,Adapting to Ambiguity,3,2024-08,2026-06,23,22,1,School of Business,0,,"Bachelor of Science, Communications | Bachelor of Science, User Experience Design","Bachelor of Science, Communications | Bachelor of Science, Project Management | Bachelor of Science, User Experience Design"
D642,RETIRED,Empathy and Inclusive Collaboration,3,2024-08,2026-06,23,22,1,School of Business,0,,"Bachelor of Science, Communications | Bachelor of Science, User Experience Design","Bachelor of Science, Communications | Bachelor of Science, Project Management | Bachelor of Science, User Experience Design"
D643,RETIRED,Navigating Complex Problems,3,2024-08,2026-06,23,22,1,School of Business,0,,"Bachelor of Science, Communications | Bachelor of Science, User Experience Design","Bachelor of Science, Communications | Bachelor of Science, Project Management | Bachelor of Science, User Experience Design"
D644,RETIRED,Foundations of Strategic Communications,3,2024-08,2026-06,23,22,1,School of Business,0,,"Bachelor of Science, Communications","Bachelor of Science, Communications"
D645,RETIRED,Crafting a Communications Strategy Through,3,2024-08,2026-06,23,22,1,School of Business,0,,"Bachelor of Science, Communications","Bachelor of Science, Communications"
D646,RETIRED,Delivering a Communications Strategy,3,2024-08,2026-06,23,22,1,School of Business,0,,"Bachelor of Science, Communications","Bachelor of Science, Communications"
D647,RETIRED,Evaluating a Communications Strategy,3,2024-08,2026-06,23,22,1,School of Business,0,,"Bachelor of Science, Communications","Bachelor of Science, Communications"
D648,RETIRED,Leveraging AI and Technology in Strategic,3,2024-08,2026-06,23,22,1,School of Business,0,,"Bachelor of Science, Communications","Bachelor of Science, Communications"
D649,RETIRED,Crisis Communication,3,2024-08,2026-06,23,22,1,School of Business,0,,"Bachelor of Science, Communications","Bachelor of Science, Communications"
D650,RETIRED,Communications Applied Learning Capstone,3,2024-08,2026-06,23,22,1,School of Business,0,,"Bachelor of Science, Communications","Bachelor of Science, Communications"
D651,RETIRED,Foundations of Design,3,2024-08,2026-06,23,22,1,School of Business,0,,"Bachelor of Science, User Experience Design","Bachelor of Science, User Experience Design"
D652,RETIRED,Design Applications,3,2024-08,2026-06,23,22,1,School of Business,0,,"Bachelor of Science, User Experience Design","Bachelor of Science, User Experience Design"
D653,RETIRED,"Empathizing, Defining, and Ideating",3,2024-08,2026-06,23,22,1,School of Business,0,,"Bachelor of Science, User Experience Design","Bachelor of Science, User Experience Design"
D654,RETIRED,Prototyping and Iterating I,3,2024-08,2026-06,23,22,1,School of Business,0,,"Bachelor of Science, User Experience Design","Bachelor of Science, User Experience Design"
D655,RETIRED,Prototyping and Iterating II,3,2024-08,2026-06,23,22,1,School of Business,0,,"Bachelor of Science, User Experience Design","Bachelor of Science, User Experience Design"
D656,RETIRED,Leveraging AI and Technology in Design,3,2024-08,2026-06,23,22,1,School of Business,0,,"Bachelor of Science, User Experience Design","Bachelor of Science, User Experience Design"
D657,RETIRED,Design Applied Learning Capstone,3,2024-08,2026-06,23,22,1,School of Business,0,,"Bachelor of Science, User Experience Design","Bachelor of Science, User Experience Design"
D658,RETIRED,Planning Instructional Strategies for,3,2024-09,2026-06,22,21,1,School of Education,0,,"Bachelor of Arts, Educational Studies in Elementary Education | Bachelor of Arts, Elementary Education","Bachelor of Arts, Educational Studies in Elementary Education | Bachelor of Arts, Educational Studies in Mild to Moderate Exceptionalities Special Education | Bachelor of Arts, Educational Studies in Secondary Biological Science Education | Bachelor of Arts, Educational Studies in Secondary Chemistry Science Education"
D659,RETIRED,Assessing and Monitoring Student Learning,3,2024-09,2026-06,22,21,1,School of Education,0,,"Bachelor of Arts, Educational Studies in Elementary Education | Bachelor of Arts, Elementary Education","Bachelor of Arts, Educational Studies in Elementary Education | Bachelor of Arts, Educational Studies in Mild to Moderate Exceptionalities Special Education | Bachelor of Arts, Educational Studies in Secondary Biological Science Education | Bachelor of Arts, Educational Studies in Secondary Chemistry Science Education"
D660,RETIRED,Instructional Technology and Online Pedagogy,3,2024-09,2026-06,22,21,1,School of Education,0,,"Bachelor of Arts, Educational Studies in Elementary Education | Bachelor of Arts, Elementary Education","Bachelor of Arts, Educational Studies in Elementary Education | Bachelor of Arts, Educational Studies in Mild to Moderate Exceptionalities Special Education | Bachelor of Arts, Educational Studies in Secondary Biological Science Education | Bachelor of Arts, Educational Studies in Secondary Chemistry Science Education"
D661,RETIRED,Creating Positive Learning Environments,3,2024-09,2026-06,22,21,1,School of Education,0,,"Bachelor of Arts, Educational Studies in Elementary Education | Bachelor of Arts, Elementary Education","Bachelor of Arts, Educational Studies in Elementary Education | Bachelor of Arts, Educational Studies in Mild to Moderate Exceptionalities Special Education | Bachelor of Arts, Educational Studies in Secondary Biological Science Education | Bachelor of Arts, Educational Studies in Secondary Chemistry Science Education"
D662,RETIRED,Personalized Learning for Inclusive,3,2024-09,2026-06,22,21,1,School of Education,0,,"Bachelor of Arts, Educational Studies in Elementary Education | Bachelor of Arts, Elementary Education","Bachelor of Arts, Educational Studies in Elementary Education | Bachelor of Arts, Educational Studies in Mild to Moderate Exceptionalities Special Education | Bachelor of Arts, Educational Studies in Secondary Biological Science Education | Bachelor of Arts, Educational Studies in Secondary Chemistry Science Education"
D663,RETIRED,The Professional Educator,3,2024-09,2026-06,22,21,1,School of Education,0,,"Bachelor of Arts, Educational Studies in Elementary Education | Bachelor of Arts, Elementary Education","Bachelor of Arts, Educational Studies in Elementary Education | Bachelor of Arts, Educational Studies in Mild to Moderate Exceptionalities Special Education | Bachelor of Arts, Educational Studies in Secondary Biological Science Education | Bachelor of Arts, Educational Studies in Secondary Chemistry Science Education"
D664,RETIRED,Learners and Learning Science,3,2024-09,2026-06,22,21,1,School of Education,0,,"Bachelor of Arts, Educational Studies in Elementary Education | Bachelor of Arts, Elementary Education","Bachelor of Arts, Educational Studies in Elementary Education | Bachelor of Arts, Educational Studies in Mild to Moderate Exceptionalities Special Education | Bachelor of Arts, Educational Studies in Secondary Biological Science Education | Bachelor of Arts, Educational Studies in Secondary Chemistry Science Education"
D665,RETIRED,Learner Development and the Science of,2,2024-09,2026-06,22,21,1,School of Education,0,,"Master of Arts in Teaching, Elementary Education","Master of Arts in Teaching, Elementary Education | Master of Arts in Teaching, English Education (Secondary) | Master of Arts in Teaching, Mathematics Education (Secondary) | Master of Arts in Teaching, Science Education (Secondary Biology)"
D667,RETIRED,Precalculus,4,2025-02,2026-06,17,16,1,School of Education,0,,"Bachelor of Arts, Educational Studies in Secondary Chemistry Science Education | Bachelor of Arts, Educational Studies in Secondary Mathematics Education | Bachelor of Arts, Educational Studies in Secondary Physics Science Education | Bachelor of Science, Mathematics Education (Secondary)","Bachelor of Arts, Educational Studies in Secondary Chemistry Science Education | Bachelor of Arts, Educational Studies in Secondary Mathematics Education | Bachelor of Arts, Educational Studies in Secondary Physics Science Education | Bachelor of Science, Mathematics Education (Secondary)"
D668,RETIRED,Elementary Literacy Curriculum,3,2024-09,2026-06,22,21,1,School of Education,0,,"Bachelor of Arts, Educational Studies in Elementary Education | Bachelor of Arts, Elementary Education","Bachelor of Arts, Educational Studies in Elementary Education | Bachelor of Arts, Educational Studies in Mild to Moderate Exceptionalities Special Education | Bachelor of Arts, Educational Studies in Special and Elementary Education | Bachelor of Arts, Elementary Education"
D669,RETIRED,Early Literacy Methods,3,2024-09,2026-06,22,21,1,School of Education,0,,"Bachelor of Arts, Educational Studies in Elementary Education | Bachelor of Arts, Elementary Education","Bachelor of Arts, Educational Studies in Elementary Education | Bachelor of Arts, Educational Studies in Mild to Moderate Exceptionalities Special Education | Bachelor of Arts, Educational Studies in Special and Elementary Education | Bachelor of Arts, Elementary Education"
D670,RETIRED,Elementary Literacy Methods,3,2024-09,2026-06,22,21,1,School of Education,0,,"Bachelor of Arts, Educational Studies in Elementary Education | Bachelor of Arts, Elementary Education","Bachelor of Arts, Educational Studies in Elementary Education | Bachelor of Arts, Educational Studies in Mild to Moderate Exceptionalities Special Education | Bachelor of Arts, Educational Studies in Special and Elementary Education | Bachelor of Arts, Elementary Education"
D671,RETIRED,Elementary Science Curriculum,3,2024-09,2026-06,22,21,1,School of Education,0,,"Bachelor of Arts, Educational Studies in Elementary Education | Bachelor of Arts, Elementary Education","Bachelor of Arts, Educational Studies in Elementary Education | Bachelor of Arts, Educational Studies in Special and Elementary Education | Bachelor of Arts, Elementary Education | Bachelor of Arts, Special Education and Elementary Education (Dual Licensure)"
D672,RETIRED,Elementary Science and Engineering Methods,3,2024-09,2026-06,22,21,1,School of Education,0,,"Bachelor of Arts, Educational Studies in Elementary Education | Bachelor of Arts, Elementary Education","Bachelor of Arts, Educational Studies in Elementary Education | Bachelor of Arts, Educational Studies in Special and Elementary Education | Bachelor of Arts, Elementary Education | Bachelor of Arts, Special Education and Elementary Education (Dual Licensure)"
D673,RETIRED,Elementary Social Studies Curriculum,3,2024-09,2026-06,22,21,1,School of Education,0,,"Bachelor of Arts, Educational Studies in Elementary Education | Bachelor of Arts, Elementary Education","Bachelor of Arts, Educational Studies in Elementary Education | Bachelor of Arts, Educational Studies in Special and Elementary Education | Bachelor of Arts, Elementary Education | Bachelor of Arts, Special Education and Elementary Education (Dual Licensure)"
D674,RETIRED,Elementary Social Studies Methods,3,2024-09,2026-06,22,21,1,School of Education,0,,"Bachelor of Arts, Educational Studies in Elementary Education | Bachelor of Arts, Elementary Education","Bachelor of Arts, Educational Studies in Elementary Education | Bachelor of Arts, Educational Studies in Special and Elementary Education | Bachelor of Arts, Elementary Education | Bachelor of Arts, Special Education and Elementary Education (Dual Licensure)"
D675,RETIRED,Elementary Literacy Methods,2,2024-09,2026-06,22,21,1,School of Education,0,,"Master of Arts in Teaching, Elementary Education","Master of Arts in Teaching, Elementary Education | Master of Arts in Teaching, Special Education"
D676,RETIRED,Early Literacy Methods,2,2024-09,2026-06,22,21,1,School of Education,0,,"Master of Arts in Teaching, Elementary Education","Master of Arts in Teaching, Elementary Education | Master of Arts in Teaching, Special Education"
D677,RETIRED,Elementary Literacy Curriculum,2,2024-09,2026-06,22,21,1,School of Education,0,,"Master of Arts in Teaching, Elementary Education","Master of Arts in Teaching, Elementary Education | Master of Arts in Teaching, Special Education"
D678,RETIRED,Elementary Science Curriculum,2,2024-09,2026-06,22,21,1,School of Education,0,,"Master of Arts in Teaching, Elementary Education","Master of Arts in Teaching, Elementary Education"
D679,RETIRED,Elementary Science and Engineering Methods,2,2024-09,2026-06,22,21,1,School of Education,0,,"Master of Arts in Teaching, Elementary Education","Master of Arts in Teaching, Elementary Education"
D680,RETIRED,Elementary Social Studies Curriculum,2,2024-09,2026-06,22,21,1,School of Education,0,,"Master of Arts in Teaching, Elementary Education","Master of Arts in Teaching, Elementary Education"
D681,RETIRED,Elementary Social Studies Methods,2,2024-09,2026-06,22,21,1,School of Education,0,,"Master of Arts in Teaching, Elementary Education","Master of Arts in Teaching, Elementary Education"
D682,RETIRED,Artificial Intelligence Optimization for Computer,3,2024-10,2026-06,21,20,1,School of Technology,0,,"Bachelor of Science, Computer Science","Bachelor of Science, Computer Science | Bachelor of Science, Computer Science (BSCS to MSCS)"
D683,RETIRED,Advanced AI and ML,3,2024-10,2026-06,21,20,1,School of Technology,0,,"Bachelor of Science, Computer Science","Bachelor of Science, Computer Science"
D684,RETIRED,Introduction to Computer Science,4,2024-10,2026-06,21,20,1,School of Technology,0,,"Bachelor of Science, Computer Science","Bachelor of Science, Computer Science | Bachelor of Science, Computer Science (BSCS to MSCS)"
D685,RETIRED,Practical Applications of Prompt,2,2024-10,2026-06,21,20,1,School of Technology,0,,"Bachelor of Science, Computer Science","Bachelor of Science, Computer Science | Bachelor of Science, Computer Science (BSCS to MSCS) | Bachelor of Science, Cybersecurity and Information Assurance | Bachelor of Science, Information Technology"
D686,RETIRED,Operating Systems for Computer Scientists,3,2024-10,2026-06,21,20,1,School of Technology,0,,"Bachelor of Science, Computer Science","Bachelor of Science, Computer Science | Bachelor of Science, Computer Science (BSCS to MSCS)"
D687,RETIRED,Computer Science Project Development with a,3,2024-10,2026-06,21,20,1,School of Technology,0,,"Bachelor of Science, Computer Science","Bachelor of Science, Computer Science | Bachelor of Science, Computer Science (BSCS to MSCS)"
D688,RETIRED,Foundations of Literacy Through Literature,3,2024-09,2026-06,22,21,1,School of Education,0,,"Bachelor of Arts, Educational Studies in Elementary Education | Bachelor of Arts, Elementary Education","Bachelor of Arts, Educational Studies in Elementary Education | Bachelor of Arts, Educational Studies in Mild to Moderate Exceptionalities Special Education | Bachelor of Arts, Educational Studies in Special and Elementary Education | Bachelor of Arts, Elementary Education"
D689,RETIRED,Literacy Assessment and Interventions,3,2024-09,2026-06,22,21,1,School of Education,0,,"Bachelor of Arts, Educational Studies in Elementary Education | Bachelor of Arts, Elementary Education","Bachelor of Arts, Educational Studies in Elementary Education | Bachelor of Arts, Educational Studies in Mild to Moderate Exceptionalities Special Education | Bachelor of Arts, Educational Studies in Special and Elementary Education | Bachelor of Arts, Elementary Education"
D690,RETIRED,Elementary Disciplinary Literacy,3,2024-09,2026-06,22,21,1,School of Education,0,,"Bachelor of Arts, Educational Studies in Elementary Education | Bachelor of Arts, Elementary Education","Bachelor of Arts, Educational Studies in Elementary Education | Bachelor of Arts, Educational Studies in Special and Elementary Education | Bachelor of Arts, Elementary Education | Bachelor of Arts, Special Education and Elementary Education (Dual Licensure)"
D691,RETIRED,Elementary Mathematics Curriculum,3,2024-09,2026-06,22,21,1,School of Education,0,,"Bachelor of Arts, Educational Studies in Elementary Education | Bachelor of Arts, Elementary Education","Bachelor of Arts, Educational Studies in Elementary Education | Bachelor of Arts, Educational Studies in Mild to Moderate Exceptionalities Special Education | Bachelor of Arts, Educational Studies in Special and Elementary Education | Bachelor of Arts, Elementary Education"
D692,RETIRED,Early Mathematics Methods and Interventions,3,2024-09,2026-06,22,21,1,School of Education,0,,"Bachelor of Arts, Educational Studies in Elementary Education | Bachelor of Arts, Elementary Education","Bachelor of Arts, Educational Studies in Elementary Education | Bachelor of Arts, Educational Studies in Mild to Moderate Exceptionalities Special Education | Bachelor of Arts, Educational Studies in Special and Elementary Education | Bachelor of Arts, Elementary Education"
D693,RETIRED,Elementary Mathematics Methods and,3,2024-09,2026-06,22,21,1,School of Education,0,,"Bachelor of Arts, Educational Studies in Elementary Education | Bachelor of Arts, Elementary Education","Bachelor of Arts, Educational Studies in Elementary Education | Bachelor of Arts, Educational Studies in Mild to Moderate Exceptionalities Special Education | Bachelor of Arts, Educational Studies in Special and Elementary Education | Bachelor of Arts, Elementary Education"
D694,RETIRED,Elementary Health and Physical Education,3,2024-09,2026-06,22,21,1,School of Education,0,,"Bachelor of Arts, Educational Studies in Elementary Education | Bachelor of Arts, Elementary Education","Bachelor of Arts, Educational Studies in Elementary Education | Bachelor of Arts, Educational Studies in Special and Elementary Education | Bachelor of Arts, Elementary Education | Bachelor of Arts, Special Education and Elementary Education (Dual Licensure)"
D695,RETIRED,Elementary Fine Arts Methods,3,2024-09,2026-06,22,21,1,School of Education,0,,"Bachelor of Arts, Educational Studies in Elementary Education | Bachelor of Arts, Elementary Education","Bachelor of Arts, Educational Studies in Elementary Education | Bachelor of Arts, Educational Studies in Special and Elementary Education | Bachelor of Arts, Elementary Education | Bachelor of Arts, Special Education and Elementary Education (Dual Licensure)"
D696,RETIRED,Foundations of Literacy Through Literature,2,2024-09,2026-06,22,21,1,School of Education,0,,"Master of Arts in Teaching, Elementary Education","Master of Arts in Teaching, Elementary Education | Master of Arts in Teaching, Special Education"
D697,RETIRED,Literacy Assessment and Interventions,2,2024-09,2026-06,22,21,1,School of Education,0,,"Master of Arts in Teaching, Elementary Education","Master of Arts in Teaching, Elementary Education | Master of Arts in Teaching, Special Education"
D698,RETIRED,Elementary Disciplinary Literacy,2,2024-09,2026-06,22,21,1,School of Education,0,,"Master of Arts in Teaching, Elementary Education","Master of Arts in Teaching, Elementary Education"
D699,RETIRED,Elementary Mathematics Curriculum,2,2024-09,2026-06,22,21,1,School of Education,0,,"Master of Arts in Teaching, Elementary Education","Master of Arts in Teaching, Elementary Education | Master of Arts in Teaching, Special Education"
D700,RETIRED,Early Mathematics Methods and Interventions,2,2024-09,2026-06,22,21,1,School of Education,0,,"Master of Arts in Teaching, Elementary Education","Master of Arts in Teaching, Elementary Education | Master of Arts in Teaching, Special Education"
D701,RETIRED,Elementary Mathematics Methods and,2,2024-09,2026-06,22,21,1,School of Education,0,,"Master of Arts in Teaching, Elementary Education","Master of Arts in Teaching, Elementary Education | Master of Arts in Teaching, Special Education"
D702,RETIRED,Elementary Health and Physical Education,2,2024-09,2026-06,22,21,1,School of Education,0,,"Master of Arts in Teaching, Elementary Education","Master of Arts in Teaching, Elementary Education"
D703,RETIRED,Elementary Fine Arts Methods,2,2024-09,2026-06,22,21,1,School of Education,0,,"Master of Arts in Teaching, Elementary Education","Master of Arts in Teaching, Elementary Education"
D705,RETIRED,Early Clinical in Special Education,3,2024-10,2026-06,21,20,1,School of Education,0,,"Bachelor of Arts, Special Education and Elementary Education (Dual Licensure) | Bachelor of Arts, Special Education, Mild to Moderate","Bachelor of Arts, Special Education, Mild to Moderate"
D706,RETIRED,Early Clinical in Elementary Education,3,2024-09,2026-06,22,21,1,School of Education,0,,"Bachelor of Arts, Elementary Education","Bachelor of Arts, Elementary Education"
D707,RETIRED,Early Clinical in Secondary Education,3,2025-02,2026-06,17,16,1,School of Education,0,,"Bachelor of Science, Mathematics Education (Secondary) | Bachelor of Science, Science Education (Secondary Biological Science) | Bachelor of Science, Science Education (Secondary Chemistry) | Bachelor of Science, Science Education (Secondary Earth Science)","Bachelor of Science, Mathematics Education (Secondary) | Bachelor of Science, Science Education (Secondary Biological Science) | Bachelor of Science, Science Education (Secondary Chemistry) | Bachelor of Science, Science Education (Secondary Earth Science)"
D708,RETIRED,Advanced Clinical in Elementary Education,3,2024-09,2026-06,22,21,1,School of Education,0,,"Bachelor of Arts, Elementary Education","Bachelor of Arts, Elementary Education"
D709,RETIRED,Advanced Clinical in Secondary Education,3,2025-02,2026-06,17,16,1,School of Education,0,,"Bachelor of Science, Mathematics Education (Secondary) | Bachelor of Science, Science Education (Secondary Biological Science) | Bachelor of Science, Science Education (Secondary Chemistry) | Bachelor of Science, Science Education (Secondary Earth Science)","Bachelor of Science, Mathematics Education (Secondary) | Bachelor of Science, Science Education (Secondary Biological Science) | Bachelor of Science, Science Education (Secondary Chemistry) | Bachelor of Science, Science Education (Secondary Earth Science)"
D717,RETIRED,Student Teaching I in Elementary Education,8,2024-09,2026-06,22,21,1,School of Education,0,,"Bachelor of Arts, Elementary Education","Bachelor of Arts, Elementary Education"
D718,RETIRED,Student Teaching II in Elementary Education,8,2024-09,2026-06,22,21,1,School of Education,0,,"Bachelor of Arts, Elementary Education","Bachelor of Arts, Elementary Education"
D719,RETIRED,Student Teaching I in Special Education,8,2024-10,2026-06,21,20,1,School of Education,0,,"Bachelor of Arts, Special Education and Elementary Education (Dual Licensure) | Bachelor of Arts, Special Education, Mild to Moderate","Bachelor of Arts, Special Education, Mild to Moderate"
D720,RETIRED,Student Teaching II in Special Education,8,2024-10,2026-06,21,20,1,School of Education,0,,"Bachelor of Arts, Special Education and Elementary Education (Dual Licensure) | Bachelor of Arts, Special Education, Mild to Moderate","Bachelor of Arts, Special Education, Mild to Moderate"
D721,RETIRED,Student Teaching I in Secondary Education,8,2025-02,2026-06,17,16,1,School of Education,0,,"Bachelor of Science, Mathematics Education (Secondary) | Bachelor of Science, Science Education (Secondary Biological Science) | Bachelor of Science, Science Education (Secondary Chemistry) | Bachelor of Science, Science Education (Secondary Earth Science)","Bachelor of Science, Mathematics Education (Secondary) | Bachelor of Science, Science Education (Secondary Biological Science) | Bachelor of Science, Science Education (Secondary Chemistry) | Bachelor of Science, Science Education (Secondary Earth Science)"
D722,RETIRED,Student Teaching II in Secondary Education,8,2025-02,2026-06,17,16,1,School of Education,0,,"Bachelor of Science, Mathematics Education (Secondary) | Bachelor of Science, Science Education (Secondary Biological Science) | Bachelor of Science, Science Education (Secondary Chemistry) | Bachelor of Science, Science Education (Secondary Earth Science)","Bachelor of Science, Mathematics Education (Secondary) | Bachelor of Science, Science Education (Secondary Biological Science) | Bachelor of Science, Science Education (Secondary Chemistry) | Bachelor of Science, Science Education (Secondary Earth Science)"
D723,RETIRED,Advanced Clinical in Special Education,3,2024-10,2026-06,21,20,1,School of Education,0,,"Bachelor of Arts, Special Education and Elementary Education (Dual Licensure) | Bachelor of Arts, Special Education, Mild to Moderate","Bachelor of Arts, Special Education, Mild to Moderate"
D724,RETIRED,Early Clinical in Elementary Education,2,2024-09,2026-06,22,21,1,School of Education,0,,"Master of Arts in Teaching, Elementary Education","Master of Arts in Teaching, Elementary Education"
D725,RETIRED,Early Clinical in Special Education,2,2025-01,2026-06,18,17,1,School of Education,0,,"Master of Arts in Teaching, Special Education","Master of Arts in Teaching, Special Education"
D726,RETIRED,Early Clinical in Secondary Education,2,2025-02,2026-06,17,16,1,School of Education,0,,"Master of Arts in Teaching, English Education (Secondary) | Master of Arts in Teaching, Mathematics Education (Secondary) | Master of Arts in Teaching, Science Education (Secondary Biology) | Master of Arts in Teaching, Science Education (Secondary Chemistry)","Master of Arts in Teaching, English Education (Secondary) | Master of Arts in Teaching, Mathematics Education (Secondary) | Master of Arts in Teaching, Science Education (Secondary Biology) | Master of Arts in Teaching, Science Education (Secondary Chemistry)"
D727,RETIRED,Advanced Clinical in Elementary Education,2,2024-09,2026-06,22,21,1,School of Education,0,,"Master of Arts in Teaching, Elementary Education","Master of Arts in Teaching, Elementary Education"
D728,RETIRED,Advanced Clinical in Special Education,2,2024-10,2026-06,21,20,1,School of Education,0,,"Master of Arts in Teaching, Special Education","Master of Arts in Teaching, Special Education"
D729,RETIRED,Advanced Clinical in Secondary Education,2,2025-02,2026-06,17,16,1,School of Education,0,,"Master of Arts in Teaching, English Education (Secondary) | Master of Arts in Teaching, Mathematics Education (Secondary) | Master of Arts in Teaching, Science Education (Secondary Biology) | Master of Arts in Teaching, Science Education (Secondary Chemistry)","Master of Arts in Teaching, English Education (Secondary) | Master of Arts in Teaching, Mathematics Education (Secondary) | Master of Arts in Teaching, Science Education (Secondary Biology) | Master of Arts in Teaching, Science Education (Secondary Chemistry)"
D737,RETIRED,Student Teaching I in Elementary Education,4,2024-09,2026-06,22,21,1,School of Education,0,,"Master of Arts in Teaching, Elementary Education","Master of Arts in Teaching, Elementary Education"
D738,RETIRED,Student Teaching II in Elementary Education,4,2024-09,2026-06,22,21,1,School of Education,0,,"Master of Arts in Teaching, Elementary Education","Master of Arts in Teaching, Elementary Education"
D739,RETIRED,Student Teaching I in Special Education,4,2024-10,2026-06,21,20,1,School of Education,0,,"Master of Arts in Teaching, Special Education","Master of Arts in Teaching, Special Education"
D740,RETIRED,Student Teaching II in Special Education,4,2024-10,2026-06,21,20,1,School of Education,0,,"Master of Arts in Teaching, Special Education","Master of Arts in Teaching, Special Education"
D741,RETIRED,Student Teaching I in Secondary Education,4,2025-02,2026-06,17,16,1,School of Education,0,,"Master of Arts in Teaching, English Education (Secondary) | Master of Arts in Teaching, Mathematics Education (Secondary) | Master of Arts in Teaching, Science Education (Secondary Biology) | Master of Arts in Teaching, Science Education (Secondary Chemistry)","Master of Arts in Teaching, English Education (Secondary) | Master of Arts in Teaching, Mathematics Education (Secondary) | Master of Arts in Teaching, Science Education (Secondary Biology) | Master of Arts in Teaching, Science Education (Secondary Chemistry)"
D742,RETIRED,Student Teaching II in Secondary Education,4,2025-02,2026-06,17,16,1,School of Education,0,,"Master of Arts in Teaching, English Education (Secondary) | Master of Arts in Teaching, Mathematics Education (Secondary) | Master of Arts in Teaching, Science Education (Secondary Biology) | Master of Arts in Teaching, Science Education (Secondary Chemistry)","Master of Arts in Teaching, English Education (Secondary) | Master of Arts in Teaching, Mathematics Education (Secondary) | Master of Arts in Teaching, Science Education (Secondary Biology) | Master of Arts in Teaching, Science Education (Secondary Chemistry)"
D743,RETIRED,Education Portfolio,1,2024-09,2026-06,22,21,1,School of Education,0,,"Master of Arts in Teaching, Elementary Education","Master of Arts in Teaching, Elementary Education | Master of Arts in Teaching, English Education (Secondary) | Master of Arts in Teaching, Mathematics Education (Secondary) | Master of Arts in Teaching, Science Education (Secondary Biology)"
D744,RETIRED,Student Teaching I in Elementary and Special,8,2025-01,2026-06,18,17,1,School of Education,0,,"Bachelor of Arts, Special Education and Elementary Education (Dual Licensure)","Bachelor of Arts, Special Education and Elementary Education (Dual Licensure)"
D745,RETIRED,Student Teaching II in Elementary and Special,8,2025-01,2026-06,18,17,1,School of Education,0,,"Bachelor of Arts, Special Education and Elementary Education (Dual Licensure)","Bachelor of Arts, Special Education and Elementary Education (Dual Licensure)"
D746,RETIRED,Early Clinical in Elementary and Secondary,2,2024-10,2024-12,3,2,1,School of Education,0,,"Master of Arts in Teaching, Special Education","Master of Arts in Teaching, Special Education"
D750,RETIRED,Early Clinical in Elementary and Special,3,2025-01,2026-06,18,17,1,School of Education,0,,"Bachelor of Arts, Special Education and Elementary Education (Dual Licensure)","Bachelor of Arts, Special Education and Elementary Education (Dual Licensure)"
D751,RETIRED,Advanced Clinical in Elementary and Special,3,2025-01,2026-06,18,17,1,School of Education,0,,"Bachelor of Arts, Special Education and Elementary Education (Dual Licensure)","Bachelor of Arts, Special Education and Elementary Education (Dual Licensure)"
D752,RETIRED,The Education Professional,2,2024-09,2026-06,22,21,1,School of Education,0,,"Master of Arts in Teaching, Elementary Education","Master of Arts in Teaching, Elementary Education | Master of Arts in Teaching, English Education (Secondary) | Master of Arts in Teaching, Mathematics Education (Secondary) | Master of Arts in Teaching, Science Education (Secondary Biology)"
D753,RETIRED,Behavioral Intervention Strategies and Applied,4,2024-10,2026-06,21,20,1,School of Education,0,,"Bachelor of Arts, Educational Studies in Mild to Moderate Exceptionalities Special Education | Bachelor of Arts, Educational Studies in Special and Elementary Education | Bachelor of Arts, Special Education and Elementary Education (Dual Licensure) | Bachelor of Arts, Special Education, Mild to Moderate","Bachelor of Arts, Educational Studies in Mild to Moderate Exceptionalities Special Education | Bachelor of Arts, Educational Studies in Special and Elementary Education | Bachelor of Arts, Special Education and Elementary Education (Dual Licensure) | Bachelor of Arts, Special Education, Mild to Moderate"
D754,RETIRED,"Special Education Law, Policies and",3,2024-10,2026-06,21,20,1,School of Education,0,,"Bachelor of Arts, Educational Studies in Mild to Moderate Exceptionalities Special Education | Bachelor of Arts, Educational Studies in Special and Elementary Education | Bachelor of Arts, Special Education and Elementary Education (Dual Licensure) | Bachelor of Arts, Special Education, Mild to Moderate","Bachelor of Arts, Educational Studies in Mild to Moderate Exceptionalities Special Education | Bachelor of Arts, Educational Studies in Special and Elementary Education | Bachelor of Arts, Special Education and Elementary Education (Dual Licensure) | Bachelor of Arts, Special Education, Mild to Moderate"
D755,RETIRED,Assessment for Special Education,3,2024-10,2026-06,21,20,1,School of Education,0,,"Bachelor of Arts, Educational Studies in Mild to Moderate Exceptionalities Special Education | Bachelor of Arts, Educational Studies in Special and Elementary Education | Bachelor of Arts, Special Education and Elementary Education (Dual Licensure) | Bachelor of Arts, Special Education, Mild to Moderate","Bachelor of Arts, Educational Studies in Mild to Moderate Exceptionalities Special Education | Bachelor of Arts, Educational Studies in Special and Elementary Education | Bachelor of Arts, Special Education and Elementary Education (Dual Licensure) | Bachelor of Arts, Special Education, Mild to Moderate"
D756,RETIRED,Individualized Education Plan (IEP),3,2024-10,2026-06,21,20,1,School of Education,0,,"Bachelor of Arts, Educational Studies in Mild to Moderate Exceptionalities Special Education | Bachelor of Arts, Educational Studies in Special and Elementary Education | Bachelor of Arts, Special Education and Elementary Education (Dual Licensure) | Bachelor of Arts, Special Education, Mild to Moderate","Bachelor of Arts, Educational Studies in Mild to Moderate Exceptionalities Special Education | Bachelor of Arts, Educational Studies in Special and Elementary Education | Bachelor of Arts, Special Education and Elementary Education (Dual Licensure) | Bachelor of Arts, Special Education, Mild to Moderate"
D757,RETIRED,Special Education Curriculum,3,2024-10,2026-06,21,20,1,School of Education,0,,"Bachelor of Arts, Educational Studies in Mild to Moderate Exceptionalities Special Education | Bachelor of Arts, Educational Studies in Special and Elementary Education | Bachelor of Arts, Special Education and Elementary Education (Dual Licensure) | Bachelor of Arts, Special Education, Mild to Moderate","Bachelor of Arts, Educational Studies in Mild to Moderate Exceptionalities Special Education | Bachelor of Arts, Educational Studies in Special and Elementary Education | Bachelor of Arts, Special Education and Elementary Education (Dual Licensure) | Bachelor of Arts, Special Education, Mild to Moderate"
D758,RETIRED,Considerations for Instructional Planning for,3,2024-10,2026-06,21,20,1,School of Education,0,,"Bachelor of Arts, Educational Studies in Mild to Moderate Exceptionalities Special Education | Bachelor of Arts, Educational Studies in Special and Elementary Education | Bachelor of Arts, Special Education and Elementary Education (Dual Licensure) | Bachelor of Arts, Special Education, Mild to Moderate","Bachelor of Arts, Educational Studies in Mild to Moderate Exceptionalities Special Education | Bachelor of Arts, Educational Studies in Special and Elementary Education | Bachelor of Arts, Special Education and Elementary Education (Dual Licensure) | Bachelor of Arts, Special Education, Mild to Moderate"
D759,RETIRED,Elementary Literacy and Mathematics,3,2024-10,2026-06,21,20,1,School of Education,0,,"Bachelor of Arts, Educational Studies in Mild to Moderate Exceptionalities Special Education | Bachelor of Arts, Educational Studies in Special and Elementary Education | Bachelor of Arts, Special Education and Elementary Education (Dual Licensure) | Bachelor of Arts, Special Education, Mild to Moderate","Bachelor of Arts, Educational Studies in Mild to Moderate Exceptionalities Special Education | Bachelor of Arts, Educational Studies in Special and Elementary Education | Bachelor of Arts, Special Education and Elementary Education (Dual Licensure) | Bachelor of Arts, Special Education, Mild to Moderate"
D760,RETIRED,Secondary Literacy and Mathematics,3,2024-10,2026-06,21,20,1,School of Education,0,,"Bachelor of Arts, Educational Studies in Mild to Moderate Exceptionalities Special Education | Bachelor of Arts, Educational Studies in Special and Elementary Education | Bachelor of Arts, Special Education and Elementary Education (Dual Licensure) | Bachelor of Arts, Special Education, Mild to Moderate","Bachelor of Arts, Educational Studies in Mild to Moderate Exceptionalities Special Education | Bachelor of Arts, Educational Studies in Special and Elementary Education | Bachelor of Arts, Special Education and Elementary Education (Dual Licensure) | Bachelor of Arts, Special Education, Mild to Moderate"
D761,RETIRED,Behavioral Intervention Strategies and Applied,3,2024-10,2026-06,21,20,1,School of Education,0,,"Master of Arts in Teaching, Special Education","Master of Arts in Teaching, Special Education"
D762,RETIRED,"Special Education Law, Policies and",2,2024-10,2026-06,21,20,1,School of Education,0,,"Master of Arts in Teaching, Special Education","Master of Arts in Teaching, Special Education"
D763,RETIRED,Assessment for Special Education,2,2024-10,2026-06,21,20,1,School of Education,0,,"Master of Arts in Teaching, Special Education","Master of Arts in Teaching, Special Education"
D764,RETIRED,Individualized Education Plan (IEP),2,2024-10,2026-06,21,20,1,School of Education,0,,"Master of Arts in Teaching, Special Education","Master of Arts in Teaching, Special Education"
D765,RETIRED,Special Education Curriculum,2,2024-10,2026-06,21,20,1,School of Education,0,,"Master of Arts in Teaching, Special Education","Master of Arts in Teaching, Special Education"
D766,RETIRED,Considerations for Instructional Planning for,2,2024-10,2026-06,21,20,1,School of Education,0,,"Master of Arts in Teaching, Special Education","Master of Arts in Teaching, Special Education"
D767,RETIRED,Elementary Literacy and Mathematics,2,2024-10,2026-06,21,20,1,School of Education,0,,"Master of Arts in Teaching, Special Education","Master of Arts in Teaching, Special Education"
D768,RETIRED,Secondary Literacy and Mathematics,2,2024-10,2026-06,21,20,1,School of Education,0,,"Master of Arts in Teaching, Special Education","Master of Arts in Teaching, Special Education"
D769,RETIRED,Secondary Literacy Methods and Interventions,3,2024-10,2026-06,21,20,1,School of Education,0,,"Bachelor of Arts, Educational Studies in Mild to Moderate Exceptionalities Special Education | Bachelor of Arts, Educational Studies in Special and Elementary Education | Bachelor of Arts, Special Education and Elementary Education (Dual Licensure) | Bachelor of Arts, Special Education, Mild to Moderate","Bachelor of Arts, Educational Studies in Mild to Moderate Exceptionalities Special Education | Bachelor of Arts, Educational Studies in Secondary Biological Science Education | Bachelor of Arts, Educational Studies in Secondary Chemistry Science Education | Bachelor of Arts, Educational Studies in Secondary Earth Science Education"
D770,RETIRED,Secondary Literacy Methods and Interventions,2,2024-10,2026-06,21,20,1,School of Education,0,,"Master of Arts in Teaching, Special Education","Master of Arts in Teaching, English Education (Secondary) | Master of Arts in Teaching, Mathematics Education (Secondary) | Master of Arts in Teaching, Science Education (Secondary Biology) | Master of Arts in Teaching, Science Education (Secondary Chemistry)"
D771,RETIRED,Quantitative Literacy,3,2024-09,2026-06,22,21,1,School of Education,0,,"Bachelor of Arts, Educational Studies in Elementary Education | Bachelor of Arts, Elementary Education","Bachelor of Arts, Educational Studies in Elementary Education | Bachelor of Arts, Educational Studies in Mild to Moderate Exceptionalities Special Education | Bachelor of Arts, Educational Studies in Secondary Biological Science Education | Bachelor of Arts, Educational Studies in Secondary Earth Science Education"
D772,RETIRED,Statistical Data Literacy,3,2024-09,2026-06,22,21,1,School of Education,0,,"Bachelor of Arts, Educational Studies in Elementary Education | Bachelor of Arts, Elementary Education","Bachelor of Arts, Educational Studies in Elementary Education | Bachelor of Arts, Educational Studies in Mild to Moderate Exceptionalities Special Education | Bachelor of Arts, Educational Studies in Secondary Chemistry Science Education | Bachelor of Arts, Educational Studies in Special and Elementary Education"
D773,RETIRED,Technology and Ethics: Emerging Trends and,3,2024-09,2026-06,22,21,3,School of Business | School of Education | School of Technology,0,,"Bachelor of Arts, Educational Studies in Elementary Education | Bachelor of Arts, Elementary Education","Bachelor of Arts, Educational Studies in Elementary Education | Bachelor of Arts, Educational Studies in Mild to Moderate Exceptionalities Special Education | Bachelor of Arts, Educational Studies in Secondary Biological Science Education | Bachelor of Arts, Educational Studies in Secondary Chemistry Science Education"
D774,RETIRED,Introduction to Business Accounting,3,2025-01,2026-06,18,17,1,School of Business,0,,"Bachelor of Science, Management","Bachelor of Science, Business Management | Bachelor of Science, Communications | Bachelor of Science, Healthcare Administration | Bachelor of Science, Human Resource Management"
D775,RETIRED,Introduction to Business Finance,3,2025-01,2026-06,18,17,1,School of Business,0,,"Bachelor of Science, Management","Bachelor of Science, Business Management | Bachelor of Science, Communications | Bachelor of Science, Healthcare Administration | Bachelor of Science, Human Resource Management"
D776,RETIRED,Healthcare Leadership and Community Engagement,3,2024-06,2026-06,25,24,1,School of Business,1,Healthcare Leadership and Community,"Bachelor of Science, Healthcare Administration","Bachelor of Science, Healthcare Administration"
D777,RETIRED,Real Life Applications of Data Structures,3,2025-02,2026-06,17,16,1,School of Technology,0,,"Master of Science, Software Engineering - AI Engineering | Master of Science, Software Engineering - DevOps Engineering | Master of Science, Software Engineering - Domain Driven Design","Master of Science, Software Engineering - AI Engineering | Master of Science, Software Engineering - DevOps Engineering | Master of Science, Software Engineering - Domain Driven Design"
D778,RETIRED,Advanced Software Engineering,3,2025-02,2026-06,17,16,1,School of Technology,0,,"Bachelor of Science, Software Engineering (BSSWE to MSSWE) | Master of Science, Software Engineering - AI Engineering | Master of Science, Software Engineering - DevOps Engineering | Master of Science, Software Engineering - Domain Driven Design","Bachelor of Science, Software Engineering (BSSWE to MSSWE) | Master of Science, Software Engineering - AI Engineering | Master of Science, Software Engineering - DevOps Engineering | Master of Science, Software Engineering - Domain Driven Design"
D779,RETIRED,Software Product Design and Requirement,3,2025-02,2026-06,17,16,1,School of Technology,0,,"Master of Science, Software Engineering - AI Engineering | Master of Science, Software Engineering - DevOps Engineering | Master of Science, Software Engineering - Domain Driven Design","Master of Science, Software Engineering - AI Engineering | Master of Science, Software Engineering - DevOps Engineering | Master of Science, Software Engineering - Domain Driven Design"
D780,RETIRED,Software Architecture and Design,3,2025-02,2026-06,17,16,1,School of Technology,0,,"Bachelor of Science, Software Engineering (BSSWE to MSSWE) | Master of Science, Computer Science, Computing Systems | Master of Science, Computer Science, Human-Computer Interaction | Master of Science, Software Engineering - AI Engineering","Bachelor of Science, Software Engineering (BSSWE to MSSWE) | Master of Science, Computer Science, Computing Systems | Master of Science, Computer Science, Human-Computer Interaction | Master of Science, Software Engineering - AI Engineering"
D781,RETIRED,Software Quality Assurance and Deployment,4,2025-02,2026-06,17,16,1,School of Technology,0,,"Bachelor of Science, Software Engineering (BSSWE to MSSWE) | Master of Science, Software Engineering - AI Engineering | Master of Science, Software Engineering - DevOps Engineering | Master of Science, Software Engineering - Domain Driven Design","Bachelor of Science, Software Engineering (BSSWE to MSSWE) | Master of Science, Software Engineering - AI Engineering | Master of Science, Software Engineering - DevOps Engineering | Master of Science, Software Engineering - Domain Driven Design"
D782,RETIRED,Network Architecture and Cloud Computing,3,2025-02,2026-06,17,16,1,School of Technology,0,,"Bachelor of Science, Software Engineering (BSSWE to MSSWE) | Master of Science, Computer Science, Computing Systems | Master of Science, Software Engineering - AI Engineering | Master of Science, Software Engineering - DevOps Engineering","Bachelor of Science, Software Engineering (BSSWE to MSSWE) | Master of Science, Computer Science, Computing Systems | Master of Science, Software Engineering - AI Engineering | Master of Science, Software Engineering - DevOps Engineering"
D783,RETIRED,DevOps Foundations,3,2025-02,2026-06,17,16,1,School of Technology,0,,"Master of Science, Software Engineering - DevOps Engineering","Master of Science, Software Engineering - DevOps Engineering"
D784,RETIRED,Continuous Integration and Continuous,3,2025-02,2026-06,17,16,1,School of Technology,0,,"Master of Science, Software Engineering - DevOps Engineering","Master of Science, Software Engineering - DevOps Engineering"
D785,RETIRED,DevOps Security,3,2025-02,2026-06,17,16,1,School of Technology,0,,"Master of Science, Software Engineering - DevOps Engineering","Master of Science, Software Engineering - DevOps Engineering"
D786,RETIRED,Microservices Design and Architecture,3,2025-02,2026-06,17,16,1,School of Technology,0,,"Master of Science, Software Engineering - Domain Driven Design","Master of Science, Software Engineering - Domain Driven Design"
D787,RETIRED,Scalability and Performance Optimization,3,2025-02,2026-06,17,16,1,School of Technology,0,,"Master of Science, Software Engineering - Domain Driven Design","Master of Science, Software Engineering - Domain Driven Design"
D788,RETIRED,Domain Driven Design,3,2025-02,2026-06,17,16,1,School of Technology,0,,"Master of Science, Software Engineering - Domain Driven Design","Master of Science, Software Engineering - Domain Driven Design"
D789,RETIRED,Applied Machine Learning for Business,3,2025-02,2026-06,17,16,1,School of Technology,0,,"Master of Science, Software Engineering - AI Engineering","Master of Science, Software Engineering - AI Engineering"
D790,RETIRED,Human Centered AI,3,2025-02,2026-06,17,16,1,School of Technology,0,,"Master of Science, Software Engineering - AI Engineering","Master of Science, Software Engineering - AI Engineering"
D791,RETIRED,Integrating AI with Modern Software,3,2025-02,2026-06,17,16,1,School of Technology,0,,"Master of Science, Software Engineering - AI Engineering","Master of Science, Software Engineering - AI Engineering"
D793,RETIRED,Formal Languages Overview,3,2025-02,2026-06,17,16,1,School of Technology,0,,"Bachelor of Science, Computer Science (BSCS to MSCS) | Master of Science, Computer Science, Artificial Intelligence and Machine Learning | Master of Science, Computer Science, Computing Systems | Master of Science, Computer Science, Human-Computer Interaction","Bachelor of Science, Computer Science (BSCS to MSCS) | Master of Science, Computer Science, Artificial Intelligence and Machine Learning | Master of Science, Computer Science, Computing Systems | Master of Science, Computer Science, Human-Computer Interaction"
D794,RETIRED,Computer Architecture and Systems,3,2025-02,2026-06,17,16,1,School of Technology,0,,"Master of Science, Computer Science, Artificial Intelligence and Machine Learning | Master of Science, Computer Science, Computing Systems | Master of Science, Computer Science, Human-Computer Interaction","Master of Science, Computer Science, Artificial Intelligence and Machine Learning | Master of Science, Computer Science, Computing Systems | Master of Science, Computer Science, Human-Computer Interaction"
D795,RETIRED,Applied Algorithms and Reasoning,3,2025-02,2026-06,17,16,1,School of Technology,0,,"Bachelor of Science, Computer Science (BSCS to MSCS) | Master of Science, Computer Science, Artificial Intelligence and Machine Learning | Master of Science, Computer Science, Computing Systems | Master of Science, Computer Science, Human-Computer Interaction","Bachelor of Science, Computer Science (BSCS to MSCS) | Master of Science, Computer Science, Artificial Intelligence and Machine Learning | Master of Science, Computer Science, Computing Systems | Master of Science, Computer Science, Human-Computer Interaction"
D796,RETIRED,Unix and Linux,3,2025-02,2026-06,17,16,1,School of Technology,0,,"Master of Science, Computer Science, Artificial Intelligence and Machine Learning | Master of Science, Computer Science, Computing Systems | Master of Science, Computer Science, Human-Computer Interaction","Master of Science, Computer Science, Artificial Intelligence and Machine Learning | Master of Science, Computer Science, Computing Systems | Master of Science, Computer Science, Human-Computer Interaction"
D797,RETIRED,Artificial Intelligence and Machine Learning,3,2025-02,2026-06,17,16,1,School of Technology,0,,"Bachelor of Science, Computer Science (BSCS to MSCS) | Master of Science, Computer Science, Artificial Intelligence and Machine Learning | Master of Science, Computer Science, Computing Systems | Master of Science, Computer Science, Human-Computer Interaction","Bachelor of Science, Computer Science (BSCS to MSCS) | Master of Science, Computer Science, Artificial Intelligence and Machine Learning | Master of Science, Computer Science, Computing Systems | Master of Science, Computer Science, Human-Computer Interaction"
D798,RETIRED,Emerging Computing Systems,4,2025-02,2026-06,17,16,1,School of Technology,0,,"Master of Science, Computer Science, Computing Systems","Master of Science, Computer Science, Computing Systems"
D799,RETIRED,Mobile and Ubiquitous Design,4,2025-02,2026-06,17,16,1,School of Technology,0,,"Master of Science, Computer Science, Computing Systems | Master of Science, Computer Science, Human-Computer Interaction","Master of Science, Computer Science, Computing Systems | Master of Science, Computer Science, Human-Computer Interaction"
D800,RETIRED,Human-Computer Interaction,4,2025-02,2026-06,17,16,1,School of Technology,0,,"Master of Science, Computer Science, Human-Computer Interaction","Master of Science, Computer Science, Human-Computer Interaction"
D801,RETIRED,Machine Learning for Computer Scientists,4,2025-02,2026-06,17,16,1,School of Technology,0,,"Master of Science, Computer Science, Artificial Intelligence and Machine Learning","Master of Science, Computer Science, Artificial Intelligence and Machine Learning"
D802,RETIRED,Deep Learning,3,2025-02,2026-06,17,16,1,School of Technology,0,,"Master of Science, Computer Science, Artificial Intelligence and Machine Learning","Master of Science, Computer Science, Artificial Intelligence and Machine Learning"
D803,RETIRED,Natural Language Processing,3,2025-02,2026-06,17,16,1,School of Technology,0,,"Master of Science, Computer Science, Artificial Intelligence and Machine Learning","Master of Science, Computer Science, Artificial Intelligence and Machine Learning"
D804,RETIRED,Advanced AI for Computer Scientists,4,2025-02,2026-06,17,16,1,School of Technology,0,,"Master of Science, Computer Science, Artificial Intelligence and Machine Learning","Master of Science, Computer Science, Artificial Intelligence and Machine Learning"
D805,RETIRED,Secondary Disciplinary Literacy,3,2025-02,2026-06,17,16,1,School of Education,0,,"Bachelor of Arts, Educational Studies in Secondary Biological Science Education | Bachelor of Arts, Educational Studies in Secondary Chemistry Science Education | Bachelor of Arts, Educational Studies in Secondary Earth Science Education | Bachelor of Arts, Educational Studies in Secondary Mathematics Education","Bachelor of Arts, Educational Studies in Secondary Biological Science Education | Bachelor of Arts, Educational Studies in Secondary Chemistry Science Education | Bachelor of Arts, Educational Studies in Secondary Earth Science Education | Bachelor of Arts, Educational Studies in Secondary Mathematics Education"
D806,RETIRED,Secondary Disciplinary Literacy,2,2025-02,2026-06,17,16,1,School of Education,0,,"Master of Arts in Teaching, English Education (Secondary) | Master of Arts in Teaching, Mathematics Education (Secondary) | Master of Arts in Teaching, Science Education (Secondary Biology) | Master of Arts in Teaching, Science Education (Secondary Chemistry)","Master of Arts in Teaching, English Education (Secondary) | Master of Arts in Teaching, Mathematics Education (Secondary) | Master of Arts in Teaching, Science Education (Secondary Biology) | Master of Arts in Teaching, Science Education (Secondary Chemistry)"
D807,RETIRED,General Secondary Methods,3,2025-02,2026-06,17,16,1,School of Education,0,,"Bachelor of Arts, Educational Studies in Secondary Biological Science Education | Bachelor of Arts, Educational Studies in Secondary Chemistry Science Education | Bachelor of Arts, Educational Studies in Secondary Earth Science Education | Bachelor of Arts, Educational Studies in Secondary Mathematics Education","Bachelor of Arts, Educational Studies in Secondary Biological Science Education | Bachelor of Arts, Educational Studies in Secondary Chemistry Science Education | Bachelor of Arts, Educational Studies in Secondary Earth Science Education | Bachelor of Arts, Educational Studies in Secondary Mathematics Education"
D808,RETIRED,General Secondary Methods,2,2025-02,2026-06,17,16,1,School of Education,0,,"Master of Arts in Teaching, English Education (Secondary) | Master of Arts in Teaching, Mathematics Education (Secondary) | Master of Arts in Teaching, Science Education (Secondary Biology) | Master of Arts in Teaching, Science Education (Secondary Chemistry)","Master of Arts in Teaching, English Education (Secondary) | Master of Arts in Teaching, Mathematics Education (Secondary) | Master of Arts in Teaching, Science Education (Secondary Biology) | Master of Arts in Teaching, Science Education (Secondary Chemistry)"
D822,RETIRED,Technology Governance,3,2026-02,2026-06,5,4,1,School of Technology,0,,"Bachelor of Science, Information Technology | Bachelor of Science, Information Technology (BSIT to MSIT)","Bachelor of Science, Information Technology | Bachelor of Science, Information Technology (BSIT to MSIT)"
D827,RETIRED,Fundamentals of Information Security,3,2025-07,2026-06,12,11,1,School of Technology,0,,"Bachelor of Science, Cybersecurity and Information Assurance","Bachelor of Science, Cybersecurity and Information Assurance"
D828,RETIRED,Legal Issues in Information Security,4,2025-07,2026-06,12,11,1,School of Technology,0,,"Bachelor of Science, Cybersecurity and Information Assurance","Bachelor of Science, Cybersecurity and Information Assurance"
D829,RETIRED,Digital Forensics in Cybersecurity,4,2025-07,2026-06,12,11,1,School of Technology,0,,"Bachelor of Science, Cybersecurity and Information Assurance","Bachelor of Science, Cybersecurity and Information Assurance"
D830,RETIRED,Introduction to Cryptography,4,2025-07,2026-06,12,11,1,School of Technology,0,,"Bachelor of Science, Cybersecurity and Information Assurance","Bachelor of Science, Cybersecurity and Information Assurance"
D831,RETIRED,Introduction to AI and Security,2,2025-07,2026-06,12,11,1,School of Technology,0,,"Bachelor of Science, Cybersecurity and Information Assurance","Bachelor of Science, Cybersecurity and Information Assurance"
D832,RETIRED,Managing Information Security,3,2025-07,2026-06,12,11,1,School of Technology,0,,"Bachelor of Science, Cybersecurity and Information Assurance","Bachelor of Science, Cybersecurity and Information Assurance"
D833,RETIRED,Cybersecurity and Information Assurance,4,2025-07,2026-06,12,11,1,School of Technology,0,,"Bachelor of Science, Cybersecurity and Information Assurance","Bachelor of Science, Cybersecurity and Information Assurance"
D835,RETIRED,Social Studies Methods I,2,2025-02,2026-06,17,16,1,School of Education,0,,"Master of Arts in Teaching, Social Studies Education (Secondary)","Master of Arts in Teaching, Social Studies Education (Secondary)"
D836,RETIRED,Social Studies Methods II,2,2025-02,2026-06,17,16,1,School of Education,0,,"Master of Arts in Teaching, Social Studies Education (Secondary)","Master of Arts in Teaching, Social Studies Education (Secondary)"
D837,RETIRED,Secondary Social Studies Curriculum,2,2025-02,2026-06,17,16,1,School of Education,0,,"Master of Arts in Teaching, Social Studies Education (Secondary)","Master of Arts in Teaching, Social Studies Education (Secondary)"
D838,RETIRED,Teaching Adolescent Literature in Secondary,2,2025-02,2026-06,17,16,1,School of Education,0,,"Master of Arts in Teaching, English Education (Secondary)","Master of Arts in Teaching, English Education (Secondary)"
D839,RETIRED,Teaching Writing in Secondary Schools,2,2025-02,2026-06,17,16,1,School of Education,0,,"Master of Arts in Teaching, English Education (Secondary)","Master of Arts in Teaching, English Education (Secondary)"
D840,RETIRED,Teaching English Language Arts in Secondary,2,2025-02,2026-06,17,16,1,School of Education,0,,"Master of Arts in Teaching, English Education (Secondary)","Master of Arts in Teaching, English Education (Secondary)"
D841,RETIRED,Secondary English Language Arts Curriculum,2,2025-02,2026-06,17,16,1,School of Education,0,,"Master of Arts in Teaching, English Education (Secondary)","Master of Arts in Teaching, English Education (Secondary)"
D842,RETIRED,Technology and Ethics: A Look at Emerging,2,2024-09,2026-06,22,21,1,School of Education,0,,"Master of Arts in Teaching, Elementary Education","Master of Arts in Teaching, Elementary Education | Master of Arts in Teaching, English Education (Secondary) | Master of Arts in Teaching, Mathematics Education (Secondary) | Master of Arts in Teaching, Science Education (Secondary Biology)"
D843,RETIRED,General Chemistry I,3,2025-02,2026-06,17,16,2,School of Education | School of Technology,0,,"Bachelor of Arts, Educational Studies in Secondary Biological Science Education | Bachelor of Arts, Educational Studies in Secondary Chemistry Science Education | Bachelor of Arts, Educational Studies in Secondary Earth Science Education | Bachelor of Arts, Educational Studies in Secondary Physics Science Education","Bachelor of Arts, Educational Studies in Secondary Biological Science Education | Bachelor of Arts, Educational Studies in Secondary Chemistry Science Education | Bachelor of Arts, Educational Studies in Secondary Earth Science Education | Bachelor of Arts, Educational Studies in Secondary Physics Science Education"
D844,RETIRED,General Chemistry I Lab,1,2025-02,2026-06,17,16,2,School of Education | School of Technology,0,,"Bachelor of Arts, Educational Studies in Secondary Biological Science Education | Bachelor of Arts, Educational Studies in Secondary Chemistry Science Education | Bachelor of Arts, Educational Studies in Secondary Earth Science Education | Bachelor of Arts, Educational Studies in Secondary Physics Science Education","Bachelor of Arts, Educational Studies in Secondary Biological Science Education | Bachelor of Arts, Educational Studies in Secondary Chemistry Science Education | Bachelor of Arts, Educational Studies in Secondary Earth Science Education | Bachelor of Arts, Educational Studies in Secondary Physics Science Education"
D845,RETIRED,General Physics I,3,2025-02,2026-06,17,16,1,School of Education,0,,"Bachelor of Arts, Educational Studies in Secondary Biological Science Education | Bachelor of Arts, Educational Studies in Secondary Chemistry Science Education | Bachelor of Arts, Educational Studies in Secondary Earth Science Education | Bachelor of Arts, Educational Studies in Secondary Physics Science Education","Bachelor of Arts, Educational Studies in Secondary Biological Science Education | Bachelor of Arts, Educational Studies in Secondary Chemistry Science Education | Bachelor of Arts, Educational Studies in Secondary Earth Science Education | Bachelor of Arts, Educational Studies in Secondary Physics Science Education"
D846,RETIRED,General Physics I Lab,1,2025-02,2026-06,17,16,1,School of Education,0,,"Bachelor of Arts, Educational Studies in Secondary Biological Science Education | Bachelor of Arts, Educational Studies in Secondary Chemistry Science Education | Bachelor of Arts, Educational Studies in Secondary Earth Science Education | Bachelor of Arts, Educational Studies in Secondary Physics Science Education","Bachelor of Arts, Educational Studies in Secondary Biological Science Education | Bachelor of Arts, Educational Studies in Secondary Chemistry Science Education | Bachelor of Arts, Educational Studies in Secondary Earth Science Education | Bachelor of Arts, Educational Studies in Secondary Physics Science Education"
D847,RETIRED,General Earth Science I,3,2025-02,2026-06,17,16,1,School of Education,0,,"Bachelor of Arts, Educational Studies in Secondary Biological Science Education | Bachelor of Arts, Educational Studies in Secondary Chemistry Science Education | Bachelor of Arts, Educational Studies in Secondary Earth Science Education | Bachelor of Arts, Educational Studies in Secondary Physics Science Education","Bachelor of Arts, Educational Studies in Secondary Biological Science Education | Bachelor of Arts, Educational Studies in Secondary Chemistry Science Education | Bachelor of Arts, Educational Studies in Secondary Earth Science Education | Bachelor of Arts, Educational Studies in Secondary Physics Science Education"
D848,RETIRED,General Earth Science I Lab,1,2025-02,2026-06,17,16,1,School of Education,0,,"Bachelor of Arts, Educational Studies in Secondary Biological Science Education | Bachelor of Arts, Educational Studies in Secondary Chemistry Science Education | Bachelor of Arts, Educational Studies in Secondary Earth Science Education | Bachelor of Arts, Educational Studies in Secondary Physics Science Education","Bachelor of Arts, Educational Studies in Secondary Biological Science Education | Bachelor of Arts, Educational Studies in Secondary Chemistry Science Education | Bachelor of Arts, Educational Studies in Secondary Earth Science Education | Bachelor of Arts, Educational Studies in Secondary Physics Science Education"
D849,RETIRED,General Biology I,3,2025-02,2026-06,17,16,1,School of Education,0,,"Bachelor of Arts, Educational Studies in Secondary Biological Science Education | Bachelor of Arts, Educational Studies in Secondary Chemistry Science Education | Bachelor of Arts, Educational Studies in Secondary Earth Science Education | Bachelor of Arts, Educational Studies in Secondary Mathematics Education","Bachelor of Arts, Educational Studies in Secondary Biological Science Education | Bachelor of Arts, Educational Studies in Secondary Chemistry Science Education | Bachelor of Arts, Educational Studies in Secondary Earth Science Education | Bachelor of Arts, Educational Studies in Secondary Mathematics Education"
D850,RETIRED,General Biology I Lab,1,2025-02,2026-06,17,16,1,School of Education,0,,"Bachelor of Arts, Educational Studies in Secondary Biological Science Education | Bachelor of Arts, Educational Studies in Secondary Chemistry Science Education | Bachelor of Arts, Educational Studies in Secondary Earth Science Education | Bachelor of Arts, Educational Studies in Secondary Physics Science Education","Bachelor of Arts, Educational Studies in Secondary Biological Science Education | Bachelor of Arts, Educational Studies in Secondary Chemistry Science Education | Bachelor of Arts, Educational Studies in Secondary Earth Science Education | Bachelor of Arts, Educational Studies in Secondary Physics Science Education"
D852,RETIRED,Astronomy,3,2025-02,2026-06,17,16,1,School of Education,0,,"Bachelor of Arts, Educational Studies in Secondary Earth Science Education | Bachelor of Science, Science Education (Secondary Earth Science)","Bachelor of Arts, Educational Studies in Secondary Earth Science Education | Bachelor of Science, Science Education (Secondary Earth Science) | Endorsement Preparation Program, Earth Science"
D853,RETIRED,Meteorology,3,2025-02,2026-06,17,16,1,School of Education,0,,"Bachelor of Arts, Educational Studies in Secondary Earth Science Education | Bachelor of Science, Science Education (Secondary Earth Science)","Bachelor of Arts, Educational Studies in Secondary Earth Science Education | Bachelor of Science, Science Education (Secondary Earth Science) | Endorsement Preparation Program, Earth Science"
D854,RETIRED,Environmental Science,3,2025-02,2026-06,17,16,1,School of Education,0,,"Bachelor of Arts, Educational Studies in Secondary Earth Science Education | Bachelor of Science, Science Education (Secondary Earth Science)","Bachelor of Arts, Educational Studies in Secondary Earth Science Education | Bachelor of Science, Science Education (Secondary Earth Science) | Endorsement Preparation Program, Earth Science"
D855,RETIRED,Natural Hazards,3,2025-02,2026-06,17,16,1,School of Education,0,,"Bachelor of Arts, Educational Studies in Secondary Earth Science Education | Bachelor of Science, Science Education (Secondary Earth Science)","Bachelor of Arts, Educational Studies in Secondary Earth Science Education | Bachelor of Science, Science Education (Secondary Earth Science) | Endorsement Preparation Program, Earth Science"
D856,RETIRED,Environmental Management with Lab,4,2025-02,2026-06,17,16,1,School of Education,0,,"Bachelor of Arts, Educational Studies in Secondary Earth Science Education | Bachelor of Science, Science Education (Secondary Earth Science)","Bachelor of Arts, Educational Studies in Secondary Earth Science Education | Bachelor of Science, Science Education (Secondary Earth Science) | Endorsement Preparation Program, Earth Science"
D857,RETIRED,Secondary Earth Science Curriculum,3,2025-02,2026-06,17,16,1,School of Education,0,,"Bachelor of Arts, Educational Studies in Secondary Earth Science Education | Bachelor of Science, Science Education (Secondary Earth Science)","Bachelor of Arts, Educational Studies in Secondary Earth Science Education | Bachelor of Science, Science Education (Secondary Earth Science) | Endorsement Preparation Program, Earth Science"
D858,RETIRED,Secondary Earth Science Curriculum,2,2025-02,2026-06,17,16,1,School of Education,0,,"Master of Arts in Teaching, Science Education (Secondary Earth Science)","Master of Arts in Teaching, Science Education (Secondary Earth Science)"
D859,RETIRED,General Geology,3,2025-02,2026-06,17,16,1,School of Education,0,,"Bachelor of Arts, Educational Studies in Secondary Earth Science Education | Bachelor of Science, Science Education (Secondary Earth Science)","Bachelor of Arts, Educational Studies in Secondary Earth Science Education | Bachelor of Science, Science Education (Secondary Earth Science) | Endorsement Preparation Program, Earth Science"
D860,RETIRED,General Physics II with Lab,4,2025-02,2026-06,17,16,1,School of Education,0,,"Bachelor of Arts, Educational Studies in Secondary Physics Science Education | Bachelor of Science, Science Education (Secondary Physics)","Bachelor of Arts, Educational Studies in Secondary Physics Science Education | Bachelor of Science, Science Education (Secondary Physics) | Endorsement Preparation Program, Physics"
D861,RETIRED,Electricity and Magnetism,3,2025-02,2026-06,17,16,1,School of Education,0,,"Bachelor of Arts, Educational Studies in Secondary Physics Science Education | Bachelor of Science, Science Education (Secondary Physics)","Bachelor of Arts, Educational Studies in Secondary Physics Science Education | Bachelor of Science, Science Education (Secondary Physics) | Endorsement Preparation Program, Physics"
D862,RETIRED,Astrophysics with Lab,4,2025-02,2026-06,17,16,1,School of Education,0,,"Bachelor of Arts, Educational Studies in Secondary Physics Science Education | Bachelor of Science, Science Education (Secondary Physics)","Bachelor of Arts, Educational Studies in Secondary Physics Science Education | Bachelor of Science, Science Education (Secondary Physics) | Endorsement Preparation Program, Physics"
D863,RETIRED,"Waves, Acoustics, and Sound",3,2025-02,2026-06,17,16,1,School of Education,0,,"Bachelor of Arts, Educational Studies in Secondary Physics Science Education | Bachelor of Science, Science Education (Secondary Physics)","Bachelor of Arts, Educational Studies in Secondary Physics Science Education | Bachelor of Science, Science Education (Secondary Physics) | Endorsement Preparation Program, Physics"
D864,RETIRED,Secondary Physics Curriculum,3,2025-02,2026-06,17,16,1,School of Education,0,,"Bachelor of Arts, Educational Studies in Secondary Physics Science Education | Bachelor of Science, Science Education (Secondary Physics)","Bachelor of Arts, Educational Studies in Secondary Physics Science Education | Bachelor of Science, Science Education (Secondary Physics) | Endorsement Preparation Program, Physics"
D865,RETIRED,Secondary Physics Curriculum,2,2025-02,2026-06,17,16,1,School of Education,0,,"Master of Arts in Teaching, Science Education (Secondary Physics)","Master of Arts in Teaching, Science Education (Secondary Physics)"
D866,RETIRED,General Chemistry II with Lab,4,2025-02,2026-06,17,16,1,School of Education,0,,"Bachelor of Arts, Educational Studies in Secondary Chemistry Science Education | Bachelor of Science, Science Education (Secondary Chemistry)","Bachelor of Arts, Educational Studies in Secondary Chemistry Science Education | Bachelor of Science, Science Education (Secondary Chemistry) | Endorsement Preparation Program, Chemistry"
D867,RETIRED,Organic Chemistry,3,2025-02,2026-06,17,16,1,School of Education,0,,"Bachelor of Arts, Educational Studies in Secondary Chemistry Science Education | Bachelor of Science, Science Education (Secondary Chemistry)","Bachelor of Arts, Educational Studies in Secondary Chemistry Science Education | Bachelor of Science, Science Education (Secondary Chemistry) | Endorsement Preparation Program, Chemistry"
D868,RETIRED,Analytical Chemistry with Lab,4,2025-02,2026-06,17,16,1,School of Education,0,,"Bachelor of Arts, Educational Studies in Secondary Chemistry Science Education | Bachelor of Science, Science Education (Secondary Chemistry)","Bachelor of Arts, Educational Studies in Secondary Chemistry Science Education | Bachelor of Science, Science Education (Secondary Chemistry) | Endorsement Preparation Program, Chemistry"
D869,RETIRED,Biochemistry I,3,2025-02,2026-06,17,16,1,School of Education,0,,"Bachelor of Arts, Educational Studies in Secondary Chemistry Science Education | Bachelor of Science, Science Education (Secondary Chemistry)","Bachelor of Arts, Educational Studies in Secondary Chemistry Science Education | Bachelor of Science, Science Education (Secondary Chemistry) | Endorsement Preparation Program, Chemistry"
D870,RETIRED,Physical Chemistry I,3,2025-02,2026-06,17,16,1,School of Education,0,,"Bachelor of Arts, Educational Studies in Secondary Chemistry Science Education | Bachelor of Science, Science Education (Secondary Chemistry)","Bachelor of Arts, Educational Studies in Secondary Chemistry Science Education | Bachelor of Science, Science Education (Secondary Chemistry) | Endorsement Preparation Program, Chemistry"
D871,RETIRED,Secondary Chemistry Curriculum,3,2025-02,2026-06,17,16,1,School of Education,0,,"Bachelor of Arts, Educational Studies in Secondary Chemistry Science Education | Bachelor of Science, Science Education (Secondary Chemistry)","Bachelor of Arts, Educational Studies in Secondary Chemistry Science Education | Bachelor of Science, Science Education (Secondary Chemistry) | Endorsement Preparation Program, Chemistry"
D872,RETIRED,Secondary Chemistry Curriculum,2,2025-02,2026-06,17,16,1,School of Education,0,,"Master of Arts in Teaching, Science Education (Secondary Chemistry)","Master of Arts in Teaching, Science Education (Secondary Chemistry)"
D873,RETIRED,Laboratory Safety,1,2025-02,2026-06,17,16,1,School of Education,0,,"Bachelor of Arts, Educational Studies in Secondary Biological Science Education | Bachelor of Arts, Educational Studies in Secondary Chemistry Science Education | Bachelor of Arts, Educational Studies in Secondary Earth Science Education | Bachelor of Arts, Educational Studies in Secondary Physics Science Education","Bachelor of Arts, Educational Studies in Secondary Biological Science Education | Bachelor of Arts, Educational Studies in Secondary Chemistry Science Education | Bachelor of Arts, Educational Studies in Secondary Earth Science Education | Bachelor of Arts, Educational Studies in Secondary Physics Science Education"
D874,RETIRED,Three Dimensional Science and Engineering,3,2025-02,2026-06,17,16,1,School of Education,0,,"Bachelor of Arts, Educational Studies in Secondary Biological Science Education | Bachelor of Arts, Educational Studies in Secondary Chemistry Science Education | Bachelor of Arts, Educational Studies in Secondary Earth Science Education | Bachelor of Arts, Educational Studies in Secondary Physics Science Education","Bachelor of Arts, Educational Studies in Secondary Biological Science Education | Bachelor of Arts, Educational Studies in Secondary Chemistry Science Education | Bachelor of Arts, Educational Studies in Secondary Earth Science Education | Bachelor of Arts, Educational Studies in Secondary Physics Science Education"
D875,RETIRED,Secondary Science Teaching Methods,3,2025-02,2026-06,17,16,1,School of Education,0,,"Bachelor of Arts, Educational Studies in Secondary Biological Science Education | Bachelor of Arts, Educational Studies in Secondary Chemistry Science Education | Bachelor of Arts, Educational Studies in Secondary Earth Science Education | Bachelor of Arts, Educational Studies in Secondary Physics Science Education","Bachelor of Arts, Educational Studies in Secondary Biological Science Education | Bachelor of Arts, Educational Studies in Secondary Chemistry Science Education | Bachelor of Arts, Educational Studies in Secondary Earth Science Education | Bachelor of Arts, Educational Studies in Secondary Physics Science Education"
D876,RETIRED,Cell Biology,3,2025-02,2026-06,17,16,1,School of Education,0,,"Bachelor of Arts, Educational Studies in Secondary Biological Science Education | Bachelor of Science, Science Education (Secondary Biological Science)","Bachelor of Arts, Educational Studies in Secondary Biological Science Education | Bachelor of Science, Science Education (Secondary Biological Science) | Endorsement Preparation Program, Biology"
D877,RETIRED,General Biology II,3,2025-02,2026-06,17,16,1,School of Education,0,,"Bachelor of Arts, Educational Studies in Secondary Biological Science Education | Bachelor of Science, Science Education (Secondary Biological Science)","Bachelor of Arts, Educational Studies in Secondary Biological Science Education | Bachelor of Science, Science Education (Secondary Biological Science) | Endorsement Preparation Program, Biology"
D878,RETIRED,General Ecology,3,2025-02,2026-06,17,16,1,School of Education,0,,"Bachelor of Arts, Educational Studies in Secondary Biological Science Education | Bachelor of Arts, Educational Studies in Secondary Earth Science Education | Bachelor of Science, Science Education (Secondary Biological Science) | Bachelor of Science, Science Education (Secondary Earth Science)","Bachelor of Arts, Educational Studies in Secondary Biological Science Education | Bachelor of Arts, Educational Studies in Secondary Earth Science Education | Bachelor of Science, Science Education (Secondary Biological Science) | Bachelor of Science, Science Education (Secondary Earth Science)"
D879,RETIRED,Genetics,3,2025-02,2026-06,17,16,1,School of Education,0,,"Bachelor of Arts, Educational Studies in Secondary Biological Science Education | Bachelor of Science, Science Education (Secondary Biological Science)","Bachelor of Arts, Educational Studies in Secondary Biological Science Education | Bachelor of Science, Science Education (Secondary Biological Science) | Endorsement Preparation Program, Biology"
D880,RETIRED,Evolutionary Biology,3,2025-02,2026-06,17,16,1,School of Education,0,,"Bachelor of Arts, Educational Studies in Secondary Biological Science Education | Bachelor of Science, Science Education (Secondary Biological Science)","Bachelor of Arts, Educational Studies in Secondary Biological Science Education | Bachelor of Science, Science Education (Secondary Biological Science) | Endorsement Preparation Program, Biology"
D881,RETIRED,Advanced Zoology and Botany with Lab,4,2025-02,2026-06,17,16,1,School of Education,0,,"Bachelor of Arts, Educational Studies in Secondary Biological Science Education | Bachelor of Science, Science Education (Secondary Biological Science)","Bachelor of Arts, Educational Studies in Secondary Biological Science Education | Bachelor of Science, Science Education (Secondary Biological Science) | Endorsement Preparation Program, Biology"
D882,RETIRED,Secondary Biology Curriculum,3,2025-02,2026-06,17,16,1,School of Education,0,,"Bachelor of Arts, Educational Studies in Secondary Biological Science Education | Bachelor of Science, Science Education (Secondary Biological Science)","Bachelor of Arts, Educational Studies in Secondary Biological Science Education | Bachelor of Science, Science Education (Secondary Biological Science) | Endorsement Preparation Program, Biology"
D883,RETIRED,Secondary Biology Curriculum,2,2025-02,2026-06,17,16,1,School of Education,0,,"Master of Arts in Teaching, Science Education (Secondary Biology)","Master of Arts in Teaching, Science Education (Secondary Biology)"
D884,RETIRED,Laboratory Safety,1,2025-02,2026-06,17,16,1,School of Education,0,,"Master of Arts in Teaching, Science Education (Secondary Biology) | Master of Arts in Teaching, Science Education (Secondary Chemistry) | Master of Arts in Teaching, Science Education (Secondary Earth Science) | Master of Arts in Teaching, Science Education (Secondary Physics)","Master of Arts in Teaching, Science Education (Secondary Biology) | Master of Arts in Teaching, Science Education (Secondary Chemistry) | Master of Arts in Teaching, Science Education (Secondary Earth Science) | Master of Arts in Teaching, Science Education (Secondary Physics)"
D885,RETIRED,Three Dimensional Science and Engineering,2,2025-02,2026-06,17,16,1,School of Education,0,,"Master of Arts in Teaching, Science Education (Secondary Biology) | Master of Arts in Teaching, Science Education (Secondary Chemistry) | Master of Arts in Teaching, Science Education (Secondary Earth Science) | Master of Arts in Teaching, Science Education (Secondary Physics)","Master of Arts in Teaching, Science Education (Secondary Biology) | Master of Arts in Teaching, Science Education (Secondary Chemistry) | Master of Arts in Teaching, Science Education (Secondary Earth Science) | Master of Arts in Teaching, Science Education (Secondary Physics)"
D886,RETIRED,Secondary Science Teaching Methods,2,2025-02,2026-06,17,16,1,School of Education,0,,"Master of Arts in Teaching, Science Education (Secondary Biology) | Master of Arts in Teaching, Science Education (Secondary Chemistry) | Master of Arts in Teaching, Science Education (Secondary Earth Science) | Master of Arts in Teaching, Science Education (Secondary Physics)","Master of Arts in Teaching, Science Education (Secondary Biology) | Master of Arts in Teaching, Science Education (Secondary Chemistry) | Master of Arts in Teaching, Science Education (Secondary Earth Science) | Master of Arts in Teaching, Science Education (Secondary Physics)"
D887,RETIRED,Molecular Biology,3,2025-02,2026-06,17,16,1,School of Education,0,,"Bachelor of Arts, Educational Studies in Secondary Biological Science Education | Bachelor of Science, Science Education (Secondary Biological Science)","Bachelor of Arts, Educational Studies in Secondary Biological Science Education | Bachelor of Science, Science Education (Secondary Biological Science) | Endorsement Preparation Program, Biology"
D888,RETIRED,Probability and Statistics,3,2025-02,2026-06,17,16,1,School of Education,0,,"Bachelor of Arts, Educational Studies in Secondary Biological Science Education | Bachelor of Arts, Educational Studies in Secondary Earth Science Education | Bachelor of Arts, Educational Studies in Secondary Mathematics Education | Bachelor of Science, Mathematics Education (Secondary)","Bachelor of Arts, Educational Studies in Secondary Biological Science Education | Bachelor of Arts, Educational Studies in Secondary Earth Science Education | Bachelor of Arts, Educational Studies in Secondary Mathematics Education | Bachelor of Science, Mathematics Education (Secondary)"
D889,RETIRED,Trigonometry,3,2025-02,2026-06,17,16,1,School of Education,0,,"Bachelor of Arts, Educational Studies in Secondary Mathematics Education | Bachelor of Science, Mathematics Education (Secondary)","Bachelor of Arts, Educational Studies in Secondary Mathematics Education | Bachelor of Science, Mathematics Education (Secondary)"
D890,RETIRED,Calculus I,3,2025-02,2026-06,17,16,1,School of Education,0,,"Bachelor of Arts, Educational Studies in Secondary Mathematics Education | Bachelor of Arts, Educational Studies in Secondary Physics Science Education | Bachelor of Science, Mathematics Education (Secondary) | Bachelor of Science, Science Education (Secondary Physics)","Bachelor of Arts, Educational Studies in Secondary Mathematics Education | Bachelor of Arts, Educational Studies in Secondary Physics Science Education | Bachelor of Science, Mathematics Education (Secondary) | Bachelor of Science, Science Education (Secondary Physics)"
D891,RETIRED,Calculus II,3,2025-02,2026-06,17,16,1,School of Education,0,,"Bachelor of Arts, Educational Studies in Secondary Mathematics Education | Bachelor of Science, Mathematics Education (Secondary)","Bachelor of Arts, Educational Studies in Secondary Mathematics Education | Bachelor of Science, Mathematics Education (Secondary)"
D892,RETIRED,Multivariable Calculus,3,2025-02,2026-06,17,16,1,School of Education,0,,"Bachelor of Arts, Educational Studies in Secondary Mathematics Education | Bachelor of Science, Mathematics Education (Secondary)","Bachelor of Arts, Educational Studies in Secondary Mathematics Education | Bachelor of Science, Mathematics Education (Secondary)"
D893,RETIRED,Linear Algebra,3,2025-02,2026-06,17,16,1,School of Education,0,,"Bachelor of Arts, Educational Studies in Secondary Mathematics Education | Bachelor of Science, Mathematics Education (Secondary)","Bachelor of Arts, Educational Studies in Secondary Mathematics Education | Bachelor of Science, Mathematics Education (Secondary)"
D894,RETIRED,Advanced Calculus,3,2025-02,2026-06,17,16,1,School of Education,0,,"Bachelor of Arts, Educational Studies in Secondary Mathematics Education | Bachelor of Science, Mathematics Education (Secondary)","Bachelor of Arts, Educational Studies in Secondary Mathematics Education | Bachelor of Science, Mathematics Education (Secondary)"
D895,RETIRED,Geometry for Secondary Mathematics,3,2025-02,2026-06,17,16,1,School of Education,0,,"Bachelor of Arts, Educational Studies in Secondary Mathematics Education | Bachelor of Science, Mathematics Education (Secondary)","Bachelor of Arts, Educational Studies in Secondary Mathematics Education | Bachelor of Science, Mathematics Education (Secondary)"
D896,RETIRED,Differential Equations,3,2025-02,2026-06,17,16,1,School of Education,0,,"Bachelor of Arts, Educational Studies in Secondary Mathematics Education | Bachelor of Science, Mathematics Education (Secondary)","Bachelor of Arts, Educational Studies in Secondary Mathematics Education | Bachelor of Science, Mathematics Education (Secondary)"
D897,RETIRED,Advanced Probability and Statistics,3,2025-02,2026-06,17,16,1,School of Education,0,,"Bachelor of Arts, Educational Studies in Secondary Mathematics Education | Bachelor of Science, Mathematics Education (Secondary)","Bachelor of Arts, Educational Studies in Secondary Mathematics Education | Bachelor of Science, Mathematics Education (Secondary)"
D898,RETIRED,Algebra for Secondary Mathematics Teaching,3,2025-02,2026-06,17,16,1,School of Education,0,,"Bachelor of Arts, Educational Studies in Secondary Mathematics Education | Bachelor of Science, Mathematics Education (Secondary)","Bachelor of Arts, Educational Studies in Secondary Mathematics Education | Bachelor of Science, Mathematics Education (Secondary)"
D899,RETIRED,Statistics for Secondary Mathematics Teaching,3,2025-02,2026-06,17,16,1,School of Education,0,,"Bachelor of Arts, Educational Studies in Secondary Mathematics Education | Bachelor of Science, Mathematics Education (Secondary)","Bachelor of Arts, Educational Studies in Secondary Mathematics Education | Bachelor of Science, Mathematics Education (Secondary)"
D900,RETIRED,Methods of Teaching Secondary Mathematics,3,2025-02,2026-06,17,16,1,School of Education,0,,"Bachelor of Arts, Educational Studies in Secondary Mathematics Education | Bachelor of Science, Mathematics Education (Secondary)","Bachelor of Arts, Educational Studies in Secondary Mathematics Education | Bachelor of Science, Mathematics Education (Secondary)"
D901,RETIRED,Secondary Mathematics Curriculum,3,2025-02,2026-06,17,16,1,School of Education,0,,"Bachelor of Arts, Educational Studies in Secondary Mathematics Education | Bachelor of Science, Mathematics Education (Secondary)","Bachelor of Arts, Educational Studies in Secondary Mathematics Education | Bachelor of Science, Mathematics Education (Secondary)"
D902,RETIRED,Secondary Mathematics Curriculum,2,2025-02,2026-06,17,16,1,School of Education,0,,"Master of Arts in Teaching, Mathematics Education (Secondary)","Master of Arts in Teaching, Mathematics Education (Secondary)"
D903,RETIRED,Geometry for Secondary Mathematics,2,2025-02,2026-06,17,16,1,School of Education,0,,"Master of Arts in Teaching, Mathematics Education (Secondary)","Master of Arts in Teaching, Mathematics Education (Secondary)"
D904,RETIRED,Algebra for Secondary Mathematics Teaching,2,2025-02,2026-06,17,16,1,School of Education,0,,"Master of Arts in Teaching, Mathematics Education (Secondary)","Master of Arts in Teaching, Mathematics Education (Secondary)"
D905,RETIRED,Statistics for Secondary Mathematics Teaching,2,2025-02,2026-06,17,16,1,School of Education,0,,"Master of Arts in Teaching, Mathematics Education (Secondary)","Master of Arts in Teaching, Mathematics Education (Secondary)"
D906,RETIRED,Methods of Teaching Secondary Mathematics,2,2025-02,2026-06,17,16,1,School of Education,0,,"Master of Arts in Teaching, Mathematics Education (Secondary)","Master of Arts in Teaching, Mathematics Education (Secondary)"
D907,RETIRED,Health Services Research,3,2025-12,2026-06,7,6,1,Leavitt School of Health,0,,Master of Healthcare Administration,Master of Healthcare Administration
D908,RETIRED,Healthcare Management,3,2025-12,2026-06,7,6,1,Leavitt School of Health,0,,Master of Healthcare Administration,Master of Healthcare Administration
D909,RETIRED,Healthcare Law and Ethics,3,2025-12,2026-06,7,6,1,Leavitt School of Health,0,,Master of Healthcare Administration,Master of Healthcare Administration
D910,RETIRED,Data Analysis for Healthcare Decisions,3,2025-12,2026-06,7,6,1,Leavitt School of Health,0,,Master of Healthcare Administration,Master of Healthcare Administration
D911,RETIRED,Transforming Healthcare Through Technology,3,2025-12,2026-06,7,6,1,Leavitt School of Health,0,,Master of Healthcare Administration,Master of Healthcare Administration
D912,RETIRED,Healthcare Quality,3,2025-12,2026-06,7,6,1,Leavitt School of Health,0,,Master of Healthcare Administration,Master of Healthcare Administration
D913,RETIRED,Risk Management and Compliance,3,2025-12,2026-06,7,6,1,Leavitt School of Health,0,,Master of Healthcare Administration,Master of Healthcare Administration
D914,RETIRED,Healthcare Economics,3,2025-12,2026-06,7,6,1,Leavitt School of Health,0,,Master of Healthcare Administration,Master of Healthcare Administration
D915,RETIRED,Resource Management and Performance,3,2025-12,2026-06,7,6,1,Leavitt School of Health,0,,Master of Healthcare Administration,Master of Healthcare Administration
D916,RETIRED,MHA Capstone,4,2025-12,2026-06,7,6,1,Leavitt School of Health,0,,Master of Healthcare Administration,Master of Healthcare Administration
D917,RETIRED,Teaching in Early Childhood Classrooms,3,2025-07,2026-01,7,6,1,School of Education,0,,"Endorsement Preparation Program, Early Childhood Education","Endorsement Preparation Program, Early Childhood Education"
D918,RETIRED,Early Childhood Development and Learning,3,2025-07,2026-01,7,6,1,School of Education,0,,"Endorsement Preparation Program, Early Childhood Education","Endorsement Preparation Program, Early Childhood Education"
D919,RETIRED,Early Childhood Clinical,3,2025-07,2026-01,7,6,1,School of Education,0,,"Endorsement Preparation Program, Early Childhood Education","Endorsement Preparation Program, Early Childhood Education"
D922,RETIRED,Middle Grades Methods,3,2025-07,2026-06,12,11,1,School of Education,0,,"Endorsement Preparation Program, Middle Grades Math | Endorsement Preparation Program, Middle Grades Science","Endorsement Preparation Program, Middle Grades Math | Endorsement Preparation Program, Middle Grades Science"
D923,RETIRED,Teaching in Middle School,3,2025-07,2026-06,12,11,1,School of Education,0,,"Endorsement Preparation Program, Middle Grades Math | Endorsement Preparation Program, Middle Grades Science","Endorsement Preparation Program, Middle Grades Math | Endorsement Preparation Program, Middle Grades Science"
DAV2,RETIRED,Physics: Content Knowledge,4,2017-01,2017-05,3,4,1,Teachers College,0,,"Master of Arts, Science Education (5-12, Physics)","Master of Arts, Science Education (5-12, Physics)"
DBV2,RETIRED,Middle School Science: Content Knowledge,4,2017-01,2017-05,3,4,1,Teachers College,0,,"Master of Arts, Science Education (5-9)","Master of Arts, Science Education (5-9)"
DCV2,RETIRED,Chemistry: Content Knowledge,4,2017-01,2017-05,3,4,1,Teachers College,0,,"Master of Arts, Science Education (5-12, Chemistry)","Master of Arts, Science Education (5-12, Chemistry)"
DDV2,RETIRED,Earth Science: Content Knowledge,4,2017-01,2017-05,3,4,1,Teachers College,0,,"Master of Arts, Science Education (5-12, Geo)","Master of Arts, Science Education (5-12, Geo)"
DPT1,RETIRED,Physics: Electricity and Magnetism,3,2017-01,2025-01,94,96,2,School of Education | Teachers College,0,,"Bachelor of Arts, Science (5-12, Physics)","Bachelor of Arts, Educational Studies in Secondary Physics Science Education | Bachelor of Science, Science Education (Secondary Physics)"
DPT2,RETIRED,Physics: Electricity and Magnetism,2,2017-01,2026-06,111,113,2,School of Education | Teachers College,0,,"Master of Arts, Science Education (5-12, Physics)",Master of Arts Science Education (Secondary Physics)
DRC1,RETIRED,Educational Assessment,3,2017-01,2020-06,39,41,1,Teachers College,0,,"Bachelor of Arts, Interdisciplinary Studies (K-8) | Bachelor of Arts, Mathematics (5-12) | Bachelor of Arts, Mathematics (5-9) | Bachelor of Arts, Science (5-12, Bio)","Bachelor of Arts, Elementary Education | Bachelor of Arts, Special Education and Elementary Education (Dual Licensure) | Bachelor of Arts, Special Education, Mild to Moderate | Bachelor of Science, Mathematics Education (Middle Grades)"
DTMG,RETIRED,C993 Structured Query Language,4,2018-08,2018-09,2,1,1,College of Information Technology,0,,"Bachelor of Science, Computer Science | Bachelor of Science, Data Management/Data Analytics | Bachelor of Science, Software Development","Bachelor of Science, Computer Science | Bachelor of Science, Data Management/Data Analytics | Bachelor of Science, Software Development"
DWP2,RETIRED,Application of Elementary Social Studies Methods,1,2017-01,2024-08,89,91,2,School of Education | Teachers College,1,Application of Elementary Social Studies,"Master of Arts in Teaching, Elementary Education (K-8) | Post-baccalaureate Teacher Preparation, Elementary Education (K-8)","Master of Arts in Teaching, Elementary Education"
DZP2,RETIRED,Application of Elementary Visual and Performing Arts Methods,1,2017-01,2024-08,89,91,2,School of Education | Teachers College,1,Application of Elementary Visual and,"Master of Arts in Teaching, Elementary Education (K-8) | Post-baccalaureate Teacher Preparation, Elementary Education (K-8)","Master of Arts in Teaching, Elementary Education"
E004,RETIRED,Introduction to IT,3,2025-08,2026-06,11,10,1,School of Technology,0,,"Bachelor of Science, Cloud and Network Engineering | Bachelor of Science, Cloud and Network Engineering - Amazon Web Services | Bachelor of Science, Cloud and Network Engineering - Cisco | Bachelor of Science, Cloud and Network Engineering - Microsoft Azure","Bachelor of Science, Cloud and Network Engineering | Bachelor of Science, Cloud and Network Engineering - Amazon Web Services | Bachelor of Science, Cloud and Network Engineering - Cisco | Bachelor of Science, Cloud and Network Engineering - Microsoft Azure"
E005,RETIRED,Business Productivity Software,3,2026-02,2026-06,5,4,1,School of Technology,0,,"Bachelor of Science, Information Technology | Bachelor of Science, Information Technology (BSIT to MSIT)","Bachelor of Science, Information Technology | Bachelor of Science, Information Technology (BSIT to MSIT)"
E006,RETIRED,Digital Transformation in the Enterprise,2,2026-02,2026-06,5,4,1,School of Technology,0,,"Bachelor of Science, Information Technology | Bachelor of Science, Information Technology (BSIT to MSIT)","Bachelor of Science, Information Technology | Bachelor of Science, Information Technology (BSIT to MSIT)"
E007,RETIRED,Agile Methodology,3,2026-02,2026-06,5,4,1,School of Technology,0,,"Bachelor of Science, Information Technology | Bachelor of Science, Information Technology (BSIT to MSIT)","Bachelor of Science, Information Technology | Bachelor of Science, Information Technology (BSIT to MSIT)"
E008,RETIRED,Technology Management,3,2026-02,2026-06,5,4,1,School of Technology,0,,"Bachelor of Science, Information Technology","Bachelor of Science, Information Technology"
E009,RETIRED,Web Design Fundamentals,3,2026-02,2026-06,5,4,1,School of Technology,0,,"Bachelor of Science, Information Technology | Bachelor of Science, Information Technology (BSIT to MSIT)","Bachelor of Science, Information Technology | Bachelor of Science, Information Technology (BSIT to MSIT)"
E010,RETIRED,Foundations of Programming (Python),3,2025-08,2026-06,11,10,1,School of Technology,0,,"Bachelor of Science, Cloud and Network Engineering | Bachelor of Science, Cloud and Network Engineering - Amazon Web Services | Bachelor of Science, Cloud and Network Engineering - Cisco | Bachelor of Science, Cloud and Network Engineering - Microsoft Azure","Bachelor of Science, Cloud and Network Engineering | Bachelor of Science, Cloud and Network Engineering - Amazon Web Services | Bachelor of Science, Cloud and Network Engineering - Cisco | Bachelor of Science, Cloud and Network Engineering - Microsoft Azure"
E011,RETIRED,Technical Communication,3,2026-02,2026-06,5,4,1,School of Technology,0,,"Bachelor of Science, Information Technology (BSIT to MSIT) | Master of Science, Information Technology | Master of Science, Information Technology - Product Management","Bachelor of Science, Information Technology (BSIT to MSIT) | Master of Science, Information Technology | Master of Science, Information Technology - Product Management"
E012,RETIRED,Information Technology Management and,3,2026-02,2026-06,5,4,1,School of Technology,0,,"Bachelor of Science, Information Technology (BSIT to MSIT) | Master of Science, Information Technology | Master of Science, Information Technology - Product Management","Bachelor of Science, Information Technology (BSIT to MSIT) | Master of Science, Information Technology | Master of Science, Information Technology - Product Management"
E013,RETIRED,Financial Planning for IT Professionals,3,2026-02,2026-06,5,4,1,School of Technology,0,,"Master of Science, Information Technology | Master of Science, Information Technology - Product Management","Master of Science, Information Technology | Master of Science, Information Technology - Product Management"
E014,RETIRED,Problem Solving for Technology Business,2,2026-02,2026-06,5,4,1,School of Technology,0,,"Master of Science, Information Technology | Master of Science, Information Technology - Product Management","Master of Science, Information Technology | Master of Science, Information Technology - Product Management"
E015,RETIRED,Project Management,4,2026-02,2026-06,5,4,1,School of Technology,0,,"Bachelor of Science, Information Technology (BSIT to MSIT) | Master of Science, Information Technology | Master of Science, Information Technology - Product Management","Bachelor of Science, Information Technology (BSIT to MSIT) | Master of Science, Information Technology | Master of Science, Information Technology - Product Management"
E016,RETIRED,Risk Management and Information Technology,3,2026-02,2026-06,5,4,1,School of Technology,0,,"Master of Science, Information Technology | Master of Science, Information Technology - Product Management","Master of Science, Information Technology | Master of Science, Information Technology - Product Management"
E017,RETIRED,Agile Processes and Culture in Technology,3,2026-02,2026-06,5,4,1,School of Technology,0,,"Master of Science, Information Technology | Master of Science, Information Technology - Product Management","Master of Science, Information Technology | Master of Science, Information Technology - Product Management"
E018,RETIRED,Cloud Strategy,3,2026-02,2026-06,5,4,1,School of Technology,0,,"Master of Science, Information Technology","Master of Science, Information Technology"
E019,RETIRED,Cybersecurity Strategy,3,2026-02,2026-06,5,4,1,School of Technology,0,,"Master of Science, Information Technology","Master of Science, Information Technology"
E020,RETIRED,Data and AI Strategy,2,2026-02,2026-06,5,4,1,School of Technology,0,,"Master of Science, Information Technology","Master of Science, Information Technology"
E021,RETIRED,Leading a Technology Transformation,3,2026-02,2026-06,5,4,1,School of Technology,0,,"Master of Science, Information Technology","Master of Science, Information Technology"
E022,RETIRED,Product Strategy,3,2026-02,2026-06,5,4,1,School of Technology,0,,"Master of Science, Information Technology - Product Management","Master of Science, Information Technology - Product Management"
E023,RETIRED,Product Design,3,2026-02,2026-06,5,4,1,School of Technology,0,,"Master of Science, Information Technology - Product Management","Master of Science, Information Technology - Product Management"
E024,RETIRED,Product Launch,3,2026-02,2026-06,5,4,1,School of Technology,0,,"Master of Science, Information Technology - Product Management","Master of Science, Information Technology - Product Management"
E025,RETIRED,Cloud and Network Security Models,4,2025-08,2026-06,11,10,1,School of Technology,0,,"Bachelor of Science, Cloud and Network Engineering | Bachelor of Science, Cloud and Network Engineering - Amazon Web Services | Bachelor of Science, Cloud and Network Engineering - Cisco | Bachelor of Science, Cloud and Network Engineering - Microsoft Azure","Bachelor of Science, Cloud and Network Engineering | Bachelor of Science, Cloud and Network Engineering - Amazon Web Services | Bachelor of Science, Cloud and Network Engineering - Cisco | Bachelor of Science, Cloud and Network Engineering - Microsoft Azure"
E026,RETIRED,AI for IT Automation and Security,3,2025-08,2026-06,11,10,1,School of Technology,0,,"Bachelor of Science, Cloud and Network Engineering | Bachelor of Science, Cloud and Network Engineering - Amazon Web Services | Bachelor of Science, Cloud and Network Engineering - Cisco | Bachelor of Science, Cloud and Network Engineering - Microsoft Azure","Bachelor of Science, Cloud and Network Engineering | Bachelor of Science, Cloud and Network Engineering - Amazon Web Services | Bachelor of Science, Cloud and Network Engineering - Cisco | Bachelor of Science, Cloud and Network Engineering - Microsoft Azure"
E027,RETIRED,Virtualization and IaaS,3,2025-08,2026-06,11,10,1,School of Technology,0,,"Bachelor of Science, Cloud and Network Engineering | Bachelor of Science, Cloud and Network Engineering - Amazon Web Services | Bachelor of Science, Cloud and Network Engineering - Cisco | Bachelor of Science, Cloud and Network Engineering - Microsoft Azure","Bachelor of Science, Cloud and Network Engineering | Bachelor of Science, Cloud and Network Engineering - Amazon Web Services | Bachelor of Science, Cloud and Network Engineering - Cisco | Bachelor of Science, Cloud and Network Engineering - Microsoft Azure"
E028,RETIRED,Hybrid Cloud Infrastructure and Orchestration,4,2025-08,2026-06,11,10,1,School of Technology,0,,"Bachelor of Science, Cloud and Network Engineering | Bachelor of Science, Cloud and Network Engineering - Amazon Web Services | Bachelor of Science, Cloud and Network Engineering - Cisco | Bachelor of Science, Cloud and Network Engineering - Microsoft Azure","Bachelor of Science, Cloud and Network Engineering | Bachelor of Science, Cloud and Network Engineering - Amazon Web Services | Bachelor of Science, Cloud and Network Engineering - Cisco | Bachelor of Science, Cloud and Network Engineering - Microsoft Azure"
E029,RETIRED,BSCNE Capstone Project,4,2025-08,2026-06,11,10,1,School of Technology,0,,"Bachelor of Science, Cloud and Network Engineering","Bachelor of Science, Cloud and Network Engineering"
E030,RETIRED,BSCNE-AWS Capstone Project,4,2025-08,2026-06,11,10,1,School of Technology,0,,"Bachelor of Science, Cloud and Network Engineering - Amazon Web Services","Bachelor of Science, Cloud and Network Engineering - Amazon Web Services"
E031,RETIRED,BSCNE-Azure Capstone Project,4,2025-08,2026-06,11,10,1,School of Technology,0,,"Bachelor of Science, Cloud and Network Engineering - Microsoft Azure","Bachelor of Science, Cloud and Network Engineering - Microsoft Azure"
E032,RETIRED,BSCNE-Cisco Capstone Project,4,2025-08,2026-06,11,10,1,School of Technology,0,,"Bachelor of Science, Cloud and Network Engineering - Cisco","Bachelor of Science, Cloud and Network Engineering - Cisco"
E033,RETIRED,Azure Solutions Architecture,3,2025-08,2026-06,11,10,1,School of Technology,0,,"Bachelor of Science, Cloud and Network Engineering - Microsoft Azure","Bachelor of Science, Cloud and Network Engineering - Microsoft Azure"
E054,RETIRED,Foundations of Project Management,3,2026-05,2026-06,2,1,1,School of Business,0,,"Bachelor of Science, Project Management","Bachelor of Science, Project Management"
E055,RETIRED,Project Scoping and Scheduling,3,2026-05,2026-06,2,1,1,School of Business,0,,"Bachelor of Science, Project Management","Bachelor of Science, Project Management"
E056,RETIRED,Budgeting and Cost Control,3,2026-05,2026-06,2,1,1,School of Business,0,,"Bachelor of Science, Project Management","Bachelor of Science, Project Management"
E057,RETIRED,Risk Management and Contingency Planning,3,2026-05,2026-06,2,1,1,School of Business,0,,"Bachelor of Science, Project Management","Bachelor of Science, Project Management"
E058,RETIRED,Stakeholder Communication and Collaboration,3,2026-05,2026-06,2,1,1,School of Business,0,,"Bachelor of Science, Project Management","Bachelor of Science, Project Management"
E059,RETIRED,"Legal, Ethical, and Cultural Considerations in",3,2026-05,2026-06,2,1,1,School of Business,0,,"Bachelor of Science, Project Management","Bachelor of Science, Project Management"
E060,RETIRED,Project Management Methodologies,4,2026-05,2026-06,2,1,1,School of Business,0,,"Bachelor of Science, Project Management","Bachelor of Science, Project Management"
E061,RETIRED,Strategic Project Management and Decision,3,2026-05,2026-06,2,1,1,School of Business,0,,"Bachelor of Science, Project Management","Bachelor of Science, Project Management"
E062,RETIRED,Applied Project Management Capstone,4,2026-05,2026-06,2,1,1,School of Business,0,,"Bachelor of Science, Project Management","Bachelor of Science, Project Management"
E066,RETIRED,Object Oriented Programming in Python,3,2026-05,2026-06,2,1,1,School of Technology,0,,"Bachelor of Science, AI Engineering","Bachelor of Science, AI Engineering"
E067,RETIRED,Calculus I,4,2026-05,2026-06,2,1,1,School of Technology,0,,"Bachelor of Science, AI Engineering","Bachelor of Science, AI Engineering"
E068,RETIRED,Ethical Engineering,3,2026-05,2026-06,2,1,1,School of Technology,0,,"Bachelor of Science, AI Engineering","Bachelor of Science, AI Engineering"
E071,RETIRED,Applied Discrete Mathematics,3,2026-05,2026-06,2,1,1,School of Technology,0,,"Bachelor of Science, AI Engineering","Bachelor of Science, AI Engineering"
E077,RETIRED,Introduction to AI Engineering,3,2026-05,2026-06,2,1,1,School of Technology,0,,"Bachelor of Science, AI Engineering","Bachelor of Science, AI Engineering"
E078,RETIRED,Calculus II for Engineers,3,2026-05,2026-06,2,1,1,School of Technology,0,,"Bachelor of Science, AI Engineering","Bachelor of Science, AI Engineering"
E079,RETIRED,Calculus III for Engineers,3,2026-05,2026-06,2,1,1,School of Technology,0,,"Bachelor of Science, AI Engineering","Bachelor of Science, AI Engineering"
E080,RETIRED,AI Engineering with C#,3,2026-05,2026-06,2,1,1,School of Technology,0,,"Bachelor of Science, AI Engineering","Bachelor of Science, AI Engineering"
E081,RETIRED,Azure AI Fundamentals,3,2026-05,2026-06,2,1,1,School of Technology,0,,"Bachelor of Science, AI Engineering","Bachelor of Science, AI Engineering"
E082,RETIRED,Linear Algebra for Engineers,3,2026-05,2026-06,2,1,1,School of Technology,0,,"Bachelor of Science, AI Engineering","Bachelor of Science, AI Engineering"
E083,RETIRED,Mathematics of AI,3,2026-05,2026-06,2,1,1,School of Technology,0,,"Bachelor of Science, AI Engineering","Bachelor of Science, AI Engineering"
E084,RETIRED,Advanced C#,3,2026-05,2026-06,2,1,1,School of Technology,0,,"Bachelor of Science, AI Engineering","Bachelor of Science, AI Engineering"
E085,RETIRED,C# .NET Back End Development,3,2026-05,2026-06,2,1,1,School of Technology,0,,"Bachelor of Science, AI Engineering","Bachelor of Science, AI Engineering"
E086,RETIRED,Computer Systems for AI,3,2026-05,2026-06,2,1,1,School of Technology,0,,"Bachelor of Science, AI Engineering","Bachelor of Science, AI Engineering"
E087,RETIRED,Deep Learning for AI Engineers,3,2026-05,2026-06,2,1,1,School of Technology,0,,"Bachelor of Science, AI Engineering","Bachelor of Science, AI Engineering"
E088,RETIRED,Natural Language Processing for AI Engineers,3,2026-05,2026-06,2,1,1,School of Technology,0,,"Bachelor of Science, AI Engineering","Bachelor of Science, AI Engineering"
E089,RETIRED,Computer Vision for AI Engineers,3,2026-05,2026-06,2,1,1,School of Technology,0,,"Bachelor of Science, AI Engineering","Bachelor of Science, AI Engineering"
E090,RETIRED,Applied AI Engineering,3,2026-05,2026-06,2,1,1,School of Technology,0,,"Bachelor of Science, AI Engineering","Bachelor of Science, AI Engineering"
E101,RETIRED,Applied Professional Experience,3,2026-05,2026-06,2,1,1,School of Business,0,,"Bachelor of Science, Project Management","Bachelor of Science, Project Management"
E200,RETIRED,MSHRM Capstone,3,2026-06,2026-06,1,0,1,School of Business,0,,"Master of Science, Human Resource Management","Master of Science, Human Resource Management"
E224,RETIRED,Global and Population Health,4,2024-08,2026-06,23,22,1,Leavitt School of Health,0,,"Bachelor of Science, Nursing","Bachelor of Science, Nursing"
E225,RETIRED,Emerging Professional Practice,3,2024-08,2026-06,23,22,1,Leavitt School of Health,0,,"Bachelor of Science, Nursing","Bachelor of Science, Nursing"
EBP2,RETIRED,Application of Elementary Physical Education and Health,1,2017-01,2024-08,89,91,2,School of Education | Teachers College,1,Application of Elementary Physical Education,"Master of Arts in Teaching, Elementary Education (K-8) | Post-baccalaureate Teacher Preparation, Elementary Education (K-8)","Master of Arts in Teaching, Elementary Education"
EFP1,RETIRED,Cultural Studies and Diversity,3,2017-01,2020-06,39,41,1,Teachers College,0,,"Bachelor of Arts, Interdisciplinary Studies (K-8) | Bachelor of Arts, Mathematics (5-9) | Bachelor of Arts, Special Education","Bachelor of Arts, Elementary Education | Bachelor of Arts, Special Education and Elementary Education (Dual Licensure) | Bachelor of Arts, Special Education, Mild to Moderate | Bachelor of Science, Mathematics Education (Middle Grades)"
EFV1,RETIRED,Behavioral Management and Intervention,4,2017-01,2019-03,24,26,1,Teachers College,0,,"Bachelor of Arts, Special Education","Bachelor of Arts, Special Education"
EFV2,RETIRED,Behavioral Management and Intervention,3,2017-01,2020-05,38,40,1,Teachers College,0,,"Master of Science, Special Education","Master of Science, Special Education"
ELO1,RETIRED,Subject Specific Pedagogy: ELL,3,2017-01,2026-06,111,113,2,School of Education | Teachers College,0,,"Endorsement Preparation Program, English Language Learning (PreK-12) | Master of Arts, English Language Learning (PreK-12)","Endorsement Preparation Program, English Language Learning | Master of Arts, English Language Learning"
EST1,RETIRED,Ethical Situations in Business,3,2017-01,2018-11,20,22,1,College of Information Technology,0,,"Bachelor of Science, Information Technology","Bachelor of Science, Information Technology"
EXP2,RETIRED,College Geometry,2,2017-01,2018-08,17,19,1,Teachers College,0,,"Master of Arts, Mathematics Education (5-12) | Master of Arts, Mathematics Education (5-9)","Master of Arts, Mathematics Education (5-12) | Master of Arts, Mathematics Education (5-9)"
FCC1,RETIRED,"Introduction to Special Education, Law and Legal Issues",4,2017-01,2019-03,24,26,1,Teachers College,0,,"Bachelor of Arts, Special Education","Bachelor of Arts, Special Education"
FCC2,RETIRED,"Introduction to Special Education, Law and Legal Issues,",3,2017-01,2020-05,38,40,1,Teachers College,0,,"Master of Science, Special Education","Master of Science, Special Education"
FEA1,RETIRED,Field Experience for ELL,3,2017-01,2026-06,111,113,2,School of Education | Teachers College,0,,"Endorsement Preparation Program, English Language Learning (PreK-12) | Master of Arts, English Language Learning (PreK-12)","Endorsement Preparation Program, English Language Learning | Master of Arts, English Language Learning"
FJC1,RETIRED,Psychoeducational Assessment Practices and IEP,4,2017-01,2019-03,24,26,1,Teachers College,0,,"Bachelor of Arts, Special Education","Bachelor of Arts, Special Education"
FJC2,RETIRED,Psychoeducational Assessment Practices and IEP,3,2017-01,2020-05,38,40,1,Teachers College,0,,"Master of Science, Special Education","Master of Science, Special Education"
FLC1,RETIRED,"Instructional Models and Design, Supervision and Culturally",3,2017-01,2019-03,24,26,1,Teachers College,0,,"Bachelor of Arts, Special Education","Bachelor of Arts, Special Education"
FLC2,RETIRED,"Instructional Models and Design, Supervision and Culturally",2,2017-01,2020-05,38,40,1,Teachers College,0,,"Master of Science, Special Education","Master of Science, Special Education"
FTC5,RETIRED,Foundations of Teaching Practice Integration,4,2017-01,2017-05,3,4,1,Teachers College,0,,"Master of Arts in Teaching, Elementary Education (K-8) | Master of Arts in Teaching, English Education (5-12) | Master of Arts in Teaching, Mathematics (5-12) | Master of Arts in Teaching, Mathematics (5-9)","Master of Arts in Teaching, Elementary Education (K-8) | Master of Arts in Teaching, English Education (5-12) | Master of Arts in Teaching, Mathematics (5-12) | Master of Arts in Teaching, Mathematics (5-9)"
FVC1,RETIRED,Global Business,3,2017-01,2020-01,34,36,1,College of Business,0,,"Bachelor of Science, Accounting | Bachelor of Science, Business - Healthcare Management | Bachelor of Science, Business - Human Resource Management | Bachelor of Science, Business - Information Technology Management","Bachelor of Science, Accounting | Bachelor of Science, Business - Healthcare Management | Bachelor of Science, Business - Human Resource Management | Bachelor of Science, Business - Information Technology Management"
FXT2,RETIRED,"Disaster Recovery Planning, Prevention and Response",2,2017-01,2018-12,21,23,1,College of Information Technology,0,,"Master of Science, Cybersecurity and Information Assurance | Master of Science, Information Technology Management","Master of Science, Cybersecurity and Information Assurance"
GNC2,RETIRED,Integrated Natural Sciences,3,2017-01,2017-05,3,4,1,Teachers College,0,,"Master of Arts, Science Education (5-12, Bio) | Master of Arts, Science Education (5-12, Geo) | Master of Arts, Science Education (5-12, Physics) | Master of Arts, Science Education (5-9)","Master of Arts, Science Education (5-12, Bio) | Master of Arts, Science Education (5-12, Geo) | Master of Arts, Science Education (5-12, Physics) | Master of Arts, Science Education (5-9)"
GRT2,RETIRED,Biochemistry,2,2017-01,2017-05,3,4,1,Teachers College,0,,"Master of Arts, Science Education (5-12, Chemistry)","Master of Arts, Science Education (5-12, Chemistry)"
HMP1,RETIRED,Cases in Advanced Human Resource Management,3,2017-01,2023-01,70,72,1,College of Business,0,,"Bachelor of Science, Business - Human Resource Management","Bachelor of Science Business Administration, Human Resource Management"
IDC1,RETIRED,Foundations of Instructional Design,2,2017-01,2022-10,67,69,1,Teachers College,0,,"Master of Education, Instructional Design | Master of Education, Learning and Technology | Master of Science, Special Education","Master of Education, Instructional Design | Master of Education, Learning and Technology"
IYT2,RETIRED,Introduction to Curriculum Theory,2,2017-01,2020-09,42,44,1,Teachers College,0,,"Master of Science, Curriculum and Instruction","Master of Science, Curriculum and Instruction"
IZT2,RETIRED,Learning Theories,2,2017-01,2020-09,42,44,1,Teachers College,0,,"Master of Science, Curriculum and Instruction","Master of Science, Curriculum and Instruction"
JIT2,RETIRED,Risk Management,2,2017-01,2018-12,21,23,1,College of Information Technology,0,,"Master of Science, Cybersecurity and Information Assurance | Master of Science, Information Technology Management","Master of Science, Cybersecurity and Information Assurance"
JNT2,RETIRED,Instructional Design Analysis,2,2017-01,2022-10,67,69,1,Teachers College,0,,"Master of Education, Instructional Design | Master of Education, Learning and Technology","Master of Education, Instructional Design | Master of Education, Learning and Technology"
JOT2,RETIRED,Issues in Instructional Design,2,2017-01,2022-10,67,69,1,Teachers College,0,,"Master of Education, Instructional Design | Master of Education, Learning and Technology | Master of Science, Special Education","Master of Education, Instructional Design | Master of Education, Learning and Technology"
JPT2,RETIRED,Instructional Design Production,2,2017-01,2022-10,67,69,1,Teachers College,0,,"Master of Education, Instructional Design | Master of Education, Learning and Technology | Master of Science, Special Education","Master of Education, Instructional Design | Master of Education, Learning and Technology"
JQT2,RETIRED,Issues in Measurement and Evaluation,2,2017-01,2022-10,67,69,1,Teachers College,0,,"Master of Education, Instructional Design","Master of Education, Instructional Design"
JRT2,RETIRED,Evaluation Methodology and Instrumentation,2,2017-01,2022-10,67,69,1,Teachers College,0,,"Master of Education, Instructional Design","Master of Education, Instructional Design"
JST2,RETIRED,Evaluation Process and Recommendation,2,2017-01,2022-10,67,69,1,Teachers College,0,,"Master of Education, Instructional Design","Master of Education, Instructional Design"
JWT2,RETIRED,Instructional Theory,2,2017-01,2020-09,42,44,1,Teachers College,0,,"Master of Science, Curriculum and Instruction","Master of Science, Curriculum and Instruction"
JXT2,RETIRED,Educational Psychology,2,2017-01,2020-09,42,44,1,Teachers College,0,,"Master of Science, Curriculum and Instruction","Master of Science, Curriculum and Instruction"
JYT2,RETIRED,Curriculum Design,2,2017-01,2020-09,42,44,1,Teachers College,0,,"Master of Science, Curriculum and Instruction","Master of Science, Curriculum and Instruction"
JZT2,RETIRED,Curriculum Evaluation,2,2017-01,2020-09,42,44,1,Teachers College,0,,"Master of Science, Curriculum and Instruction","Master of Science, Curriculum and Instruction"
KAT2,RETIRED,Assessment for Student Learning,2,2017-01,2020-09,42,44,1,Teachers College,0,,"Master of Science, Curriculum and Instruction","Master of Science, Curriculum and Instruction"
KBT2,RETIRED,Differentiated Instruction,2,2017-01,2020-09,42,44,1,Teachers College,0,,"Master of Science, Curriculum and Instruction","Master of Science, Curriculum and Instruction"
LEC1,RETIRED,Comprehensive Educational Leadership Integration,2,2017-01,2019-07,28,30,1,Teachers College,0,,"Endorsement Preparation Program, Educational Leadership | Master of Science, Educational Leadership","Endorsement Preparation Program, Educational Leadership"
LFT1,RETIRED,"Student, Stakeholder, and Market Focus for Educational",5,2017-01,2019-07,28,30,1,Teachers College,0,,"Endorsement Preparation Program, Educational Leadership | Master of Science, Educational Leadership","Endorsement Preparation Program, Educational Leadership"
LMT1,RETIRED,"Measurement, Analysis, and Knowledge Management for",4,2017-01,2019-07,28,30,1,Teachers College,0,,"Endorsement Preparation Program, Educational Leadership | Master of Science, Educational Leadership","Endorsement Preparation Program, Educational Leadership"
LNT1,RETIRED,Process Management for Educational Leaders,3,2017-01,2019-07,28,30,1,Teachers College,0,,"Endorsement Preparation Program, Educational Leadership | Master of Science, Educational Leadership","Endorsement Preparation Program, Educational Leadership"
LPA1,RETIRED,"Language Production, Theory and Acquisition",4,2017-01,2026-06,111,113,2,School of Education | Teachers College,0,,"Endorsement Preparation Program, English Language Learning (PreK-12) | Master of Arts, English Language Learning (PreK-12)","Endorsement Preparation Program, English Language Learning | Master of Arts, English Language Learning"
LPT1,RETIRED,Performance Excellence Criteria for Educational Leaders,4,2017-01,2019-07,28,30,1,Teachers College,0,,"Endorsement Preparation Program, Educational Leadership | Master of Science, Educational Leadership","Endorsement Preparation Program, Educational Leadership"
LQT2,RETIRED,Information Security and Assurance Capstone Project,4,2017-01,2018-12,21,23,1,College of Information Technology,0,,"Master of Science, Cybersecurity and Information Assurance","Master of Science, Cybersecurity and Information Assurance"
LRT1,RETIRED,Practicum in Educational Leadership,7,2017-01,2019-07,28,30,1,Teachers College,0,,"Endorsement Preparation Program, Educational Leadership | Master of Science, Educational Leadership","Endorsement Preparation Program, Educational Leadership"
LST1,RETIRED,Strategic Planning for Educational Leaders,2,2017-01,2019-07,28,30,1,Teachers College,0,,"Endorsement Preparation Program, Educational Leadership | Master of Science, Educational Leadership","Endorsement Preparation Program, Educational Leadership"
LWT1,RETIRED,Workforce Focus for Educational Leaders,4,2017-01,2019-07,28,30,1,Teachers College,0,,"Endorsement Preparation Program, Educational Leadership | Master of Science, Educational Leadership","Endorsement Preparation Program, Educational Leadership"
LZT2,RETIRED,"Power, Influence and Leadership",3,2017-01,2026-01,106,108,2,College of Information Technology | School of Technology,0,,"Master of Science, Information Technology Management","Master of Science, Information Technology Management | Master of Science, Information Technology Management portion"
MAT2,RETIRED,Information Technology Management,3,2017-01,2018-01,10,12,1,College of Information Technology,0,,"Master of Science, Information Technology Management","Master of Science, Information Technology Management"
MBT2,RETIRED,Technological Globalization,3,2017-01,2026-01,106,108,2,College of Information Technology | School of Technology,0,,"Master of Science, Information Technology Management","Master of Science, Information Technology Management | Master of Science, Information Technology Management portion"
MCT2,RETIRED,Technical Writing,3,2017-01,2018-01,9,12,1,College of Information Technology,0,,"Master of Science, Information Technology Management","Master of Science, Information Technology Management"
MEC1,RETIRED,Foundations of Measurement and Evaluation,2,2017-01,2022-10,67,69,1,Teachers College,0,,"Master of Education, Instructional Design","Master of Education, Instructional Design"
MFT2,RETIRED,Mathematics (K-6) Portfolio Oral Defense,2,2017-01,2026-06,111,113,2,School of Education | Teachers College,0,,"Master of Arts, Mathematics Education (K-6)","Master of Arts, Mathematics Education (K-6)"
MGT2,RETIRED,IT Project Management,3,2017-01,2026-06,111,113,2,College of Business | School of Business,0,,"MBA, IT Management","MBA, IT Management"
MMT2,RETIRED,IT Strategic Solutions,4,2017-01,2026-06,111,113,2,College of Business | School of Business,0,,"MBA, IT Management","MBA, IT Management"
NBT1,RETIRED,"Classroom Management, Engagement, and Motivation",3,2017-01,2017-05,3,4,1,Teachers College,0,,"Bachelor of Arts, Interdisciplinary Studies (K-8) | Bachelor of Arts, Mathematics (5-12) | Bachelor of Arts, Mathematics (5-9) | Bachelor of Arts, Science (5-12, Bio)","Bachelor of Arts, Interdisciplinary Studies (K-8) | Bachelor of Arts, Mathematics (5-12) | Bachelor of Arts, Mathematics (5-9) | Bachelor of Arts, Science (5-12, Bio)"
NHC1,RETIRED,Introduction to Instructional Planning and Presentation,3,2017-01,2020-06,39,41,1,Teachers College,0,,"Bachelor of Arts, Interdisciplinary Studies (K-8) | Bachelor of Arts, Mathematics (5-12) | Bachelor of Arts, Mathematics (5-9) | Bachelor of Arts, Science (5-12, Bio)","Bachelor of Arts, Elementary Education | Bachelor of Arts, Special Education and Elementary Education (Dual Licensure) | Bachelor of Arts, Special Education, Mild to Moderate | Bachelor of Science, Mathematics Education (Middle Grades)"
NMA1,RETIRED,Professional Role of the ELL Teacher,2,2017-01,2026-06,111,113,2,School of Education | Teachers College,0,,"Endorsement Preparation Program, English Language Learning (PreK-12) | Master of Arts, English Language Learning (PreK-12)","Endorsement Preparation Program, English Language Learning | Master of Arts, English Language Learning"
NNA1,RETIRED,"Planning, Implementing, Managing Instruction",4,2017-01,2026-06,111,113,2,School of Education | Teachers College,0,,"Endorsement Preparation Program, English Language Learning (PreK-12) | Master of Arts, English Language Learning (PreK-12)","Endorsement Preparation Program, English Language Learning | Master of Arts, English Language Learning"
OOT2,RETIRED,Mathematics History and Technology,2,2017-01,2026-06,111,113,2,School of Education | Teachers College,0,,"Master of Arts in Teaching, Mathematics (5-12) | Master of Arts in Teaching, Mathematics (5-9) | Master of Arts, Mathematics Education (5-12) | Master of Arts, Mathematics Education (5-9)",Master of Arts in Mathematics Education (Middle Grades) | Master of Arts in Mathematics Education (Secondary)
OPT2,RETIRED,Mathematics Learning and Teaching,2,2017-01,2026-06,111,113,2,School of Education | Teachers College,0,,"Master of Arts in Teaching, Mathematics (5-12) | Master of Arts in Teaching, Mathematics (5-9) | Master of Arts, Mathematics Education (5-12) | Master of Arts, Mathematics Education (5-9)",Master of Arts in Mathematics Education (Middle Grades) | Master of Arts in Mathematics Education (Secondary)
ORT2,RETIRED,Science Teaching and Learning,2,2017-01,2017-05,3,4,1,Teachers College,0,,"Master of Arts in Teaching, Science (5-12) | Master of Arts in Teaching, Science (5-9) | Master of Arts, Science Education (5-12, Bio) | Master of Arts, Science Education (5-12, Chemistry)","Master of Arts in Teaching, Science (5-12) | Master of Arts in Teaching, Science (5-9) | Master of Arts, Science Education (5-12, Bio) | Master of Arts, Science Education (5-12, Chemistry)"
PFHM,RETIRED,Business - HR Management Portfolio Requirement,3,2017-01,2020-01,34,36,1,College of Business,0,,"Bachelor of Science, Business - Human Resource Management","Bachelor of Science, Business - Human Resource Management"
PFIT,RETIRED,Business - IT Management Portfolio Requirement,3,2017-01,2026-06,111,113,2,College of Business | School of Business,1,Business - IT Management Portfolio,"Bachelor of Science, Business - Information Technology Management","Bachelor of Science, Information Technology Management"
QDT1,RETIRED,Abstract Algebra,3,2017-01,2025-01,94,96,2,School of Education | Teachers College,0,,"Bachelor of Arts, Mathematics (5-12)","Bachelor of Arts, Educational Studies in Secondary Mathematics Education | Bachelor of Science, Mathematics Education (Secondary)"
QDT2,RETIRED,Abstract Algebra,2,2017-01,2026-06,111,113,2,School of Education | Teachers College,0,,"Master of Arts, Mathematics Education (5-12)",Master of Arts in Mathematics Education (Secondary)
QET1,RETIRED,Business - HR Management Capstone Project,4,2017-01,2023-01,70,72,1,College of Business,0,,"Bachelor of Science, Business - Human Resource Management","Bachelor of Science Business Administration, Human Resource Management"
QFT1,RETIRED,Business - IT Management Capstone Project,4,2017-01,2026-06,111,113,2,College of Business | School of Business,0,,"Bachelor of Science, Business - Information Technology Management","Bachelor of Science, Information Technology Management"
QGT1,RETIRED,Business Management Capstone Written Project,4,2017-01,2026-06,111,113,2,College of Business | School of Business,1,Business Management Capstone Written,"Bachelor of Science, Business Management","Bachelor of Science, Business Management"
QHT1,RETIRED,Business Management Tasks,3,2017-01,2026-06,111,113,2,College of Business | School of Business,0,,"Bachelor of Science, Business Management","Bachelor of Science, Business Management | Bachelor of Science, Marketing"
QIT1,RETIRED,Business Marketing Management Capstone Written Project,4,2017-01,2020-09,42,44,1,College of Business,0,,"Bachelor of Science, Marketing Management","Bachelor of Science Business Administration, Marketing"
QJT2,RETIRED,Calculus I,2,2017-01,2026-06,111,113,2,School of Education | Teachers College,0,,"Master of Arts, Mathematics Education (5-9)",Master of Arts in Mathematics Education (Middle Grades)
QQT1,RETIRED,Earth and Space Science,5,2017-01,2017-05,3,4,1,Teachers College,0,,"Bachelor of Arts, Science (5-12, Geo) | Bachelor of Arts, Science (5-9)","Bachelor of Arts, Science (5-12, Geo) | Bachelor of Arts, Science (5-9)"
QQT2,RETIRED,Earth and Space Science,3,2017-01,2017-05,3,4,1,Teachers College,0,,"Master of Arts, Science Education (5-12, Geo) | Master of Arts, Science Education (5-9)","Master of Arts, Science Education (5-12, Geo) | Master of Arts, Science Education (5-9)"
QTT2,RETIRED,Finite Mathematics,2,2017-01,2026-06,111,113,2,School of Education | Teachers College,0,,"Master of Arts, Mathematics Education (5-9) | Master of Arts, Mathematics Education (K-6)","Master of Arts in Mathematics Education (Middle Grades) | Master of Arts, Mathematics Education (K-6)"
RJT1,RETIRED,Principles of Biology,5,2017-01,2017-05,3,4,1,Teachers College,0,,"Bachelor of Arts, Science (5-12, Bio) | Bachelor of Arts, Science (5-9)","Bachelor of Arts, Science (5-12, Bio) | Bachelor of Arts, Science (5-9)"
RJT2,RETIRED,Principles of Biology,3,2017-01,2017-05,3,4,1,Teachers College,0,,"Master of Arts, Science Education (5-12, Bio) | Master of Arts, Science Education (5-9)","Master of Arts, Science Education (5-12, Bio) | Master of Arts, Science Education (5-9)"
RKT1,RETIRED,Linear Algebra,3,2017-01,2025-01,94,96,2,School of Education | Teachers College,0,,"Bachelor of Arts, Mathematics (5-12)","Bachelor of Arts, Educational Studies in Secondary Mathematics Education | Bachelor of Science, Mathematics Education (Secondary)"
RKT2,RETIRED,Linear Algebra,2,2017-01,2026-06,111,113,2,School of Education | Teachers College,0,,"Master of Arts, Mathematics Education (5-12)",Master of Arts in Mathematics Education (Secondary)
RNT1,RETIRED,General Physics,5,2017-01,2025-02,95,97,2,School of Education | Teachers College,0,,"Bachelor of Arts, Science (5-9)","Bachelor of Arts, Educational Studies in Middle Grades Science Education | Bachelor of Science, Science Education (Middle Grades)"
RNT2,RETIRED,General Physics,3,2017-01,2026-06,111,113,2,School of Education | Teachers College,0,,"Master of Arts, Science Education (5-9)",Master of Arts Science Education (Middle Grades) | Master of Arts Science Education (Secondary Earth Science)
ROT2,RETIRED,Pre-Calculus,2,2017-01,2017-05,3,4,1,Teachers College,0,,"Master of Arts, Mathematics Education (5-12) | Master of Arts, Mathematics Education (5-9) | Master of Arts, Science Education (5-12, Geo)","Master of Arts, Mathematics Education (5-12) | Master of Arts, Mathematics Education (5-9) | Master of Arts, Science Education (5-12, Geo)"
RXT2,RETIRED,Precalculus and Calculus,2,2017-01,2026-06,111,113,2,School of Education | Teachers College,0,,"Master of Arts, Science Education (5-12, Chemistry) | Master of Arts, Science Education (5-12, Physics)",Master of Arts Science Education (Secondary Chemistry) | Master of Arts Science Education (Secondary Physics)
SJT2,RETIRED,Advanced Networking Technology,3,2017-01,2018-06,15,17,1,College of Information Technology,0,,"Master of Science, Information Technology Management","Master of Science, Information Technology Management"
SLO1,RETIRED,Theories of Second Language Acquisition and Grammar,3,2017-01,2026-06,111,113,2,School of Education | Teachers College,1,Theories of Second Language Acquisition and,"Endorsement Preparation Program, English Language Learning (PreK-12) | Master of Arts, English Language Learning (PreK-12)","Endorsement Preparation Program, English Language Learning | Master of Arts, English Language Learning"
SPT2,RETIRED,Social Science Pedagogy,2,2017-01,2017-05,3,4,1,Teachers College,0,,"Master of Arts in Teaching, Social Science (5-12) | Post-baccalaureate Teacher Preparation, Social Science (5-12)","Master of Arts in Teaching, Social Science (5-12) | Post-baccalaureate Teacher Preparation, Social Science (5-12)"
SRT1,RETIRED,Calculus III and Analysis,3,2017-01,2017-05,3,4,1,Teachers College,0,,"Bachelor of Arts, Mathematics (5-12)","Bachelor of Arts, Mathematics (5-12)"
SRT2,RETIRED,Calculus III and Analysis,2,2017-01,2017-05,3,4,1,Teachers College,0,,"Master of Arts, Mathematics Education (5-12)","Master of Arts, Mathematics Education (5-12)"
TAT2,RETIRED,Technology Production,4,2017-01,2022-10,67,69,1,Teachers College,0,,"Master of Education, Learning and Technology","Master of Education, Learning and Technology"
TDT1,RETIRED,Technology Design Portfolio,2,2017-01,2022-10,67,69,1,Teachers College,0,,"Master of Education, Learning and Technology","Master of Education, Learning and Technology"
TET1,RETIRED,Issues in Technology Integration,2,2017-01,2022-10,67,69,1,Teachers College,0,,"Master of Education, Learning and Technology","Master of Education, Learning and Technology"
TFT2,RETIRED,"Cyberlaw, Regulations, and Compliance",3,2017-01,2018-12,21,23,1,College of Information Technology,0,,"Master of Science, Cybersecurity and Information Assurance | Master of Science, Information Technology Management","Master of Science, Cybersecurity and Information Assurance"
TOC2,RETIRED,Probability and Statistics I,2,2017-01,2026-06,111,113,2,School of Education | Teachers College,0,,"Master of Arts, Mathematics Education (5-12) | Master of Arts, Mathematics Education (5-9)",Master of Arts in Mathematics Education (Middle Grades) | Master of Arts in Mathematics Education (Secondary)
TQC1,RETIRED,Probability and Statistics II,3,2017-01,2025-01,94,96,2,School of Education | Teachers College,0,,"Bachelor of Arts, Mathematics (5-12)","Bachelor of Arts, Educational Studies in Secondary Mathematics Education | Bachelor of Science, Mathematics Education (Secondary)"
TQC2,RETIRED,Probability and Statistics II,2,2017-01,2026-06,111,113,2,School of Education | Teachers College,0,,"Master of Arts, Mathematics Education (5-12)",Master of Arts in Mathematics Education (Secondary)
TSC2,RETIRED,General Chemistry I,2,2017-01,2018-04,13,15,1,Teachers College,0,,"Master of Arts, Science Education (5-12, Bio) | Master of Arts, Science Education (5-12, Chemistry) | Master of Arts, Science Education (5-12, Geo) | Master of Arts, Science Education (5-12, Physics)","Master of Arts, Science Education (5-12, Bio) | Master of Arts, Science Education (5-12, Chemistry) | Master of Arts, Science Education (5-12, Geo) | Master of Arts, Science Education (5-12, Physics)"
TSP1,RETIRED,General Chemistry Laboratory I,1,2017-01,2018-04,13,15,1,Teachers College,0,,"Bachelor of Arts, Science (5-12, Bio) | Bachelor of Arts, Science (5-12, Chemistry) | Bachelor of Arts, Science (5-12, Geo) | Bachelor of Arts, Science (5-12, Physics)","Bachelor of Arts, Science (5-12, Bio) | Bachelor of Arts, Science (5-12, Chemistry) | Bachelor of Arts, Science (5-12, Geo) | Bachelor of Arts, Science (5-12, Physics)"
TSP2,RETIRED,General Chemistry Laboratory I,1,2017-01,2018-04,13,15,1,Teachers College,0,,"Master of Arts, Science Education (5-12, Bio) | Master of Arts, Science Education (5-12, Chemistry) | Master of Arts, Science Education (5-12, Geo) | Master of Arts, Science Education (5-12, Physics)","Master of Arts, Science Education (5-12, Bio) | Master of Arts, Science Education (5-12, Chemistry) | Master of Arts, Science Education (5-12, Geo) | Master of Arts, Science Education (5-12, Physics)"
TUC2,RETIRED,General Chemistry II,2,2017-01,2018-04,13,15,1,Teachers College,0,,"Master of Arts, Science Education (5-12, Bio) | Master of Arts, Science Education (5-12, Chemistry) | Master of Arts, Science Education (5-12, Geo) | Master of Arts, Science Education (5-12, Physics)","Master of Arts, Science Education (5-12, Chemistry)"
TUP1,RETIRED,General Chemistry Laboratory II,1,2017-01,2018-04,13,15,1,Teachers College,0,,"Bachelor of Arts, Science (5-12, Bio) | Bachelor of Arts, Science (5-12, Chemistry) | Bachelor of Arts, Science (5-12, Geo) | Bachelor of Arts, Science (5-12, Physics)","Bachelor of Arts, Science (5-12, Chemistry)"
TUP2,RETIRED,General Chemistry Laboratory II,1,2017-01,2018-04,13,15,1,Teachers College,0,,"Master of Arts, Science Education (5-12, Bio) | Master of Arts, Science Education (5-12, Chemistry) | Master of Arts, Science Education (5-12, Geo) | Master of Arts, Science Education (5-12, Physics)","Master of Arts, Science Education (5-12, Chemistry)"
TVT2,RETIRED,"Governance, Finance, Law, and Leadership for Principals",6,2017-01,2019-07,28,30,1,Teachers College,0,,"Endorsement Preparation Program, Educational Leadership | Master of Science, Educational Leadership","Endorsement Preparation Program, Educational Leadership"
UFC1,RETIRED,Managerial Accounting,3,2017-01,2020-01,34,36,1,College of Business,0,,"Bachelor of Science, Accounting | Bachelor of Science, Business - Healthcare Management | Bachelor of Science, Business - Human Resource Management | Bachelor of Science, Business - Information Technology Management","Bachelor of Science, Accounting | Bachelor of Science, Business - Healthcare Management | Bachelor of Science, Business - Human Resource Management | Bachelor of Science, Business - Information Technology Management"
UQT1,RETIRED,Organic Chemistry,3,2017-01,2025-01,94,96,2,School of Education | Teachers College,0,,"Bachelor of Arts, Science (5-12, Chemistry)","Bachelor of Arts, Educational Studies in Secondary Chemistry Science Education | Bachelor of Science, Science Education (Secondary Chemistry)"
VCT2,RETIRED,Teacher Work Sample in Mathematics,1,2017-01,2017-05,3,4,1,Teachers College,0,,"Master of Arts in Teaching, Mathematics (5-12) | Master of Arts in Teaching, Mathematics (5-9) | Post-baccalaureate Teacher Preparation, Mathematics (5-12) | Post-baccalaureate Teacher Preparation, Mathematics (5-9)","Master of Arts in Teaching, Mathematics (5-12) | Master of Arts in Teaching, Mathematics (5-9) | Post-baccalaureate Teacher Preparation, Mathematics (5-12) | Post-baccalaureate Teacher Preparation, Mathematics (5-9)"
VFT2,RETIRED,Teacher Work Sample in Science,1,2017-01,2017-05,3,4,1,Teachers College,0,,"Master of Arts in Teaching, Science (5-12) | Master of Arts in Teaching, Science (5-9) | Post-baccalaureate Teacher Preparation, Science (5-12) | Post-baccalaureate Teacher Preparation, Science (5-9)","Master of Arts in Teaching, Science (5-12) | Master of Arts in Teaching, Science (5-9) | Post-baccalaureate Teacher Preparation, Science (5-12) | Post-baccalaureate Teacher Preparation, Science (5-9)"
VLT2,RETIRED,Security Policies and Standards - Best Practices,3,2017-01,2018-12,21,23,1,College of Information Technology,0,,"Master of Science, Cybersecurity and Information Assurance","Master of Science, Cybersecurity and Information Assurance"
VYC1,RETIRED,Principles of Accounting,4,2017-01,2020-01,34,36,1,College of Business,0,,"Bachelor of Science, Accounting | Bachelor of Science, Business - Healthcare Management | Bachelor of Science, Business - Human Resource Management | Bachelor of Science, Business - Information Technology Management","Bachelor of Science, Accounting | Bachelor of Science, Business - Healthcare Management | Bachelor of Science, Business - Human Resource Management | Bachelor of Science, Business - Information Technology Management"
VZT1,RETIRED,Marketing Applications,3,2017-01,2026-06,111,113,2,College of Business | School of Business,0,,"Bachelor of Science, Business - Information Technology Management | Bachelor of Science, Business Management | Bachelor of Science, Marketing Management","Bachelor of Science, Marketing"
